2025-03-26 11:08:58,686 Hello! This is SL-CAT.
2025-03-26 11:08:58,688 Total params: 14,925,673
2025-03-26 11:08:58,689 Trainable parameters: ['decoder.layer_norm.bias', 'decoder.layer_norm.weight', 'decoder.layers.0.dec_layer_norm.bias', 'decoder.layers.0.dec_layer_norm.weight', 'decoder.layers.0.feed_forward.layer_norm.bias', 'decoder.layers.0.feed_forward.layer_norm.weight', 'decoder.layers.0.feed_forward.pwff_layer.0.bias', 'decoder.layers.0.feed_forward.pwff_layer.0.weight', 'decoder.layers.0.feed_forward.pwff_layer.3.bias', 'decoder.layers.0.feed_forward.pwff_layer.3.weight', 'decoder.layers.0.output_norm.bias', 'decoder.layers.0.output_norm.weight', 'decoder.layers.0.src_trg_att.k_layer.bias', 'decoder.layers.0.src_trg_att.k_layer.weight', 'decoder.layers.0.src_trg_att.output_layer.bias', 'decoder.layers.0.src_trg_att.output_layer.weight', 'decoder.layers.0.src_trg_att.q_layer.bias', 'decoder.layers.0.src_trg_att.q_layer.weight', 'decoder.layers.0.src_trg_att.v_layer.bias', 'decoder.layers.0.src_trg_att.v_layer.weight', 'decoder.layers.0.trg_trg_att.k_layer.bias', 'decoder.layers.0.trg_trg_att.k_layer.weight', 'decoder.layers.0.trg_trg_att.output_layer.bias', 'decoder.layers.0.trg_trg_att.output_layer.weight', 'decoder.layers.0.trg_trg_att.q_layer.bias', 'decoder.layers.0.trg_trg_att.q_layer.weight', 'decoder.layers.0.trg_trg_att.v_layer.bias', 'decoder.layers.0.trg_trg_att.v_layer.weight', 'decoder.layers.0.x_layer_norm.bias', 'decoder.layers.0.x_layer_norm.weight', 'decoder.output_layer.weight', 'decoder.tokenTypeEmbedding.weight', 'encoder.layer_norm.bias', 'encoder.layer_norm.weight', 'encoder.layers.0.FF2.module.layer_norm.bias', 'encoder.layers.0.FF2.module.layer_norm.weight', 'encoder.layers.0.FF2.module.pwff_layer.0.bias', 'encoder.layers.0.FF2.module.pwff_layer.0.weight', 'encoder.layers.0.FF2.module.pwff_layer.3.bias', 'encoder.layers.0.FF2.module.pwff_layer.3.weight', 'encoder.layers.0.att.module.attention.att_layer.bias', 'encoder.layers.0.att.module.attention.att_layer.weight', 'encoder.layers.0.att.module.attention.k_layer.bias', 'encoder.layers.0.att.module.attention.k_layer.weight', 'encoder.layers.0.att.module.attention.output_layer.bias', 'encoder.layers.0.att.module.attention.output_layer.weight', 'encoder.layers.0.att.module.attention.q_layer.bias', 'encoder.layers.0.att.module.attention.q_layer.weight', 'encoder.layers.0.att.module.attention.sample_offsets.bias', 'encoder.layers.0.att.module.attention.sample_offsets.weight', 'encoder.layers.0.att.module.attention.v_layer.bias', 'encoder.layers.0.att.module.attention.v_layer.weight', 'encoder.layers.0.att.module.layer_norm.bias', 'encoder.layers.0.att.module.layer_norm.weight', 'encoder.layers.0.convMod.module.dep1.conv.bias', 'encoder.layers.0.convMod.module.dep1.conv.weight', 'encoder.layers.0.convMod.module.layerNorm.bias', 'encoder.layers.0.convMod.module.layerNorm.weight', 'encoder.layers.0.convMod.module.layerNorm2.bias', 'encoder.layers.0.convMod.module.layerNorm2.weight', 'encoder.layers.0.convMod.module.point1.conv.bias', 'encoder.layers.0.convMod.module.point1.conv.weight', 'encoder.layers.0.convMod.module.point2.conv.bias', 'encoder.layers.0.convMod.module.point2.conv.weight', 'encoder.layers.0.layerNORM.bias', 'encoder.layers.0.layerNORM.weight', 'sgn_embed.bn_ac.0.bias', 'sgn_embed.bn_ac.0.weight', 'sgn_embed.src_emb.bias', 'sgn_embed.src_emb.weight', 'txt_embed.lut.weight', 'txt_embed.norm.norm.bias', 'txt_embed.norm.norm.weight', 'vis_extractor.resnet.bn1.bias', 'vis_extractor.resnet.bn1.weight', 'vis_extractor.resnet.conv1.weight', 'vis_extractor.resnet.layer1.0.bn1.bias', 'vis_extractor.resnet.layer1.0.bn1.weight', 'vis_extractor.resnet.layer1.0.bn2.bias', 'vis_extractor.resnet.layer1.0.bn2.weight', 'vis_extractor.resnet.layer1.0.conv1.weight', 'vis_extractor.resnet.layer1.0.conv2.weight', 'vis_extractor.resnet.layer1.1.bn1.bias', 'vis_extractor.resnet.layer1.1.bn1.weight', 'vis_extractor.resnet.layer1.1.bn2.bias', 'vis_extractor.resnet.layer1.1.bn2.weight', 'vis_extractor.resnet.layer1.1.conv1.weight', 'vis_extractor.resnet.layer1.1.conv2.weight', 'vis_extractor.resnet.layer2.0.bn1.bias', 'vis_extractor.resnet.layer2.0.bn1.weight', 'vis_extractor.resnet.layer2.0.bn2.bias', 'vis_extractor.resnet.layer2.0.bn2.weight', 'vis_extractor.resnet.layer2.0.conv1.weight', 'vis_extractor.resnet.layer2.0.conv2.weight', 'vis_extractor.resnet.layer2.0.downsample.0.weight', 'vis_extractor.resnet.layer2.0.downsample.1.bias', 'vis_extractor.resnet.layer2.0.downsample.1.weight', 'vis_extractor.resnet.layer2.1.bn1.bias', 'vis_extractor.resnet.layer2.1.bn1.weight', 'vis_extractor.resnet.layer2.1.bn2.bias', 'vis_extractor.resnet.layer2.1.bn2.weight', 'vis_extractor.resnet.layer2.1.conv1.weight', 'vis_extractor.resnet.layer2.1.conv2.weight', 'vis_extractor.resnet.layer3.0.bn1.bias', 'vis_extractor.resnet.layer3.0.bn1.weight', 'vis_extractor.resnet.layer3.0.bn2.bias', 'vis_extractor.resnet.layer3.0.bn2.weight', 'vis_extractor.resnet.layer3.0.conv1.weight', 'vis_extractor.resnet.layer3.0.conv2.weight', 'vis_extractor.resnet.layer3.0.downsample.0.weight', 'vis_extractor.resnet.layer3.0.downsample.1.bias', 'vis_extractor.resnet.layer3.0.downsample.1.weight', 'vis_extractor.resnet.layer3.1.bn1.bias', 'vis_extractor.resnet.layer3.1.bn1.weight', 'vis_extractor.resnet.layer3.1.bn2.bias', 'vis_extractor.resnet.layer3.1.bn2.weight', 'vis_extractor.resnet.layer3.1.conv1.weight', 'vis_extractor.resnet.layer3.1.conv2.weight', 'vis_extractor.resnet.layer4.0.bn1.bias', 'vis_extractor.resnet.layer4.0.bn1.weight', 'vis_extractor.resnet.layer4.0.bn2.bias', 'vis_extractor.resnet.layer4.0.bn2.weight', 'vis_extractor.resnet.layer4.0.conv1.weight', 'vis_extractor.resnet.layer4.0.conv2.weight', 'vis_extractor.resnet.layer4.0.downsample.0.weight', 'vis_extractor.resnet.layer4.0.downsample.1.bias', 'vis_extractor.resnet.layer4.0.downsample.1.weight', 'vis_extractor.resnet.layer4.1.bn1.bias', 'vis_extractor.resnet.layer4.1.bn1.weight', 'vis_extractor.resnet.layer4.1.bn2.bias', 'vis_extractor.resnet.layer4.1.bn2.weight', 'vis_extractor.resnet.layer4.1.conv1.weight', 'vis_extractor.resnet.layer4.1.conv2.weight']
2025-03-26 11:08:58,697 cfg.name                           : sign_experiment
2025-03-26 11:08:58,697 cfg.data.img_path                  : ../../PHOENIX-2014-T-release-v3/PHOENIX-2014-T/features/fullFrame-210x260px/
2025-03-26 11:08:58,697 cfg.data.version                   : phoenix_2014_trans
2025-03-26 11:08:58,697 cfg.data.sgn                       : sign
2025-03-26 11:08:58,697 cfg.data.txt                       : text
2025-03-26 11:08:58,698 cfg.data.gls                       : gloss
2025-03-26 11:08:58,698 cfg.data.train_path                : ./data/Phonexi-2014T/labels.train
2025-03-26 11:08:58,698 cfg.data.dev_path                  : ./data/Phonexi-2014T/labels.dev
2025-03-26 11:08:58,698 cfg.data.test_path                 : ./data/Phonexi-2014T/labels.test
2025-03-26 11:08:58,698 cfg.data.feature_size              : 512
2025-03-26 11:08:58,698 cfg.data.level                     : word
2025-03-26 11:08:58,699 cfg.data.txt_lowercase             : True
2025-03-26 11:08:58,699 cfg.data.max_sent_length           : 400
2025-03-26 11:08:58,699 cfg.data.random_train_subset       : -1
2025-03-26 11:08:58,699 cfg.data.random_dev_subset         : -1
2025-03-26 11:08:58,699 cfg.data.multimodal                : 0.0
2025-03-26 11:08:58,699 cfg.data.max_length                : 500
2025-03-26 11:08:58,700 cfg.testing.recognition_beam_sizes : [1, 2, 3, 4, 5, 6, 7, 8, 9, 10]
2025-03-26 11:08:58,700 cfg.testing.translation_beam_sizes : [1, 2, 3, 4, 5, 6, 7, 8, 9, 10]
2025-03-26 11:08:58,700 cfg.testing.translation_beam_alphas : [-1, 0, 1, 2, 3, 4, 5]
2025-03-26 11:08:58,700 cfg.training.reset_best_ckpt       : False
2025-03-26 11:08:58,700 cfg.training.reset_scheduler       : False
2025-03-26 11:08:58,700 cfg.training.reset_optimizer       : False
2025-03-26 11:08:58,700 cfg.training.random_seed           : 42
2025-03-26 11:08:58,701 cfg.training.model_dir             : ./sign_sample_back_to_word
2025-03-26 11:08:58,701 cfg.training.recognition_loss_weight : 0.0
2025-03-26 11:08:58,701 cfg.training.translation_loss_weight : 1.0
2025-03-26 11:08:58,701 cfg.training.eval_metric           : bleu
2025-03-26 11:08:58,701 cfg.training.optimizer             : sgd
2025-03-26 11:08:58,701 cfg.training.learning_rate         : 0.001
2025-03-26 11:08:58,702 cfg.training.batch_size            : 2
2025-03-26 11:08:58,702 cfg.training.num_valid_log         : 6
2025-03-26 11:08:58,702 cfg.training.epochs                : 1000
2025-03-26 11:08:58,702 cfg.training.early_stopping_metric : eval_metric
2025-03-26 11:08:58,702 cfg.training.batch_type            : sentence
2025-03-26 11:08:58,702 cfg.training.translation_normalization : batch
2025-03-26 11:08:58,703 cfg.training.eval_translation_beam_size : 1
2025-03-26 11:08:58,703 cfg.training.eval_translation_beam_alpha : -1
2025-03-26 11:08:58,703 cfg.training.overwrite             : True
2025-03-26 11:08:58,703 cfg.training.shuffle               : True
2025-03-26 11:08:58,703 cfg.training.use_cuda              : True
2025-03-26 11:08:58,703 cfg.training.translation_max_output_length : 30
2025-03-26 11:08:58,703 cfg.training.keep_last_ckpts       : 1
2025-03-26 11:08:58,704 cfg.training.batch_multiplier      : 1
2025-03-26 11:08:58,704 cfg.training.logging_freq          : 100
2025-03-26 11:08:58,704 cfg.training.validation_freq       : 3500
2025-03-26 11:08:58,704 cfg.training.betas                 : [0.95, 0.998]
2025-03-26 11:08:58,704 cfg.training.scheduling            : plateau
2025-03-26 11:08:58,704 cfg.training.learning_rate_min     : 1e-06
2025-03-26 11:08:58,705 cfg.training.weight_decay          : 0.003
2025-03-26 11:08:58,705 cfg.training.patience              : 10
2025-03-26 11:08:58,705 cfg.training.decrease_factor       : 0.8
2025-03-26 11:08:58,705 cfg.training.label_smoothing       : 0.1
2025-03-26 11:08:58,705 cfg.training.lr_s_dim_model        : 256
2025-03-26 11:08:58,706 cfg.training.warmup_step           : 1000
2025-03-26 11:08:58,706 cfg.training.K                     : 2
2025-03-26 11:08:58,706 cfg.model.transferred_backbone     : False
2025-03-26 11:08:58,706 cfg.model.transferred_backbone_path : signformer_trained_CNN.pth
2025-03-26 11:08:58,706 cfg.model.initializer              : xavier
2025-03-26 11:08:58,706 cfg.model.bias_initializer         : zeros
2025-03-26 11:08:58,707 cfg.model.init_gain                : 1.0
2025-03-26 11:08:58,707 cfg.model.embed_initializer        : xavier
2025-03-26 11:08:58,707 cfg.model.embed_init_gain          : 1.0
2025-03-26 11:08:58,707 cfg.model.tied_softmax             : False
2025-03-26 11:08:58,707 cfg.model.cope                     : False
2025-03-26 11:08:58,707 cfg.model.encoder.type             : transformer
2025-03-26 11:08:58,708 cfg.model.encoder.num_layers       : 1
2025-03-26 11:08:58,708 cfg.model.encoder.num_heads        : 8
2025-03-26 11:08:58,708 cfg.model.encoder.embeddings.embedding_dim : 256
2025-03-26 11:08:58,708 cfg.model.encoder.embeddings.scale : False
2025-03-26 11:08:58,708 cfg.model.encoder.embeddings.dropout : 0.1
2025-03-26 11:08:58,708 cfg.model.encoder.embeddings.norm_type : batch
2025-03-26 11:08:58,709 cfg.model.encoder.embeddings.activation_type : softsign
2025-03-26 11:08:58,709 cfg.model.encoder.hidden_size      : 256
2025-03-26 11:08:58,709 cfg.model.encoder.ff_size          : 1024
2025-03-26 11:08:58,709 cfg.model.encoder.dropout          : 0.1
2025-03-26 11:08:58,709 cfg.model.decoder.type             : transformer
2025-03-26 11:08:58,710 cfg.model.decoder.num_layers       : 1
2025-03-26 11:08:58,710 cfg.model.decoder.num_heads        : 8
2025-03-26 11:08:58,710 cfg.model.decoder.embeddings.embedding_dim : 256
2025-03-26 11:08:58,710 cfg.model.decoder.embeddings.scale : False
2025-03-26 11:08:58,710 cfg.model.decoder.embeddings.dropout : 0.1
2025-03-26 11:08:58,711 cfg.model.decoder.embeddings.norm_type : batch
2025-03-26 11:08:58,711 cfg.model.decoder.embeddings.activation_type : softsign
2025-03-26 11:08:58,711 cfg.model.decoder.hidden_size      : 256
2025-03-26 11:08:58,711 cfg.model.decoder.ff_size          : 1024
2025-03-26 11:08:58,711 cfg.model.decoder.dropout          : 0.1
2025-03-26 11:08:58,711 Data set sizes: 
	train 7096,
	valid 519,
	test 642
2025-03-26 11:08:58,712 First 10 words (txt): (0) <unk> (1) <pad> (2) <s> (3) </s> (4) und (5) im (6) es (7) der (8) am (9) in
2025-03-26 11:08:58,712 Number of unique words (types): 2891
2025-03-26 11:08:58,713 SignModel(
	encoder=TransformerEncoder(
  (layers): ModuleList(
    (0): CA_TransformerEncoderLayer(
      (att): ResidualConnectionModule(
        (module): GlossFreeAttentionModule(
          (layer_norm): LayerNorm((256,), eps=1e-05, elementwise_affine=True)
          (attention): DeformableMultiHeadedAttention(
            (k_layer): Linear(in_features=256, out_features=256, bias=True)
            (v_layer): Linear(in_features=256, out_features=256, bias=True)
            (q_layer): Linear(in_features=256, out_features=256, bias=True)
            (sample_offsets): Linear(in_features=256, out_features=40, bias=True)
            (output_layer): Linear(in_features=256, out_features=256, bias=True)
            (softmax): Softmax(dim=-1)
            (dropout): Dropout(p=0.1, inplace=False)
            (att_layer): Linear(in_features=256, out_features=1, bias=True)
          )
          (dropout): Dropout(p=0.1, inplace=False)
        )
      )
      (convMod): ResidualConnectionModule(
        (module): ConvModule(
          (layerNorm): LayerNorm((256,), eps=1e-05, elementwise_affine=True)
          (layerNorm2): LayerNorm((256,), eps=1e-05, elementwise_affine=True)
          (point1): PointwiseConv1d(
            (conv): Conv1d(256, 512, kernel_size=(1,), stride=(1,))
          )
          (dep1): DepthwiseConv1d(
            (conv): Conv1d(512, 512, kernel_size=(31,), stride=(1,), padding=(15,), groups=512)
          )
          (point2): PointwiseConv1d(
            (conv): Conv1d(512, 256, kernel_size=(1,), stride=(1,))
          )
          (relu6): ReLU6()
          (dropout): Dropout(p=0.1, inplace=False)
        )
      )
      (FF2): ResidualConnectionModule(
        (module): PositionwiseFeedForward(
          (layer_norm): LayerNorm((256,), eps=1e-06, elementwise_affine=True)
          (pwff_layer): Sequential(
            (0): Linear(in_features=256, out_features=1024, bias=True)
            (1): ReLU()
            (2): Dropout(p=0.1, inplace=False)
            (3): Linear(in_features=1024, out_features=256, bias=True)
            (4): Dropout(p=0.1, inplace=False)
          )
        )
      )
      (layerNORM): LayerNorm((256,), eps=1e-05, elementwise_affine=True)
    )
  )
  (layer_norm): LayerNorm((256,), eps=1e-06, elementwise_affine=True)
  (emb_dropout): Dropout(p=0.1, inplace=False)
  (pe): PositionalEncoding()
),
	decoder=TransformerDecoder(
  (layers): ModuleList(
    (0): TransformerDecoderLayer(
      (trg_trg_att): MultiHeadedAttention(
        (k_layer): Linear(in_features=256, out_features=256, bias=True)
        (v_layer): Linear(in_features=256, out_features=256, bias=True)
        (q_layer): Linear(in_features=256, out_features=256, bias=True)
        (output_layer): Linear(in_features=256, out_features=256, bias=True)
        (softmax): Softmax(dim=-1)
        (dropout): Dropout(p=0.1, inplace=False)
      )
      (src_trg_att): MultiHeadedAttention(
        (k_layer): Linear(in_features=256, out_features=256, bias=True)
        (v_layer): Linear(in_features=256, out_features=256, bias=True)
        (q_layer): Linear(in_features=256, out_features=256, bias=True)
        (output_layer): Linear(in_features=256, out_features=256, bias=True)
        (softmax): Softmax(dim=-1)
        (dropout): Dropout(p=0.1, inplace=False)
      )
      (feed_forward): PositionwiseFeedForward(
        (layer_norm): LayerNorm((256,), eps=1e-06, elementwise_affine=True)
        (pwff_layer): Sequential(
          (0): Linear(in_features=256, out_features=1024, bias=True)
          (1): ReLU()
          (2): Dropout(p=0.1, inplace=False)
          (3): Linear(in_features=1024, out_features=256, bias=True)
          (4): Dropout(p=0.1, inplace=False)
        )
      )
      (x_layer_norm): LayerNorm((256,), eps=1e-06, elementwise_affine=True)
      (dec_layer_norm): LayerNorm((256,), eps=1e-06, elementwise_affine=True)
      (dropout): Dropout(p=0.1, inplace=False)
      (dropout2): Dropout(p=0.1, inplace=False)
      (dropout3): Dropout(p=0.1, inplace=False)
      (output_norm): LayerNorm((256,), eps=1e-05, elementwise_affine=True)
    )
  )
  (pe): PositionalEncoding()
  (layer_norm): LayerNorm((256,), eps=1e-06, elementwise_affine=True)
  (tokenTypeEmbedding): Embedding(2, 256)
  (emb_dropout): Dropout(p=0.1, inplace=False)
  (output_layer): Linear(in_features=256, out_features=2891, bias=False)
),
	sgn_embed=V_encoder(
  (src_emb): Linear(in_features=512, out_features=256, bias=True)
  (bn_ac): Sequential(
    (0): BatchNorm1d(256, eps=1e-05, momentum=0.1, affine=True, track_running_stats=True)
    (1): ReLU(inplace=True)
  )
),
	txt_embed=Embeddings(embedding_dim=256, vocab_size=2891))
2025-03-26 11:08:58,722 EPOCH 1
2025-03-26 11:11:42,127 [Epoch: 001 Step: 00000100] Batch Translation Loss:  77.672340 => Lr: 0.001000
2025-03-26 11:14:34,495 [Epoch: 001 Step: 00000200] Batch Translation Loss:  86.716248 => Lr: 0.001000
2025-03-26 11:17:20,840 [Epoch: 001 Step: 00000300] Batch Translation Loss: 156.244888 => Lr: 0.001000
2025-03-26 11:20:16,382 [Epoch: 001 Step: 00000400] Batch Translation Loss:  57.526222 => Lr: 0.001000
2025-03-26 11:23:14,760 [Epoch: 001 Step: 00000500] Batch Translation Loss: 109.606529 => Lr: 0.001000
2025-03-26 11:26:04,193 [Epoch: 001 Step: 00000600] Batch Translation Loss: 106.857567 => Lr: 0.001000
2025-03-26 11:28:48,967 [Epoch: 001 Step: 00000700] Batch Translation Loss: 102.781708 => Lr: 0.001000
2025-03-26 11:31:35,246 [Epoch: 001 Step: 00000800] Batch Translation Loss:  63.425442 => Lr: 0.001000
2025-03-26 11:34:32,443 [Epoch: 001 Step: 00000900] Batch Translation Loss: 112.718788 => Lr: 0.001000
2025-03-26 11:37:12,462 [Epoch: 001 Step: 00001000] Batch Translation Loss:  41.804348 => Lr: 0.001000
2025-03-26 11:39:58,060 [Epoch: 001 Step: 00001100] Batch Translation Loss: 113.823311 => Lr: 0.001000
2025-03-26 11:42:53,131 [Epoch: 001 Step: 00001200] Batch Translation Loss:  74.628784 => Lr: 0.001000
2025-03-26 11:45:44,451 [Epoch: 001 Step: 00001300] Batch Translation Loss:  78.226616 => Lr: 0.001000
2025-03-26 11:48:30,913 [Epoch: 001 Step: 00001400] Batch Translation Loss: 104.660591 => Lr: 0.001000
2025-03-26 11:51:22,993 [Epoch: 001 Step: 00001500] Batch Translation Loss:  92.535439 => Lr: 0.001000
2025-03-26 11:54:12,915 [Epoch: 001 Step: 00001600] Batch Translation Loss:  52.230049 => Lr: 0.001000
2025-03-26 11:56:59,862 [Epoch: 001 Step: 00001700] Batch Translation Loss:  78.042160 => Lr: 0.001000
2025-03-26 11:59:54,524 [Epoch: 001 Step: 00001800] Batch Translation Loss:  92.067940 => Lr: 0.001000
2025-03-26 12:02:43,660 [Epoch: 001 Step: 00001900] Batch Translation Loss:  36.243973 => Lr: 0.001000
2025-03-26 12:05:38,228 [Epoch: 001 Step: 00002000] Batch Translation Loss:  77.988403 => Lr: 0.001000
2025-03-26 12:08:23,604 [Epoch: 001 Step: 00002100] Batch Translation Loss:  68.801201 => Lr: 0.001000
2025-03-26 12:11:16,877 [Epoch: 001 Step: 00002200] Batch Translation Loss:  45.654705 => Lr: 0.001000
2025-03-26 12:14:05,383 [Epoch: 001 Step: 00002300] Batch Translation Loss: 101.083359 => Lr: 0.001000
2025-03-26 12:16:59,997 [Epoch: 001 Step: 00002400] Batch Translation Loss: 109.967560 => Lr: 0.001000
2025-03-26 12:19:51,123 [Epoch: 001 Step: 00002500] Batch Translation Loss:  98.703300 => Lr: 0.001000
2025-03-26 12:22:44,784 [Epoch: 001 Step: 00002600] Batch Translation Loss: 100.608559 => Lr: 0.001000
2025-03-26 12:25:37,578 [Epoch: 001 Step: 00002700] Batch Translation Loss: 105.160027 => Lr: 0.001000
2025-03-26 12:28:30,726 [Epoch: 001 Step: 00002800] Batch Translation Loss:  94.629272 => Lr: 0.001000
2025-03-26 12:31:19,029 [Epoch: 001 Step: 00002900] Batch Translation Loss:  56.345951 => Lr: 0.001000
2025-03-26 12:34:09,525 [Epoch: 001 Step: 00003000] Batch Translation Loss:  88.232025 => Lr: 0.001000
2025-03-26 12:37:15,653 [Epoch: 001 Step: 00003100] Batch Translation Loss:  65.579315 => Lr: 0.001000
2025-03-26 12:40:20,835 [Epoch: 001 Step: 00003200] Batch Translation Loss:  55.572723 => Lr: 0.001000
2025-03-26 12:43:13,345 [Epoch: 001 Step: 00003300] Batch Translation Loss:  61.362423 => Lr: 0.001000
2025-03-26 12:46:15,376 [Epoch: 001 Step: 00003400] Batch Translation Loss:  88.940666 => Lr: 0.001000
2025-03-26 12:49:08,061 [Epoch: 001 Step: 00003500] Batch Translation Loss:  96.304459 => Lr: 0.001000
2025-03-26 12:55:50,318 Saved 518 text references to ./sign_sample_back_to_word\txt_references_3500.txt and 518 text hypotheses to ./sign_sample_back_to_word\txt_hypotheses_3500.txt
2025-03-26 12:55:50,329 Hooray! New best validation result [eval_metric]!
2025-03-26 12:55:50,329 Saving new checkpoint.
2025-03-26 12:57:18,876 Epoch   1: Total Training Translation Loss 279113.68 
2025-03-26 12:57:18,878 EPOCH 2
2025-03-26 12:58:21,513 [Epoch: 002 Step: 00003600] Batch Translation Loss:  55.966015 => Lr: 0.001000
2025-03-26 13:00:23,913 [Epoch: 002 Step: 00003700] Batch Translation Loss: 121.847992 => Lr: 0.001000
2025-03-26 13:02:25,711 [Epoch: 002 Step: 00003800] Batch Translation Loss: 150.102921 => Lr: 0.001000
2025-03-26 13:04:29,299 [Epoch: 002 Step: 00003900] Batch Translation Loss:  67.984039 => Lr: 0.001000
2025-03-26 13:06:20,620 [Epoch: 002 Step: 00004000] Batch Translation Loss:  40.074612 => Lr: 0.001000
2025-03-26 13:08:20,540 [Epoch: 002 Step: 00004100] Batch Translation Loss:  96.357697 => Lr: 0.001000
2025-03-26 13:10:18,311 [Epoch: 002 Step: 00004200] Batch Translation Loss:  69.437637 => Lr: 0.001000
2025-03-26 13:12:19,705 [Epoch: 002 Step: 00004300] Batch Translation Loss:  68.395447 => Lr: 0.001000
2025-03-26 13:14:13,392 [Epoch: 002 Step: 00004400] Batch Translation Loss:  67.770370 => Lr: 0.001000
2025-03-26 13:16:07,042 [Epoch: 002 Step: 00004500] Batch Translation Loss:  63.040478 => Lr: 0.001000
2025-03-26 13:18:11,075 [Epoch: 002 Step: 00004600] Batch Translation Loss: 111.178131 => Lr: 0.001000
2025-03-26 13:20:16,630 [Epoch: 002 Step: 00004700] Batch Translation Loss: 102.002174 => Lr: 0.001000
2025-03-26 13:22:08,928 [Epoch: 002 Step: 00004800] Batch Translation Loss:  54.822227 => Lr: 0.001000
2025-03-26 13:24:08,095 [Epoch: 002 Step: 00004900] Batch Translation Loss:  73.621254 => Lr: 0.001000
2025-03-26 13:26:16,567 [Epoch: 002 Step: 00005000] Batch Translation Loss:  45.131107 => Lr: 0.001000
2025-03-26 13:28:27,865 [Epoch: 002 Step: 00005100] Batch Translation Loss:  61.352917 => Lr: 0.001000
2025-03-26 13:30:34,376 [Epoch: 002 Step: 00005200] Batch Translation Loss:  68.186157 => Lr: 0.001000
2025-03-26 13:32:40,621 [Epoch: 002 Step: 00005300] Batch Translation Loss:  68.705360 => Lr: 0.001000
2025-03-26 13:34:55,440 [Epoch: 002 Step: 00005400] Batch Translation Loss:  78.515678 => Lr: 0.001000
2025-03-26 13:37:33,151 [Epoch: 002 Step: 00005500] Batch Translation Loss:  50.501076 => Lr: 0.001000
2025-03-26 13:39:54,722 [Epoch: 002 Step: 00005600] Batch Translation Loss:  68.732704 => Lr: 0.001000
2025-03-26 13:42:19,686 [Epoch: 002 Step: 00005700] Batch Translation Loss:  44.203449 => Lr: 0.001000
2025-03-26 13:44:53,006 [Epoch: 002 Step: 00005800] Batch Translation Loss:  53.826107 => Lr: 0.001000
2025-03-26 13:47:33,269 [Epoch: 002 Step: 00005900] Batch Translation Loss: 110.132774 => Lr: 0.001000
2025-03-26 13:50:21,339 [Epoch: 002 Step: 00006000] Batch Translation Loss:  37.215683 => Lr: 0.001000
2025-03-26 13:53:43,396 [Epoch: 002 Step: 00006100] Batch Translation Loss:  80.508987 => Lr: 0.001000
2025-03-26 13:57:06,146 [Epoch: 002 Step: 00006200] Batch Translation Loss:  51.922012 => Lr: 0.001000
2025-03-26 14:00:20,289 [Epoch: 002 Step: 00006300] Batch Translation Loss:  67.555588 => Lr: 0.001000
2025-03-26 14:03:24,544 [Epoch: 002 Step: 00006400] Batch Translation Loss:  79.328552 => Lr: 0.001000
2025-03-26 14:06:23,684 [Epoch: 002 Step: 00006500] Batch Translation Loss:  43.975704 => Lr: 0.001000
2025-03-26 14:09:26,182 [Epoch: 002 Step: 00006600] Batch Translation Loss:  89.012985 => Lr: 0.001000
2025-03-26 14:12:28,004 [Epoch: 002 Step: 00006700] Batch Translation Loss:  47.932850 => Lr: 0.001000
2025-03-26 14:15:43,517 [Epoch: 002 Step: 00006800] Batch Translation Loss:  68.380997 => Lr: 0.001000
2025-03-26 14:18:45,495 [Epoch: 002 Step: 00006900] Batch Translation Loss:  56.617958 => Lr: 0.001000
2025-03-26 14:21:53,636 [Epoch: 002 Step: 00007000] Batch Translation Loss:  90.077812 => Lr: 0.001000
2025-03-26 14:28:26,899 Saved 518 text references to ./sign_sample_back_to_word\txt_references_7000.txt and 518 text hypotheses to ./sign_sample_back_to_word\txt_hypotheses_7000.txt
2025-03-26 14:28:26,901 Hooray! New best validation result [eval_metric]!
2025-03-26 14:28:26,902 Saving new checkpoint.
2025-03-26 14:31:32,644 Epoch   2: Total Training Translation Loss 244926.83 
2025-03-26 14:31:32,646 EPOCH 3
2025-03-26 14:31:37,859 [Epoch: 003 Step: 00007100] Batch Translation Loss:  87.217300 => Lr: 0.001000
2025-03-26 14:33:42,174 [Epoch: 003 Step: 00007200] Batch Translation Loss:  74.886078 => Lr: 0.001000
2025-03-26 14:35:49,304 [Epoch: 003 Step: 00007300] Batch Translation Loss:  53.194473 => Lr: 0.001000
2025-03-26 14:37:49,282 [Epoch: 003 Step: 00007400] Batch Translation Loss:  59.679661 => Lr: 0.001000
2025-03-26 14:39:48,341 [Epoch: 003 Step: 00007500] Batch Translation Loss:  51.284698 => Lr: 0.001000
2025-03-26 14:41:46,228 [Epoch: 003 Step: 00007600] Batch Translation Loss:  50.435047 => Lr: 0.001000
2025-03-26 14:43:49,588 [Epoch: 003 Step: 00007700] Batch Translation Loss:  52.495735 => Lr: 0.001000
2025-03-26 14:45:55,021 [Epoch: 003 Step: 00007800] Batch Translation Loss:  58.184704 => Lr: 0.001000
2025-03-26 14:48:04,172 [Epoch: 003 Step: 00007900] Batch Translation Loss:  41.839504 => Lr: 0.001000
2025-03-26 14:50:18,450 [Epoch: 003 Step: 00008000] Batch Translation Loss:  56.488667 => Lr: 0.001000
2025-03-26 14:52:20,525 [Epoch: 003 Step: 00008100] Batch Translation Loss:  79.371201 => Lr: 0.001000
2025-03-26 14:54:25,343 [Epoch: 003 Step: 00008200] Batch Translation Loss:  29.151411 => Lr: 0.001000
2025-03-26 14:56:31,045 [Epoch: 003 Step: 00008300] Batch Translation Loss:  59.169926 => Lr: 0.001000
2025-03-26 14:58:48,809 [Epoch: 003 Step: 00008400] Batch Translation Loss:  74.497467 => Lr: 0.001000
2025-03-26 15:01:06,292 [Epoch: 003 Step: 00008500] Batch Translation Loss:  39.207176 => Lr: 0.001000
2025-03-26 15:03:24,620 [Epoch: 003 Step: 00008600] Batch Translation Loss:  48.998402 => Lr: 0.001000
2025-03-26 15:05:45,095 [Epoch: 003 Step: 00008700] Batch Translation Loss:  61.767563 => Lr: 0.001000
2025-03-26 15:08:07,996 [Epoch: 003 Step: 00008800] Batch Translation Loss:  69.828102 => Lr: 0.001000
2025-03-26 15:10:21,942 [Epoch: 003 Step: 00008900] Batch Translation Loss:  76.985733 => Lr: 0.001000
2025-03-26 15:12:43,248 [Epoch: 003 Step: 00009000] Batch Translation Loss:  72.654419 => Lr: 0.001000
2025-03-26 15:14:54,319 [Epoch: 003 Step: 00009100] Batch Translation Loss:  57.177380 => Lr: 0.001000
2025-03-26 15:16:58,295 [Epoch: 003 Step: 00009200] Batch Translation Loss:  67.380882 => Lr: 0.001000
2025-03-26 15:19:10,771 [Epoch: 003 Step: 00009300] Batch Translation Loss:  57.265377 => Lr: 0.001000
2025-03-26 15:21:20,678 [Epoch: 003 Step: 00009400] Batch Translation Loss:  50.434689 => Lr: 0.001000
2025-03-26 15:23:37,053 [Epoch: 003 Step: 00009500] Batch Translation Loss:  70.016212 => Lr: 0.001000
2025-03-26 15:26:05,773 [Epoch: 003 Step: 00009600] Batch Translation Loss:  83.472054 => Lr: 0.001000
2025-03-26 15:28:28,198 [Epoch: 003 Step: 00009700] Batch Translation Loss:  59.202534 => Lr: 0.001000
2025-03-26 15:30:58,296 [Epoch: 003 Step: 00009800] Batch Translation Loss:  65.564743 => Lr: 0.001000
2025-03-26 15:33:46,166 [Epoch: 003 Step: 00009900] Batch Translation Loss: 113.982185 => Lr: 0.001000
2025-03-26 15:36:53,663 [Epoch: 003 Step: 00010000] Batch Translation Loss:  99.171486 => Lr: 0.001000
2025-03-26 15:39:54,718 [Epoch: 003 Step: 00010100] Batch Translation Loss:  47.324596 => Lr: 0.001000
2025-03-26 15:43:04,379 [Epoch: 003 Step: 00010200] Batch Translation Loss: 120.114372 => Lr: 0.001000
2025-03-26 15:46:00,909 [Epoch: 003 Step: 00010300] Batch Translation Loss:  39.175865 => Lr: 0.001000
2025-03-26 15:49:06,241 [Epoch: 003 Step: 00010400] Batch Translation Loss:  51.834148 => Lr: 0.001000
2025-03-26 15:52:13,323 [Epoch: 003 Step: 00010500] Batch Translation Loss:  53.706161 => Lr: 0.001000
2025-03-26 15:58:47,434 Saved 518 text references to ./sign_sample_back_to_word\txt_references_10500.txt and 518 text hypotheses to ./sign_sample_back_to_word\txt_hypotheses_10500.txt
2025-03-26 16:01:42,813 [Epoch: 003 Step: 00010600] Batch Translation Loss:  78.790253 => Lr: 0.001000
2025-03-26 16:03:04,008 Epoch   3: Total Training Translation Loss 227448.36 
2025-03-26 16:03:04,011 EPOCH 4
2025-03-26 16:04:06,392 [Epoch: 004 Step: 00010700] Batch Translation Loss:  60.767876 => Lr: 0.001000
2025-03-26 16:05:52,528 [Epoch: 004 Step: 00010800] Batch Translation Loss:  87.179176 => Lr: 0.001000
2025-03-26 16:07:39,646 [Epoch: 004 Step: 00010900] Batch Translation Loss:  52.195686 => Lr: 0.001000
2025-03-26 16:09:26,351 [Epoch: 004 Step: 00011000] Batch Translation Loss:  53.343895 => Lr: 0.001000
2025-03-26 16:11:16,840 [Epoch: 004 Step: 00011100] Batch Translation Loss:  86.799606 => Lr: 0.001000
2025-03-26 16:13:04,060 [Epoch: 004 Step: 00011200] Batch Translation Loss:  55.594810 => Lr: 0.001000
2025-03-26 16:14:57,400 [Epoch: 004 Step: 00011300] Batch Translation Loss:  67.588448 => Lr: 0.001000
2025-03-26 16:16:48,027 [Epoch: 004 Step: 00011400] Batch Translation Loss:  36.737385 => Lr: 0.001000
2025-03-26 16:18:48,403 [Epoch: 004 Step: 00011500] Batch Translation Loss:  34.202282 => Lr: 0.001000
2025-03-26 16:20:39,461 [Epoch: 004 Step: 00011600] Batch Translation Loss:  47.287651 => Lr: 0.001000
2025-03-26 16:22:32,120 [Epoch: 004 Step: 00011700] Batch Translation Loss:  53.995178 => Lr: 0.001000
2025-03-26 16:24:33,451 [Epoch: 004 Step: 00011800] Batch Translation Loss:  41.035645 => Lr: 0.001000
2025-03-26 16:26:32,503 [Epoch: 004 Step: 00011900] Batch Translation Loss:  33.479687 => Lr: 0.001000
2025-03-26 16:28:36,635 [Epoch: 004 Step: 00012000] Batch Translation Loss:  28.018732 => Lr: 0.001000
2025-03-26 16:30:30,703 [Epoch: 004 Step: 00012100] Batch Translation Loss:  63.067001 => Lr: 0.001000
2025-03-26 16:32:33,803 [Epoch: 004 Step: 00012200] Batch Translation Loss:  48.675266 => Lr: 0.001000
2025-03-26 16:34:36,174 [Epoch: 004 Step: 00012300] Batch Translation Loss:  43.283775 => Lr: 0.001000
2025-03-26 16:36:44,587 [Epoch: 004 Step: 00012400] Batch Translation Loss: 110.976852 => Lr: 0.001000
2025-03-26 16:38:46,043 [Epoch: 004 Step: 00012500] Batch Translation Loss: 108.025017 => Lr: 0.001000
2025-03-26 16:40:56,317 [Epoch: 004 Step: 00012600] Batch Translation Loss:  57.032246 => Lr: 0.001000
2025-03-26 16:43:01,479 [Epoch: 004 Step: 00012700] Batch Translation Loss:  24.937950 => Lr: 0.001000
2025-03-26 16:45:34,772 [Epoch: 004 Step: 00012800] Batch Translation Loss:  60.232952 => Lr: 0.001000
2025-03-26 16:48:29,508 [Epoch: 004 Step: 00012900] Batch Translation Loss:  86.654671 => Lr: 0.001000
2025-03-26 16:51:27,343 [Epoch: 004 Step: 00013000] Batch Translation Loss:  64.881012 => Lr: 0.001000
2025-03-26 16:54:27,451 [Epoch: 004 Step: 00013100] Batch Translation Loss:  47.870617 => Lr: 0.001000
2025-03-26 16:57:20,826 [Epoch: 004 Step: 00013200] Batch Translation Loss:  67.205505 => Lr: 0.001000
2025-03-26 17:00:12,338 [Epoch: 004 Step: 00013300] Batch Translation Loss:  34.342037 => Lr: 0.001000
2025-03-26 17:03:15,530 [Epoch: 004 Step: 00013400] Batch Translation Loss: 102.075035 => Lr: 0.001000
2025-03-26 17:06:19,602 [Epoch: 004 Step: 00013500] Batch Translation Loss:  31.428501 => Lr: 0.001000
2025-03-26 17:09:27,977 [Epoch: 004 Step: 00013600] Batch Translation Loss:  58.537209 => Lr: 0.001000
2025-03-26 17:12:22,937 [Epoch: 004 Step: 00013700] Batch Translation Loss:  35.792439 => Lr: 0.001000
2025-03-26 17:15:35,065 [Epoch: 004 Step: 00013800] Batch Translation Loss:  67.952507 => Lr: 0.001000
2025-03-26 17:18:29,597 [Epoch: 004 Step: 00013900] Batch Translation Loss:  40.738647 => Lr: 0.001000
2025-03-26 17:21:37,379 [Epoch: 004 Step: 00014000] Batch Translation Loss:  58.639851 => Lr: 0.001000
2025-03-26 17:28:29,366 Saved 518 text references to ./sign_sample_back_to_word\txt_references_14000.txt and 518 text hypotheses to ./sign_sample_back_to_word\txt_hypotheses_14000.txt
2025-03-26 17:31:37,982 [Epoch: 004 Step: 00014100] Batch Translation Loss:  65.450211 => Lr: 0.001000
2025-03-26 17:34:22,263 Epoch   4: Total Training Translation Loss 215167.01 
2025-03-26 17:34:22,265 EPOCH 5
2025-03-26 17:34:34,877 [Epoch: 005 Step: 00014200] Batch Translation Loss: 121.093742 => Lr: 0.001000
2025-03-26 17:36:50,845 [Epoch: 005 Step: 00014300] Batch Translation Loss:  35.189133 => Lr: 0.001000
2025-03-26 17:39:17,506 [Epoch: 005 Step: 00014400] Batch Translation Loss: 113.300522 => Lr: 0.001000
2025-03-26 17:41:36,363 [Epoch: 005 Step: 00014500] Batch Translation Loss:  44.167984 => Lr: 0.001000
2025-03-26 17:44:06,711 [Epoch: 005 Step: 00014600] Batch Translation Loss:  71.730949 => Lr: 0.001000
2025-03-26 17:46:34,382 [Epoch: 005 Step: 00014700] Batch Translation Loss:  61.551563 => Lr: 0.001000
2025-03-26 17:48:56,098 [Epoch: 005 Step: 00014800] Batch Translation Loss:  40.373898 => Lr: 0.001000
2025-03-26 17:51:16,689 [Epoch: 005 Step: 00014900] Batch Translation Loss:  61.246662 => Lr: 0.001000
2025-03-26 17:53:46,135 [Epoch: 005 Step: 00015000] Batch Translation Loss:  94.795609 => Lr: 0.001000
2025-03-26 17:55:58,557 [Epoch: 005 Step: 00015100] Batch Translation Loss:  36.886803 => Lr: 0.001000
2025-03-26 17:58:18,940 [Epoch: 005 Step: 00015200] Batch Translation Loss:  38.542271 => Lr: 0.001000
2025-03-26 18:00:44,331 [Epoch: 005 Step: 00015300] Batch Translation Loss:  56.900864 => Lr: 0.001000
2025-03-26 18:03:08,018 [Epoch: 005 Step: 00015400] Batch Translation Loss:  58.981110 => Lr: 0.001000
2025-03-26 18:05:29,663 [Epoch: 005 Step: 00015500] Batch Translation Loss:  32.510143 => Lr: 0.001000
2025-03-26 18:07:59,268 [Epoch: 005 Step: 00015600] Batch Translation Loss:  70.072113 => Lr: 0.001000
2025-03-26 18:10:22,626 [Epoch: 005 Step: 00015700] Batch Translation Loss:  79.109444 => Lr: 0.001000
2025-03-26 18:12:43,688 [Epoch: 005 Step: 00015800] Batch Translation Loss:  50.071575 => Lr: 0.001000
2025-03-26 18:15:04,832 [Epoch: 005 Step: 00015900] Batch Translation Loss:  73.784805 => Lr: 0.001000
2025-03-26 18:17:35,849 [Epoch: 005 Step: 00016000] Batch Translation Loss:  61.521095 => Lr: 0.001000
2025-03-26 18:19:56,935 [Epoch: 005 Step: 00016100] Batch Translation Loss:  50.873035 => Lr: 0.001000
2025-03-26 18:22:19,754 [Epoch: 005 Step: 00016200] Batch Translation Loss:  80.177811 => Lr: 0.001000
2025-03-26 18:24:48,976 [Epoch: 005 Step: 00016300] Batch Translation Loss:  67.093826 => Lr: 0.001000
2025-03-26 18:27:10,374 [Epoch: 005 Step: 00016400] Batch Translation Loss:  66.444138 => Lr: 0.001000
2025-03-26 18:29:35,887 [Epoch: 005 Step: 00016500] Batch Translation Loss:  42.063385 => Lr: 0.001000
2025-03-26 18:32:01,168 [Epoch: 005 Step: 00016600] Batch Translation Loss:  22.491322 => Lr: 0.001000
2025-03-26 18:34:18,946 [Epoch: 005 Step: 00016700] Batch Translation Loss:  49.818676 => Lr: 0.001000
2025-03-26 18:36:47,863 [Epoch: 005 Step: 00016800] Batch Translation Loss:  83.834946 => Lr: 0.001000
2025-03-26 18:39:24,440 [Epoch: 005 Step: 00016900] Batch Translation Loss:  80.731644 => Lr: 0.001000
2025-03-26 18:42:11,147 [Epoch: 005 Step: 00017000] Batch Translation Loss:  23.667177 => Lr: 0.001000
2025-03-26 18:45:02,113 [Epoch: 005 Step: 00017100] Batch Translation Loss:  54.912853 => Lr: 0.001000
2025-03-26 18:47:59,848 [Epoch: 005 Step: 00017200] Batch Translation Loss:  56.648178 => Lr: 0.001000
2025-03-26 18:51:05,779 [Epoch: 005 Step: 00017300] Batch Translation Loss:  86.716492 => Lr: 0.001000
2025-03-26 18:54:01,336 [Epoch: 005 Step: 00017400] Batch Translation Loss:  60.125233 => Lr: 0.001000
2025-03-26 18:57:02,097 [Epoch: 005 Step: 00017500] Batch Translation Loss:  61.514427 => Lr: 0.001000
2025-03-26 19:04:04,484 Saved 518 text references to ./sign_sample_back_to_word\txt_references_17500.txt and 518 text hypotheses to ./sign_sample_back_to_word\txt_hypotheses_17500.txt
2025-03-26 19:04:04,485 Hooray! New best validation result [eval_metric]!
2025-03-26 19:04:04,486 Saving new checkpoint.
2025-03-26 19:07:11,454 [Epoch: 005 Step: 00017600] Batch Translation Loss:  84.418571 => Lr: 0.001000
2025-03-26 19:10:15,996 [Epoch: 005 Step: 00017700] Batch Translation Loss:  81.067642 => Lr: 0.001000
2025-03-26 19:11:30,999 Epoch   5: Total Training Translation Loss 206016.51 
2025-03-26 19:11:31,001 EPOCH 6
2025-03-26 19:12:46,396 [Epoch: 006 Step: 00017800] Batch Translation Loss:  57.128700 => Lr: 0.001000
2025-03-26 19:14:48,712 [Epoch: 006 Step: 00017900] Batch Translation Loss:  49.814739 => Lr: 0.001000
2025-03-26 19:17:00,072 [Epoch: 006 Step: 00018000] Batch Translation Loss:  50.936951 => Lr: 0.001000
2025-03-26 19:19:07,419 [Epoch: 006 Step: 00018100] Batch Translation Loss:  52.427299 => Lr: 0.001000
2025-03-26 19:21:04,361 [Epoch: 006 Step: 00018200] Batch Translation Loss:  38.281925 => Lr: 0.001000
2025-03-26 19:23:08,678 [Epoch: 006 Step: 00018300] Batch Translation Loss:  37.811543 => Lr: 0.001000
2025-03-26 19:25:16,913 [Epoch: 006 Step: 00018400] Batch Translation Loss:  70.964386 => Lr: 0.001000
2025-03-26 19:27:13,951 [Epoch: 006 Step: 00018500] Batch Translation Loss:  64.689018 => Lr: 0.001000
2025-03-26 19:29:14,794 [Epoch: 006 Step: 00018600] Batch Translation Loss:  78.467194 => Lr: 0.001000
2025-03-26 19:31:17,282 [Epoch: 006 Step: 00018700] Batch Translation Loss:  59.490326 => Lr: 0.001000
2025-03-26 19:33:15,744 [Epoch: 006 Step: 00018800] Batch Translation Loss:  63.290535 => Lr: 0.001000
2025-03-26 19:35:17,701 [Epoch: 006 Step: 00018900] Batch Translation Loss:  31.857822 => Lr: 0.001000
2025-03-26 19:37:30,788 [Epoch: 006 Step: 00019000] Batch Translation Loss:  93.938171 => Lr: 0.001000
2025-03-26 19:39:27,528 [Epoch: 006 Step: 00019100] Batch Translation Loss:  45.503658 => Lr: 0.001000
2025-03-26 19:41:31,185 [Epoch: 006 Step: 00019200] Batch Translation Loss:  71.102242 => Lr: 0.001000
2025-03-26 19:43:39,224 [Epoch: 006 Step: 00019300] Batch Translation Loss:  62.104977 => Lr: 0.001000
2025-03-26 19:45:48,137 [Epoch: 006 Step: 00019400] Batch Translation Loss:  50.008781 => Lr: 0.001000
2025-03-26 19:48:01,830 [Epoch: 006 Step: 00019500] Batch Translation Loss:  35.528568 => Lr: 0.001000
2025-03-26 19:50:22,882 [Epoch: 006 Step: 00019600] Batch Translation Loss:  22.561472 => Lr: 0.001000
2025-03-26 19:52:41,109 [Epoch: 006 Step: 00019700] Batch Translation Loss:  32.699173 => Lr: 0.001000
2025-03-26 19:54:53,185 [Epoch: 006 Step: 00019800] Batch Translation Loss:  52.101707 => Lr: 0.001000
2025-03-26 19:57:09,374 [Epoch: 006 Step: 00019900] Batch Translation Loss:  58.692371 => Lr: 0.001000
2025-03-26 19:59:29,298 [Epoch: 006 Step: 00020000] Batch Translation Loss:  87.336220 => Lr: 0.001000
2025-03-26 20:02:03,245 [Epoch: 006 Step: 00020100] Batch Translation Loss:  36.269749 => Lr: 0.001000
2025-03-26 20:04:35,764 [Epoch: 006 Step: 00020200] Batch Translation Loss:  53.324123 => Lr: 0.001000
2025-03-26 20:07:18,938 [Epoch: 006 Step: 00020300] Batch Translation Loss:  50.433205 => Lr: 0.001000
2025-03-26 20:10:07,544 [Epoch: 006 Step: 00020400] Batch Translation Loss:  56.916885 => Lr: 0.001000
2025-03-26 20:13:01,969 [Epoch: 006 Step: 00020500] Batch Translation Loss:  93.011955 => Lr: 0.001000
2025-03-26 20:15:55,143 [Epoch: 006 Step: 00020600] Batch Translation Loss:  68.674744 => Lr: 0.001000
2025-03-26 20:18:55,338 [Epoch: 006 Step: 00020700] Batch Translation Loss: 106.546646 => Lr: 0.001000
2025-03-26 20:21:42,998 [Epoch: 006 Step: 00020800] Batch Translation Loss:  43.995178 => Lr: 0.001000
2025-03-26 20:24:42,146 [Epoch: 006 Step: 00020900] Batch Translation Loss:  84.206360 => Lr: 0.001000
2025-03-26 20:27:39,853 [Epoch: 006 Step: 00021000] Batch Translation Loss:  39.556438 => Lr: 0.001000
2025-03-26 20:34:12,113 Saved 518 text references to ./sign_sample_back_to_word\txt_references_21000.txt and 518 text hypotheses to ./sign_sample_back_to_word\txt_hypotheses_21000.txt
2025-03-26 20:37:17,098 [Epoch: 006 Step: 00021100] Batch Translation Loss:  78.058922 => Lr: 0.001000
2025-03-26 20:40:28,363 [Epoch: 006 Step: 00021200] Batch Translation Loss:  44.571491 => Lr: 0.001000
2025-03-26 20:43:09,948 Epoch   6: Total Training Translation Loss 198882.95 
2025-03-26 20:43:09,951 EPOCH 7
2025-03-26 20:43:23,880 [Epoch: 007 Step: 00021300] Batch Translation Loss:  52.092499 => Lr: 0.001000
2025-03-26 20:45:15,420 [Epoch: 007 Step: 00021400] Batch Translation Loss:  94.057159 => Lr: 0.001000
2025-03-26 20:47:08,069 [Epoch: 007 Step: 00021500] Batch Translation Loss:  34.121292 => Lr: 0.001000
2025-03-26 20:49:03,589 [Epoch: 007 Step: 00021600] Batch Translation Loss:  51.920723 => Lr: 0.001000
2025-03-26 20:50:53,474 [Epoch: 007 Step: 00021700] Batch Translation Loss:  48.765320 => Lr: 0.001000
2025-03-26 20:52:47,859 [Epoch: 007 Step: 00021800] Batch Translation Loss:  65.857559 => Lr: 0.001000
2025-03-26 20:54:33,424 [Epoch: 007 Step: 00021900] Batch Translation Loss:  27.633430 => Lr: 0.001000
2025-03-26 20:56:29,580 [Epoch: 007 Step: 00022000] Batch Translation Loss:  30.434309 => Lr: 0.001000
2025-03-26 20:58:29,319 [Epoch: 007 Step: 00022100] Batch Translation Loss:  48.516212 => Lr: 0.001000
2025-03-26 21:00:32,066 [Epoch: 007 Step: 00022200] Batch Translation Loss:  69.595894 => Lr: 0.001000
2025-03-26 21:02:29,419 [Epoch: 007 Step: 00022300] Batch Translation Loss:  51.469620 => Lr: 0.001000
2025-03-26 21:04:30,483 [Epoch: 007 Step: 00022400] Batch Translation Loss:  60.449821 => Lr: 0.001000
2025-03-26 21:06:37,647 [Epoch: 007 Step: 00022500] Batch Translation Loss:  54.431141 => Lr: 0.001000
2025-03-26 21:08:46,338 [Epoch: 007 Step: 00022600] Batch Translation Loss:  51.694981 => Lr: 0.001000
2025-03-26 21:10:58,255 [Epoch: 007 Step: 00022700] Batch Translation Loss:  69.371529 => Lr: 0.001000
2025-03-26 21:13:08,416 [Epoch: 007 Step: 00022800] Batch Translation Loss:  16.318787 => Lr: 0.001000
2025-03-26 21:15:16,747 [Epoch: 007 Step: 00022900] Batch Translation Loss:  41.072750 => Lr: 0.001000
2025-03-26 21:17:28,372 [Epoch: 007 Step: 00023000] Batch Translation Loss:  47.297661 => Lr: 0.001000
2025-03-26 21:19:46,009 [Epoch: 007 Step: 00023100] Batch Translation Loss:  42.189243 => Lr: 0.001000
2025-03-26 21:22:01,260 [Epoch: 007 Step: 00023200] Batch Translation Loss:  50.051380 => Lr: 0.001000
2025-03-26 21:25:39,992 [Epoch: 007 Step: 00023300] Batch Translation Loss:  67.357254 => Lr: 0.001000
2025-03-26 21:28:46,436 [Epoch: 007 Step: 00023400] Batch Translation Loss:  68.022881 => Lr: 0.001000
2025-03-26 21:32:15,497 [Epoch: 007 Step: 00023500] Batch Translation Loss:  21.913067 => Lr: 0.001000
2025-03-26 21:35:28,094 [Epoch: 007 Step: 00023600] Batch Translation Loss:  68.014076 => Lr: 0.001000
2025-03-26 21:38:47,586 [Epoch: 007 Step: 00023700] Batch Translation Loss:  78.298294 => Lr: 0.001000
2025-03-26 21:42:15,173 [Epoch: 007 Step: 00023800] Batch Translation Loss:  66.820168 => Lr: 0.001000
2025-03-26 21:45:23,430 [Epoch: 007 Step: 00023900] Batch Translation Loss:  50.420151 => Lr: 0.001000
2025-03-26 21:48:39,629 [Epoch: 007 Step: 00024000] Batch Translation Loss:  79.684586 => Lr: 0.001000
2025-03-26 21:51:54,152 [Epoch: 007 Step: 00024100] Batch Translation Loss:  42.785408 => Lr: 0.001000
2025-03-26 21:55:09,370 [Epoch: 007 Step: 00024200] Batch Translation Loss: 119.680916 => Lr: 0.001000
2025-03-26 21:58:41,623 [Epoch: 007 Step: 00024300] Batch Translation Loss:  45.185963 => Lr: 0.001000
2025-03-26 22:02:03,164 [Epoch: 007 Step: 00024400] Batch Translation Loss:  45.862881 => Lr: 0.001000
2025-03-26 22:05:39,259 [Epoch: 007 Step: 00024500] Batch Translation Loss:  49.977489 => Lr: 0.001000
2025-03-26 22:12:54,398 Saved 518 text references to ./sign_sample_back_to_word\txt_references_24500.txt and 518 text hypotheses to ./sign_sample_back_to_word\txt_hypotheses_24500.txt
2025-03-26 22:16:25,250 [Epoch: 007 Step: 00024600] Batch Translation Loss:  67.672066 => Lr: 0.001000
2025-03-26 22:19:49,118 [Epoch: 007 Step: 00024700] Batch Translation Loss: 102.783607 => Lr: 0.001000
2025-03-26 22:23:15,736 [Epoch: 007 Step: 00024800] Batch Translation Loss:  84.518448 => Lr: 0.001000
2025-03-26 22:24:30,953 Epoch   7: Total Training Translation Loss 193023.91 
2025-03-26 22:24:30,960 EPOCH 8
2025-03-26 22:25:58,912 [Epoch: 008 Step: 00024900] Batch Translation Loss:  59.714760 => Lr: 0.001000
2025-03-26 22:28:09,294 [Epoch: 008 Step: 00025000] Batch Translation Loss:  55.848156 => Lr: 0.001000
2025-03-26 22:30:20,915 [Epoch: 008 Step: 00025100] Batch Translation Loss:  76.411140 => Lr: 0.001000
2025-03-26 22:32:39,065 [Epoch: 008 Step: 00025200] Batch Translation Loss:  67.765900 => Lr: 0.001000
2025-03-26 22:34:46,469 [Epoch: 008 Step: 00025300] Batch Translation Loss:  52.233620 => Lr: 0.001000
2025-03-26 22:37:25,499 [Epoch: 008 Step: 00025400] Batch Translation Loss:  43.070751 => Lr: 0.001000
2025-03-26 22:39:39,505 [Epoch: 008 Step: 00025500] Batch Translation Loss:  42.825989 => Lr: 0.001000
2025-03-26 22:41:51,698 [Epoch: 008 Step: 00025600] Batch Translation Loss:  13.255662 => Lr: 0.001000
2025-03-26 22:44:10,706 [Epoch: 008 Step: 00025700] Batch Translation Loss:  97.796783 => Lr: 0.001000
2025-03-26 22:46:28,494 [Epoch: 008 Step: 00025800] Batch Translation Loss:  84.424194 => Lr: 0.001000
2025-03-26 22:48:31,927 [Epoch: 008 Step: 00025900] Batch Translation Loss:  56.124828 => Lr: 0.001000
2025-03-26 22:51:22,276 [Epoch: 008 Step: 00026000] Batch Translation Loss:  65.907669 => Lr: 0.001000
2025-03-26 22:54:17,087 [Epoch: 008 Step: 00026100] Batch Translation Loss:  37.991585 => Lr: 0.001000
2025-03-26 22:57:26,999 [Epoch: 008 Step: 00026200] Batch Translation Loss:  64.795792 => Lr: 0.001000
2025-03-26 23:00:27,046 [Epoch: 008 Step: 00026300] Batch Translation Loss:  45.069954 => Lr: 0.001000
2025-03-26 23:03:26,085 [Epoch: 008 Step: 00026400] Batch Translation Loss:  57.031845 => Lr: 0.001000
2025-03-26 23:06:18,446 [Epoch: 008 Step: 00026500] Batch Translation Loss:  36.711418 => Lr: 0.001000
2025-03-26 23:10:08,705 [Epoch: 008 Step: 00026600] Batch Translation Loss:  70.508293 => Lr: 0.001000
2025-03-26 23:13:20,251 [Epoch: 008 Step: 00026700] Batch Translation Loss:  50.934849 => Lr: 0.001000
2025-03-26 23:16:39,228 [Epoch: 008 Step: 00026800] Batch Translation Loss:  59.240356 => Lr: 0.001000
2025-03-26 23:19:46,636 [Epoch: 008 Step: 00026900] Batch Translation Loss:  35.004387 => Lr: 0.001000
2025-03-26 23:22:51,494 [Epoch: 008 Step: 00027000] Batch Translation Loss:  29.602568 => Lr: 0.001000
2025-03-26 23:25:43,315 [Epoch: 008 Step: 00027100] Batch Translation Loss:  47.912895 => Lr: 0.001000
2025-03-26 23:28:38,652 [Epoch: 008 Step: 00027200] Batch Translation Loss:  63.461678 => Lr: 0.001000
2025-03-26 23:31:36,284 [Epoch: 008 Step: 00027300] Batch Translation Loss:  43.829288 => Lr: 0.001000
2025-03-26 23:34:34,389 [Epoch: 008 Step: 00027400] Batch Translation Loss:  44.066795 => Lr: 0.001000
2025-03-26 23:37:46,847 [Epoch: 008 Step: 00027500] Batch Translation Loss:  68.070816 => Lr: 0.001000
2025-03-26 23:41:11,053 [Epoch: 008 Step: 00027600] Batch Translation Loss: 103.149750 => Lr: 0.001000
2025-03-26 23:44:24,125 [Epoch: 008 Step: 00027700] Batch Translation Loss:  49.915020 => Lr: 0.001000
2025-03-26 23:47:31,947 [Epoch: 008 Step: 00027800] Batch Translation Loss:  48.603485 => Lr: 0.001000
2025-03-26 23:50:33,723 [Epoch: 008 Step: 00027900] Batch Translation Loss:  38.281456 => Lr: 0.001000
2025-03-26 23:53:25,126 [Epoch: 008 Step: 00028000] Batch Translation Loss:  54.137638 => Lr: 0.001000
2025-03-27 00:00:03,037 Saved 518 text references to ./sign_sample_back_to_word\txt_references_28000.txt and 518 text hypotheses to ./sign_sample_back_to_word\txt_hypotheses_28000.txt
2025-03-27 00:03:11,070 [Epoch: 008 Step: 00028100] Batch Translation Loss:  17.149399 => Lr: 0.001000
2025-03-27 00:06:16,317 [Epoch: 008 Step: 00028200] Batch Translation Loss:  49.584160 => Lr: 0.001000
2025-03-27 00:09:23,192 [Epoch: 008 Step: 00028300] Batch Translation Loss:  71.318336 => Lr: 0.001000
2025-03-27 00:11:55,242 Epoch   8: Total Training Translation Loss 187922.52 
2025-03-27 00:11:55,245 EPOCH 9
2025-03-27 00:12:17,911 [Epoch: 009 Step: 00028400] Batch Translation Loss:  21.819139 => Lr: 0.001000
2025-03-27 00:14:17,679 [Epoch: 009 Step: 00028500] Batch Translation Loss: 105.274582 => Lr: 0.001000
2025-03-27 00:16:16,046 [Epoch: 009 Step: 00028600] Batch Translation Loss:  57.879761 => Lr: 0.001000
2025-03-27 00:18:18,087 [Epoch: 009 Step: 00028700] Batch Translation Loss:  24.281107 => Lr: 0.001000
2025-03-27 00:20:21,455 [Epoch: 009 Step: 00028800] Batch Translation Loss:  52.220318 => Lr: 0.001000
2025-03-27 00:22:27,595 [Epoch: 009 Step: 00028900] Batch Translation Loss:  27.846260 => Lr: 0.001000
2025-03-27 00:24:33,005 [Epoch: 009 Step: 00029000] Batch Translation Loss:  62.033176 => Lr: 0.001000
2025-03-27 00:26:32,122 [Epoch: 009 Step: 00029100] Batch Translation Loss:  16.967613 => Lr: 0.001000
2025-03-27 00:28:32,796 [Epoch: 009 Step: 00029200] Batch Translation Loss:  28.254726 => Lr: 0.001000
2025-03-27 00:30:30,940 [Epoch: 009 Step: 00029300] Batch Translation Loss:  42.698120 => Lr: 0.001000
2025-03-27 00:32:34,081 [Epoch: 009 Step: 00029400] Batch Translation Loss:  70.481461 => Lr: 0.001000
2025-03-27 00:34:42,442 [Epoch: 009 Step: 00029500] Batch Translation Loss:  36.926380 => Lr: 0.001000
2025-03-27 00:36:49,254 [Epoch: 009 Step: 00029600] Batch Translation Loss:  53.711262 => Lr: 0.001000
2025-03-27 00:39:01,058 [Epoch: 009 Step: 00029700] Batch Translation Loss:  52.842812 => Lr: 0.001000
2025-03-27 00:41:09,334 [Epoch: 009 Step: 00029800] Batch Translation Loss:  79.221275 => Lr: 0.001000
2025-03-27 00:43:22,607 [Epoch: 009 Step: 00029900] Batch Translation Loss:  30.421183 => Lr: 0.001000
2025-03-27 00:45:39,149 [Epoch: 009 Step: 00030000] Batch Translation Loss:  24.862211 => Lr: 0.001000
2025-03-27 00:47:50,517 [Epoch: 009 Step: 00030100] Batch Translation Loss:  33.907970 => Lr: 0.001000
2025-03-27 00:50:01,105 [Epoch: 009 Step: 00030200] Batch Translation Loss:  48.871738 => Lr: 0.001000
2025-03-27 00:52:25,936 [Epoch: 009 Step: 00030300] Batch Translation Loss:  39.251621 => Lr: 0.001000
2025-03-27 00:55:28,329 [Epoch: 009 Step: 00030400] Batch Translation Loss:  34.254345 => Lr: 0.001000
2025-03-27 00:58:13,931 [Epoch: 009 Step: 00030500] Batch Translation Loss:  38.772411 => Lr: 0.001000
2025-03-27 01:00:51,780 [Epoch: 009 Step: 00030600] Batch Translation Loss:  47.279072 => Lr: 0.001000
2025-03-27 01:03:48,629 [Epoch: 009 Step: 00030700] Batch Translation Loss:  40.291935 => Lr: 0.001000
2025-03-27 01:06:45,123 [Epoch: 009 Step: 00030800] Batch Translation Loss:  37.628246 => Lr: 0.001000
2025-03-27 01:09:52,569 [Epoch: 009 Step: 00030900] Batch Translation Loss:  45.464996 => Lr: 0.001000
2025-03-27 01:12:56,553 [Epoch: 009 Step: 00031000] Batch Translation Loss:  63.963852 => Lr: 0.001000
2025-03-27 01:15:59,011 [Epoch: 009 Step: 00031100] Batch Translation Loss:  55.876732 => Lr: 0.001000
2025-03-27 01:18:59,243 [Epoch: 009 Step: 00031200] Batch Translation Loss:  38.118153 => Lr: 0.001000
2025-03-27 01:22:10,281 [Epoch: 009 Step: 00031300] Batch Translation Loss:  40.133335 => Lr: 0.001000
2025-03-27 01:25:15,986 [Epoch: 009 Step: 00031400] Batch Translation Loss:  86.133606 => Lr: 0.001000
2025-03-27 01:28:32,736 [Epoch: 009 Step: 00031500] Batch Translation Loss:  39.149628 => Lr: 0.001000
2025-03-27 01:35:13,211 Saved 518 text references to ./sign_sample_back_to_word\txt_references_31500.txt and 518 text hypotheses to ./sign_sample_back_to_word\txt_hypotheses_31500.txt
2025-03-27 01:35:13,212 Hooray! New best validation result [eval_metric]!
2025-03-27 01:35:13,213 Saving new checkpoint.
2025-03-27 01:38:19,323 [Epoch: 009 Step: 00031600] Batch Translation Loss:  48.747097 => Lr: 0.001000
2025-03-27 01:41:23,899 [Epoch: 009 Step: 00031700] Batch Translation Loss:  34.210220 => Lr: 0.001000
2025-03-27 01:44:30,432 [Epoch: 009 Step: 00031800] Batch Translation Loss:  36.800095 => Lr: 0.001000
2025-03-27 01:47:41,187 [Epoch: 009 Step: 00031900] Batch Translation Loss:  50.565517 => Lr: 0.001000
2025-03-27 01:48:42,101 Epoch   9: Total Training Translation Loss 183641.69 
2025-03-27 01:48:42,103 EPOCH 10
2025-03-27 01:50:13,431 [Epoch: 010 Step: 00032000] Batch Translation Loss: 101.052467 => Lr: 0.001000
2025-03-27 01:52:26,699 [Epoch: 010 Step: 00032100] Batch Translation Loss:  42.044453 => Lr: 0.001000
2025-03-27 01:54:42,421 [Epoch: 010 Step: 00032200] Batch Translation Loss:  64.645592 => Lr: 0.001000
2025-03-27 01:56:47,517 [Epoch: 010 Step: 00032300] Batch Translation Loss:  41.401699 => Lr: 0.001000
2025-03-27 01:59:00,133 [Epoch: 010 Step: 00032400] Batch Translation Loss:  97.278389 => Lr: 0.001000
2025-03-27 02:01:16,866 [Epoch: 010 Step: 00032500] Batch Translation Loss:  18.919085 => Lr: 0.001000
2025-03-27 02:03:30,406 [Epoch: 010 Step: 00032600] Batch Translation Loss:  42.701397 => Lr: 0.001000
2025-03-27 02:05:45,539 [Epoch: 010 Step: 00032700] Batch Translation Loss:  38.189949 => Lr: 0.001000
2025-03-27 02:08:07,943 [Epoch: 010 Step: 00032800] Batch Translation Loss:  77.939362 => Lr: 0.001000
2025-03-27 02:10:19,979 [Epoch: 010 Step: 00032900] Batch Translation Loss:  26.417025 => Lr: 0.001000
2025-03-27 02:12:40,386 [Epoch: 010 Step: 00033000] Batch Translation Loss:  41.590469 => Lr: 0.001000
2025-03-27 02:15:03,409 [Epoch: 010 Step: 00033100] Batch Translation Loss:  62.222980 => Lr: 0.001000
2025-03-27 02:17:28,462 [Epoch: 010 Step: 00033200] Batch Translation Loss:  38.208111 => Lr: 0.001000
2025-03-27 02:19:51,850 [Epoch: 010 Step: 00033300] Batch Translation Loss:   9.794670 => Lr: 0.001000
2025-03-27 02:22:19,314 [Epoch: 010 Step: 00033400] Batch Translation Loss:  46.454704 => Lr: 0.001000
2025-03-27 02:24:46,899 [Epoch: 010 Step: 00033500] Batch Translation Loss:  65.059669 => Lr: 0.001000
2025-03-27 02:27:15,922 [Epoch: 010 Step: 00033600] Batch Translation Loss:  24.897461 => Lr: 0.001000
2025-03-27 02:29:59,668 [Epoch: 010 Step: 00033700] Batch Translation Loss: 109.048393 => Lr: 0.001000
2025-03-27 02:32:29,640 [Epoch: 010 Step: 00033800] Batch Translation Loss:  63.197926 => Lr: 0.001000
2025-03-27 02:35:05,686 [Epoch: 010 Step: 00033900] Batch Translation Loss:  63.275517 => Lr: 0.001000
2025-03-27 02:37:49,386 [Epoch: 010 Step: 00034000] Batch Translation Loss:  38.305515 => Lr: 0.001000
2025-03-27 02:40:33,511 [Epoch: 010 Step: 00034100] Batch Translation Loss:  62.104984 => Lr: 0.001000
2025-03-27 02:43:20,381 [Epoch: 010 Step: 00034200] Batch Translation Loss:  33.123367 => Lr: 0.001000
2025-03-27 02:46:04,353 [Epoch: 010 Step: 00034300] Batch Translation Loss: 115.813042 => Lr: 0.001000
2025-03-27 02:48:49,990 [Epoch: 010 Step: 00034400] Batch Translation Loss:  69.160927 => Lr: 0.001000
2025-03-27 02:51:31,968 [Epoch: 010 Step: 00034500] Batch Translation Loss:  34.395348 => Lr: 0.001000
2025-03-27 02:54:32,087 [Epoch: 010 Step: 00034600] Batch Translation Loss:  52.862816 => Lr: 0.001000
2025-03-27 02:57:24,777 [Epoch: 010 Step: 00034700] Batch Translation Loss:  79.658913 => Lr: 0.001000
2025-03-27 03:00:22,026 [Epoch: 010 Step: 00034800] Batch Translation Loss:  33.229637 => Lr: 0.001000
2025-03-27 03:03:25,508 [Epoch: 010 Step: 00034900] Batch Translation Loss:  61.248325 => Lr: 0.001000
2025-03-27 03:06:21,437 [Epoch: 010 Step: 00035000] Batch Translation Loss:  38.765862 => Lr: 0.001000
2025-03-27 03:13:00,633 Saved 518 text references to ./sign_sample_back_to_word\txt_references_35000.txt and 518 text hypotheses to ./sign_sample_back_to_word\txt_hypotheses_35000.txt
2025-03-27 03:13:00,634 Hooray! New best validation result [eval_metric]!
2025-03-27 03:13:00,635 Saving new checkpoint.
2025-03-27 03:16:10,577 [Epoch: 010 Step: 00035100] Batch Translation Loss:  54.141232 => Lr: 0.001000
2025-03-27 03:19:21,391 [Epoch: 010 Step: 00035200] Batch Translation Loss:  15.211261 => Lr: 0.001000
2025-03-27 03:22:24,134 [Epoch: 010 Step: 00035300] Batch Translation Loss:  27.904581 => Lr: 0.001000
2025-03-27 03:25:37,170 [Epoch: 010 Step: 00035400] Batch Translation Loss:  24.701645 => Lr: 0.001000
2025-03-27 03:28:01,085 Epoch  10: Total Training Translation Loss 179684.62 
2025-03-27 03:28:01,087 EPOCH 11
2025-03-27 03:28:25,217 [Epoch: 011 Step: 00035500] Batch Translation Loss:  50.718685 => Lr: 0.001000
2025-03-27 03:30:31,496 [Epoch: 011 Step: 00035600] Batch Translation Loss: 117.673599 => Lr: 0.001000
2025-03-27 03:32:27,889 [Epoch: 011 Step: 00035700] Batch Translation Loss:  53.737751 => Lr: 0.001000
2025-03-27 03:34:36,650 [Epoch: 011 Step: 00035800] Batch Translation Loss:  43.231503 => Lr: 0.001000
2025-03-27 03:36:44,022 [Epoch: 011 Step: 00035900] Batch Translation Loss:  69.284836 => Lr: 0.001000
2025-03-27 03:38:47,344 [Epoch: 011 Step: 00036000] Batch Translation Loss:  51.458683 => Lr: 0.001000
2025-03-27 03:40:53,817 [Epoch: 011 Step: 00036100] Batch Translation Loss:  30.737898 => Lr: 0.001000
2025-03-27 03:43:09,786 [Epoch: 011 Step: 00036200] Batch Translation Loss:  35.581020 => Lr: 0.001000
2025-03-27 03:45:18,187 [Epoch: 011 Step: 00036300] Batch Translation Loss:  37.523666 => Lr: 0.001000
2025-03-27 03:47:38,802 [Epoch: 011 Step: 00036400] Batch Translation Loss:  39.503151 => Lr: 0.001000
2025-03-27 03:49:46,936 [Epoch: 011 Step: 00036500] Batch Translation Loss:  50.500751 => Lr: 0.001000
2025-03-27 03:52:03,264 [Epoch: 011 Step: 00036600] Batch Translation Loss:  36.203411 => Lr: 0.001000
2025-03-27 03:54:19,154 [Epoch: 011 Step: 00036700] Batch Translation Loss:  67.313576 => Lr: 0.001000
2025-03-27 03:56:41,902 [Epoch: 011 Step: 00036800] Batch Translation Loss:  44.282444 => Lr: 0.001000
2025-03-27 03:59:07,914 [Epoch: 011 Step: 00036900] Batch Translation Loss:  69.258141 => Lr: 0.001000
2025-03-27 04:01:39,189 [Epoch: 011 Step: 00037000] Batch Translation Loss:  61.550457 => Lr: 0.001000
2025-03-27 04:04:12,867 [Epoch: 011 Step: 00037100] Batch Translation Loss:  58.931435 => Lr: 0.001000
2025-03-27 04:06:41,553 [Epoch: 011 Step: 00037200] Batch Translation Loss:  33.241852 => Lr: 0.001000
2025-03-27 04:09:12,229 [Epoch: 011 Step: 00037300] Batch Translation Loss:  68.096184 => Lr: 0.001000
2025-03-27 04:11:44,374 [Epoch: 011 Step: 00037400] Batch Translation Loss:  25.030281 => Lr: 0.001000
2025-03-27 04:14:19,243 [Epoch: 011 Step: 00037500] Batch Translation Loss:  31.382381 => Lr: 0.001000
2025-03-27 04:16:57,902 [Epoch: 011 Step: 00037600] Batch Translation Loss:  14.784776 => Lr: 0.001000
2025-03-27 04:19:49,735 [Epoch: 011 Step: 00037700] Batch Translation Loss:  27.014479 => Lr: 0.001000
2025-03-27 04:22:36,698 [Epoch: 011 Step: 00037800] Batch Translation Loss:  61.516602 => Lr: 0.001000
2025-03-27 04:25:29,253 [Epoch: 011 Step: 00037900] Batch Translation Loss:  18.604174 => Lr: 0.001000
2025-03-27 04:28:20,131 [Epoch: 011 Step: 00038000] Batch Translation Loss: 114.564392 => Lr: 0.001000
2025-03-27 04:31:06,501 [Epoch: 011 Step: 00038100] Batch Translation Loss:  30.236509 => Lr: 0.001000
2025-03-27 04:34:08,446 [Epoch: 011 Step: 00038200] Batch Translation Loss:  78.076027 => Lr: 0.001000
2025-03-27 04:37:15,978 [Epoch: 011 Step: 00038300] Batch Translation Loss:  94.631950 => Lr: 0.001000
2025-03-27 04:40:20,740 [Epoch: 011 Step: 00038400] Batch Translation Loss:  47.899323 => Lr: 0.001000
2025-03-27 04:43:25,018 [Epoch: 011 Step: 00038500] Batch Translation Loss:  43.133617 => Lr: 0.001000
2025-03-27 04:50:04,767 Saved 518 text references to ./sign_sample_back_to_word\txt_references_38500.txt and 518 text hypotheses to ./sign_sample_back_to_word\txt_hypotheses_38500.txt
2025-03-27 04:50:04,768 Hooray! New best validation result [eval_metric]!
2025-03-27 04:50:04,769 Saving new checkpoint.
2025-03-27 04:53:03,098 [Epoch: 011 Step: 00038600] Batch Translation Loss:  43.411572 => Lr: 0.001000
2025-03-27 04:56:11,661 [Epoch: 011 Step: 00038700] Batch Translation Loss:  37.779144 => Lr: 0.001000
2025-03-27 04:59:18,526 [Epoch: 011 Step: 00038800] Batch Translation Loss:  19.239174 => Lr: 0.001000
2025-03-27 05:02:27,381 [Epoch: 011 Step: 00038900] Batch Translation Loss:  20.273252 => Lr: 0.001000
2025-03-27 05:05:32,203 [Epoch: 011 Step: 00039000] Batch Translation Loss:  25.524523 => Lr: 0.001000
2025-03-27 05:06:21,361 Epoch  11: Total Training Translation Loss 176215.45 
2025-03-27 05:06:21,363 EPOCH 12
2025-03-27 05:07:51,402 [Epoch: 012 Step: 00039100] Batch Translation Loss:  47.619431 => Lr: 0.001000
2025-03-27 05:09:57,060 [Epoch: 012 Step: 00039200] Batch Translation Loss:  79.335686 => Lr: 0.001000
2025-03-27 05:12:14,697 [Epoch: 012 Step: 00039300] Batch Translation Loss:  66.019974 => Lr: 0.001000
2025-03-27 05:14:22,085 [Epoch: 012 Step: 00039400] Batch Translation Loss:  28.016760 => Lr: 0.001000
2025-03-27 05:16:48,008 [Epoch: 012 Step: 00039500] Batch Translation Loss:  51.707409 => Lr: 0.001000
2025-03-27 05:19:11,125 [Epoch: 012 Step: 00039600] Batch Translation Loss:  35.189697 => Lr: 0.001000
2025-03-27 05:21:18,045 [Epoch: 012 Step: 00039700] Batch Translation Loss:  28.106264 => Lr: 0.001000
2025-03-27 05:23:26,081 [Epoch: 012 Step: 00039800] Batch Translation Loss:  54.431328 => Lr: 0.001000
2025-03-27 05:25:42,175 [Epoch: 012 Step: 00039900] Batch Translation Loss:  14.233327 => Lr: 0.001000
2025-03-27 05:27:50,142 [Epoch: 012 Step: 00040000] Batch Translation Loss:  55.956867 => Lr: 0.001000
2025-03-27 05:30:06,970 [Epoch: 012 Step: 00040100] Batch Translation Loss:  49.076042 => Lr: 0.001000
2025-03-27 05:32:24,361 [Epoch: 012 Step: 00040200] Batch Translation Loss:  45.173599 => Lr: 0.001000
2025-03-27 05:34:42,277 [Epoch: 012 Step: 00040300] Batch Translation Loss: 115.749931 => Lr: 0.001000
2025-03-27 05:37:08,346 [Epoch: 012 Step: 00040400] Batch Translation Loss:  63.594025 => Lr: 0.001000
2025-03-27 05:39:30,687 [Epoch: 012 Step: 00040500] Batch Translation Loss:  58.777252 => Lr: 0.001000
2025-03-27 05:41:50,712 [Epoch: 012 Step: 00040600] Batch Translation Loss:  33.735283 => Lr: 0.001000
2025-03-27 05:44:20,395 [Epoch: 012 Step: 00040700] Batch Translation Loss:  56.277176 => Lr: 0.001000
2025-03-27 05:46:52,434 [Epoch: 012 Step: 00040800] Batch Translation Loss:  23.802658 => Lr: 0.001000
2025-03-27 05:49:24,924 [Epoch: 012 Step: 00040900] Batch Translation Loss:  55.292553 => Lr: 0.001000
2025-03-27 05:52:00,281 [Epoch: 012 Step: 00041000] Batch Translation Loss:  44.251320 => Lr: 0.001000
2025-03-27 05:54:29,723 [Epoch: 012 Step: 00041100] Batch Translation Loss:  44.590504 => Lr: 0.001000
2025-03-27 05:57:06,510 [Epoch: 012 Step: 00041200] Batch Translation Loss:  27.307110 => Lr: 0.001000
2025-03-27 05:59:54,635 [Epoch: 012 Step: 00041300] Batch Translation Loss:  31.353985 => Lr: 0.001000
2025-03-27 06:02:52,750 [Epoch: 012 Step: 00041400] Batch Translation Loss:  37.149925 => Lr: 0.001000
2025-03-27 06:05:48,791 [Epoch: 012 Step: 00041500] Batch Translation Loss:  26.059387 => Lr: 0.001000
2025-03-27 06:08:38,532 [Epoch: 012 Step: 00041600] Batch Translation Loss:  28.694036 => Lr: 0.001000
2025-03-27 06:11:38,494 [Epoch: 012 Step: 00041700] Batch Translation Loss:  62.229401 => Lr: 0.001000
2025-03-27 06:14:35,693 [Epoch: 012 Step: 00041800] Batch Translation Loss:  38.778412 => Lr: 0.001000
2025-03-27 06:17:44,545 [Epoch: 012 Step: 00041900] Batch Translation Loss: 105.042160 => Lr: 0.001000
2025-03-27 06:20:47,446 [Epoch: 012 Step: 00042000] Batch Translation Loss:  46.572979 => Lr: 0.001000
2025-03-27 06:27:28,019 Saved 518 text references to ./sign_sample_back_to_word\txt_references_42000.txt and 518 text hypotheses to ./sign_sample_back_to_word\txt_hypotheses_42000.txt
2025-03-27 06:27:28,021 Hooray! New best validation result [eval_metric]!
2025-03-27 06:27:28,021 Saving new checkpoint.
2025-03-27 06:30:38,985 [Epoch: 012 Step: 00042100] Batch Translation Loss:  38.747738 => Lr: 0.001000
2025-03-27 06:33:50,955 [Epoch: 012 Step: 00042200] Batch Translation Loss:  84.962547 => Lr: 0.001000
2025-03-27 06:37:05,341 [Epoch: 012 Step: 00042300] Batch Translation Loss:  77.887680 => Lr: 0.001000
2025-03-27 06:40:12,954 [Epoch: 012 Step: 00042400] Batch Translation Loss:  37.517303 => Lr: 0.001000
2025-03-27 06:43:17,914 [Epoch: 012 Step: 00042500] Batch Translation Loss:  75.785034 => Lr: 0.001000
2025-03-27 06:45:32,105 Epoch  12: Total Training Translation Loss 172883.72 
2025-03-27 06:45:32,109 EPOCH 13
2025-03-27 06:46:02,479 [Epoch: 013 Step: 00042600] Batch Translation Loss:  40.469707 => Lr: 0.001000
2025-03-27 06:48:13,283 [Epoch: 013 Step: 00042700] Batch Translation Loss:  58.686665 => Lr: 0.001000
2025-03-27 06:50:16,724 [Epoch: 013 Step: 00042800] Batch Translation Loss:  39.796730 => Lr: 0.001000
2025-03-27 06:52:16,532 [Epoch: 013 Step: 00042900] Batch Translation Loss:  41.934280 => Lr: 0.001000
2025-03-27 06:54:17,903 [Epoch: 013 Step: 00043000] Batch Translation Loss:  53.655384 => Lr: 0.001000
2025-03-27 06:56:40,382 [Epoch: 013 Step: 00043100] Batch Translation Loss:  53.237724 => Lr: 0.001000
2025-03-27 06:58:43,235 [Epoch: 013 Step: 00043200] Batch Translation Loss:  53.190582 => Lr: 0.001000
2025-03-27 07:00:55,829 [Epoch: 013 Step: 00043300] Batch Translation Loss:  67.677582 => Lr: 0.001000
2025-03-27 07:03:10,779 [Epoch: 013 Step: 00043400] Batch Translation Loss:  34.119473 => Lr: 0.001000
2025-03-27 07:05:32,947 [Epoch: 013 Step: 00043500] Batch Translation Loss:  53.155167 => Lr: 0.001000
2025-03-27 07:07:47,786 [Epoch: 013 Step: 00043600] Batch Translation Loss:  60.320412 => Lr: 0.001000
2025-03-27 07:10:06,632 [Epoch: 013 Step: 00043700] Batch Translation Loss:  31.679409 => Lr: 0.001000
2025-03-27 07:12:24,246 [Epoch: 013 Step: 00043800] Batch Translation Loss:  27.681078 => Lr: 0.001000
2025-03-27 07:14:44,787 [Epoch: 013 Step: 00043900] Batch Translation Loss:  32.940121 => Lr: 0.001000
2025-03-27 07:17:08,806 [Epoch: 013 Step: 00044000] Batch Translation Loss:  70.356865 => Lr: 0.001000
2025-03-27 07:19:32,561 [Epoch: 013 Step: 00044100] Batch Translation Loss:  52.483189 => Lr: 0.001000
2025-03-27 07:22:01,987 [Epoch: 013 Step: 00044200] Batch Translation Loss:  47.529152 => Lr: 0.001000
2025-03-27 07:24:31,083 [Epoch: 013 Step: 00044300] Batch Translation Loss:  38.236420 => Lr: 0.001000
2025-03-27 07:26:57,310 [Epoch: 013 Step: 00044400] Batch Translation Loss:  48.873142 => Lr: 0.001000
2025-03-27 07:29:32,513 [Epoch: 013 Step: 00044500] Batch Translation Loss:  45.565178 => Lr: 0.001000
2025-03-27 07:32:16,161 [Epoch: 013 Step: 00044600] Batch Translation Loss:  39.147163 => Lr: 0.001000
2025-03-27 07:35:10,785 [Epoch: 013 Step: 00044700] Batch Translation Loss:  41.146648 => Lr: 0.001000
2025-03-27 07:37:56,284 [Epoch: 013 Step: 00044800] Batch Translation Loss:  62.807747 => Lr: 0.001000
2025-03-27 07:40:50,428 [Epoch: 013 Step: 00044900] Batch Translation Loss:  53.271030 => Lr: 0.001000
2025-03-27 07:43:41,125 [Epoch: 013 Step: 00045000] Batch Translation Loss:  66.223213 => Lr: 0.001000
2025-03-27 07:46:42,542 [Epoch: 013 Step: 00045100] Batch Translation Loss:  42.232384 => Lr: 0.001000
2025-03-27 07:49:55,204 [Epoch: 013 Step: 00045200] Batch Translation Loss:  29.979784 => Lr: 0.001000
2025-03-27 07:52:55,555 [Epoch: 013 Step: 00045300] Batch Translation Loss:  60.756714 => Lr: 0.001000
2025-03-27 07:56:05,481 [Epoch: 013 Step: 00045400] Batch Translation Loss:  49.978863 => Lr: 0.001000
2025-03-27 07:59:15,498 [Epoch: 013 Step: 00045500] Batch Translation Loss:  56.093586 => Lr: 0.001000
2025-03-27 08:05:55,747 Saved 518 text references to ./sign_sample_back_to_word\txt_references_45500.txt and 518 text hypotheses to ./sign_sample_back_to_word\txt_hypotheses_45500.txt
2025-03-27 08:08:49,697 [Epoch: 013 Step: 00045600] Batch Translation Loss:  13.365807 => Lr: 0.001000
2025-03-27 08:12:14,226 [Epoch: 013 Step: 00045700] Batch Translation Loss:  73.013985 => Lr: 0.001000
2025-03-27 08:15:29,084 [Epoch: 013 Step: 00045800] Batch Translation Loss:  40.146133 => Lr: 0.001000
2025-03-27 08:18:50,530 [Epoch: 013 Step: 00045900] Batch Translation Loss:  36.192513 => Lr: 0.001000
2025-03-27 08:22:09,966 [Epoch: 013 Step: 00046000] Batch Translation Loss:  98.911163 => Lr: 0.001000
2025-03-27 08:25:26,120 [Epoch: 013 Step: 00046100] Batch Translation Loss:  55.218998 => Lr: 0.001000
2025-03-27 08:26:05,920 Epoch  13: Total Training Translation Loss 169984.03 
2025-03-27 08:26:05,922 EPOCH 14
2025-03-27 08:27:43,006 [Epoch: 014 Step: 00046200] Batch Translation Loss:  15.052914 => Lr: 0.001000
2025-03-27 08:30:03,653 [Epoch: 014 Step: 00046300] Batch Translation Loss:  40.745815 => Lr: 0.001000
2025-03-27 08:32:36,303 [Epoch: 014 Step: 00046400] Batch Translation Loss:  56.641037 => Lr: 0.001000
2025-03-27 08:35:06,809 [Epoch: 014 Step: 00046500] Batch Translation Loss:  49.771881 => Lr: 0.001000
2025-03-27 08:37:26,710 [Epoch: 014 Step: 00046600] Batch Translation Loss:  27.184977 => Lr: 0.001000
2025-03-27 08:39:58,562 [Epoch: 014 Step: 00046700] Batch Translation Loss:  46.344227 => Lr: 0.001000
2025-03-27 08:42:14,279 [Epoch: 014 Step: 00046800] Batch Translation Loss:  31.286892 => Lr: 0.001000
2025-03-27 08:44:33,219 [Epoch: 014 Step: 00046900] Batch Translation Loss:  39.195747 => Lr: 0.001000
2025-03-27 08:46:49,623 [Epoch: 014 Step: 00047000] Batch Translation Loss:  66.445122 => Lr: 0.001000
2025-03-27 08:49:09,540 [Epoch: 014 Step: 00047100] Batch Translation Loss:  56.437069 => Lr: 0.001000
2025-03-27 08:51:27,380 [Epoch: 014 Step: 00047200] Batch Translation Loss:  40.160240 => Lr: 0.001000
2025-03-27 08:53:47,506 [Epoch: 014 Step: 00047300] Batch Translation Loss:  41.754372 => Lr: 0.001000
2025-03-27 08:56:22,995 [Epoch: 014 Step: 00047400] Batch Translation Loss:  42.510559 => Lr: 0.001000
2025-03-27 08:58:47,319 [Epoch: 014 Step: 00047500] Batch Translation Loss:  41.892986 => Lr: 0.001000
2025-03-27 09:01:10,428 [Epoch: 014 Step: 00047600] Batch Translation Loss:  40.573776 => Lr: 0.001000
2025-03-27 09:03:32,990 [Epoch: 014 Step: 00047700] Batch Translation Loss:  28.416229 => Lr: 0.001000
2025-03-27 09:05:55,466 [Epoch: 014 Step: 00047800] Batch Translation Loss: 112.226639 => Lr: 0.001000
2025-03-27 09:08:12,088 [Epoch: 014 Step: 00047900] Batch Translation Loss: 100.294617 => Lr: 0.001000
2025-03-27 09:10:38,673 [Epoch: 014 Step: 00048000] Batch Translation Loss:  76.048485 => Lr: 0.001000
2025-03-27 09:13:08,604 [Epoch: 014 Step: 00048100] Batch Translation Loss:  92.247810 => Lr: 0.001000
2025-03-27 09:15:37,381 [Epoch: 014 Step: 00048200] Batch Translation Loss:  29.228708 => Lr: 0.001000
2025-03-27 09:18:11,197 [Epoch: 014 Step: 00048300] Batch Translation Loss: 102.875252 => Lr: 0.001000
2025-03-27 09:20:53,023 [Epoch: 014 Step: 00048400] Batch Translation Loss:  42.444401 => Lr: 0.001000
2025-03-27 09:23:38,120 [Epoch: 014 Step: 00048500] Batch Translation Loss:  29.927664 => Lr: 0.001000
2025-03-27 09:26:36,101 [Epoch: 014 Step: 00048600] Batch Translation Loss:  52.269085 => Lr: 0.001000
2025-03-27 09:29:24,062 [Epoch: 014 Step: 00048700] Batch Translation Loss:  21.456640 => Lr: 0.001000
2025-03-27 09:32:29,744 [Epoch: 014 Step: 00048800] Batch Translation Loss:  65.975243 => Lr: 0.001000
2025-03-27 09:35:22,067 [Epoch: 014 Step: 00048900] Batch Translation Loss:  63.707378 => Lr: 0.001000
2025-03-27 09:38:26,184 [Epoch: 014 Step: 00049000] Batch Translation Loss:  44.459301 => Lr: 0.001000
2025-03-27 09:45:07,317 Saved 518 text references to ./sign_sample_back_to_word\txt_references_49000.txt and 518 text hypotheses to ./sign_sample_back_to_word\txt_hypotheses_49000.txt
2025-03-27 09:45:07,319 Hooray! New best validation result [eval_metric]!
2025-03-27 09:45:07,319 Saving new checkpoint.
2025-03-27 09:48:16,781 [Epoch: 014 Step: 00049100] Batch Translation Loss:  22.938717 => Lr: 0.001000
2025-03-27 09:51:28,046 [Epoch: 014 Step: 00049200] Batch Translation Loss:  56.961575 => Lr: 0.001000
2025-03-27 09:54:52,241 [Epoch: 014 Step: 00049300] Batch Translation Loss:  37.207600 => Lr: 0.001000
2025-03-27 09:57:58,888 [Epoch: 014 Step: 00049400] Batch Translation Loss:  29.707701 => Lr: 0.001000
2025-03-27 10:01:07,044 [Epoch: 014 Step: 00049500] Batch Translation Loss:  35.182892 => Lr: 0.001000
2025-03-27 10:04:06,208 [Epoch: 014 Step: 00049600] Batch Translation Loss:  69.494324 => Lr: 0.001000
2025-03-27 10:06:14,431 Epoch  14: Total Training Translation Loss 167460.50 
2025-03-27 10:06:14,433 EPOCH 15
2025-03-27 10:07:04,782 [Epoch: 015 Step: 00049700] Batch Translation Loss:  31.392899 => Lr: 0.001000
2025-03-27 10:09:55,286 [Epoch: 015 Step: 00049800] Batch Translation Loss:  33.108463 => Lr: 0.001000
2025-03-27 10:12:49,849 [Epoch: 015 Step: 00049900] Batch Translation Loss:  77.006882 => Lr: 0.001000
2025-03-27 10:15:43,441 [Epoch: 015 Step: 00050000] Batch Translation Loss:  75.325424 => Lr: 0.001000
2025-03-27 10:18:35,838 [Epoch: 015 Step: 00050100] Batch Translation Loss:  38.005680 => Lr: 0.001000
2025-03-27 10:21:21,459 [Epoch: 015 Step: 00050200] Batch Translation Loss:  63.299709 => Lr: 0.001000
2025-03-27 10:24:18,669 [Epoch: 015 Step: 00050300] Batch Translation Loss:  33.464638 => Lr: 0.001000
2025-03-27 10:27:12,557 [Epoch: 015 Step: 00050400] Batch Translation Loss:  33.087376 => Lr: 0.001000
2025-03-27 10:30:03,880 [Epoch: 015 Step: 00050500] Batch Translation Loss:  45.886600 => Lr: 0.001000
2025-03-27 10:33:00,915 [Epoch: 015 Step: 00050600] Batch Translation Loss:  95.073479 => Lr: 0.001000
2025-03-27 10:35:59,355 [Epoch: 015 Step: 00050700] Batch Translation Loss:  65.731712 => Lr: 0.001000
2025-03-27 10:38:53,631 [Epoch: 015 Step: 00050800] Batch Translation Loss:  47.972786 => Lr: 0.001000
2025-03-27 10:41:54,091 [Epoch: 015 Step: 00050900] Batch Translation Loss:  33.714260 => Lr: 0.001000
2025-03-27 10:44:48,266 [Epoch: 015 Step: 00051000] Batch Translation Loss:  16.996183 => Lr: 0.001000
2025-03-27 10:47:40,005 [Epoch: 015 Step: 00051100] Batch Translation Loss:  28.613317 => Lr: 0.001000
2025-03-27 10:50:36,295 [Epoch: 015 Step: 00051200] Batch Translation Loss:  66.660759 => Lr: 0.001000
2025-03-27 10:53:29,185 [Epoch: 015 Step: 00051300] Batch Translation Loss:  47.755390 => Lr: 0.001000
2025-03-27 10:56:14,325 [Epoch: 015 Step: 00051400] Batch Translation Loss:  44.792290 => Lr: 0.001000
2025-03-27 10:59:18,994 [Epoch: 015 Step: 00051500] Batch Translation Loss:  28.356506 => Lr: 0.001000
2025-03-27 11:02:18,002 [Epoch: 015 Step: 00051600] Batch Translation Loss:  34.830021 => Lr: 0.001000
2025-03-27 11:05:07,564 [Epoch: 015 Step: 00051700] Batch Translation Loss:  82.674042 => Lr: 0.001000
2025-03-27 11:08:16,096 [Epoch: 015 Step: 00051800] Batch Translation Loss:  23.565243 => Lr: 0.001000
2025-03-27 11:11:12,571 [Epoch: 015 Step: 00051900] Batch Translation Loss:  25.929089 => Lr: 0.001000
2025-03-27 11:14:13,073 [Epoch: 015 Step: 00052000] Batch Translation Loss:  72.402313 => Lr: 0.001000
2025-03-27 11:17:21,504 [Epoch: 015 Step: 00052100] Batch Translation Loss:  35.250252 => Lr: 0.001000
2025-03-27 11:20:16,811 [Epoch: 015 Step: 00052200] Batch Translation Loss:  27.596197 => Lr: 0.001000
2025-03-27 11:23:12,436 [Epoch: 015 Step: 00052300] Batch Translation Loss:  19.900860 => Lr: 0.001000
2025-03-27 11:26:10,136 [Epoch: 015 Step: 00052400] Batch Translation Loss:  22.254654 => Lr: 0.001000
2025-03-27 11:29:12,243 [Epoch: 015 Step: 00052500] Batch Translation Loss:  89.891647 => Lr: 0.001000
2025-03-27 11:35:51,095 Saved 518 text references to ./sign_sample_back_to_word\txt_references_52500.txt and 518 text hypotheses to ./sign_sample_back_to_word\txt_hypotheses_52500.txt
2025-03-27 11:38:56,463 [Epoch: 015 Step: 00052600] Batch Translation Loss:  69.409302 => Lr: 0.001000
2025-03-27 11:42:06,680 [Epoch: 015 Step: 00052700] Batch Translation Loss:  54.066311 => Lr: 0.001000
2025-03-27 11:45:08,052 [Epoch: 015 Step: 00052800] Batch Translation Loss:  23.470495 => Lr: 0.001000
2025-03-27 11:48:07,432 [Epoch: 015 Step: 00052900] Batch Translation Loss:  33.417397 => Lr: 0.001000
2025-03-27 11:51:15,094 [Epoch: 015 Step: 00053000] Batch Translation Loss:  69.005341 => Lr: 0.001000
2025-03-27 11:54:14,607 [Epoch: 015 Step: 00053100] Batch Translation Loss:  53.100266 => Lr: 0.001000
2025-03-27 11:57:25,206 [Epoch: 015 Step: 00053200] Batch Translation Loss:  29.246334 => Lr: 0.001000
2025-03-27 11:58:00,629 Epoch  15: Total Training Translation Loss 164871.00 
2025-03-27 11:58:00,631 EPOCH 16
2025-03-27 11:59:38,190 [Epoch: 016 Step: 00053300] Batch Translation Loss:  77.233208 => Lr: 0.001000
2025-03-27 12:01:35,774 [Epoch: 016 Step: 00053400] Batch Translation Loss:  22.048605 => Lr: 0.001000
2025-03-27 12:03:51,372 [Epoch: 016 Step: 00053500] Batch Translation Loss:  42.232224 => Lr: 0.001000
2025-03-27 12:05:53,929 [Epoch: 016 Step: 00053600] Batch Translation Loss:  84.130630 => Lr: 0.001000
2025-03-27 12:08:00,358 [Epoch: 016 Step: 00053700] Batch Translation Loss:  72.944939 => Lr: 0.001000
2025-03-27 12:10:12,322 [Epoch: 016 Step: 00053800] Batch Translation Loss:  14.707958 => Lr: 0.001000
2025-03-27 12:12:17,833 [Epoch: 016 Step: 00053900] Batch Translation Loss:  20.877771 => Lr: 0.001000
2025-03-27 12:14:32,186 [Epoch: 016 Step: 00054000] Batch Translation Loss:  34.085716 => Lr: 0.001000
2025-03-27 12:16:38,770 [Epoch: 016 Step: 00054100] Batch Translation Loss:  40.710072 => Lr: 0.001000
2025-03-27 12:18:53,375 [Epoch: 016 Step: 00054200] Batch Translation Loss:  34.330208 => Lr: 0.001000
2025-03-27 12:21:12,684 [Epoch: 016 Step: 00054300] Batch Translation Loss:  33.596191 => Lr: 0.001000
2025-03-27 12:23:23,369 [Epoch: 016 Step: 00054400] Batch Translation Loss:  49.816216 => Lr: 0.001000
2025-03-27 12:25:44,251 [Epoch: 016 Step: 00054500] Batch Translation Loss:  46.819824 => Lr: 0.001000
2025-03-27 12:28:01,963 [Epoch: 016 Step: 00054600] Batch Translation Loss:  26.212006 => Lr: 0.001000
2025-03-27 12:30:24,533 [Epoch: 016 Step: 00054700] Batch Translation Loss:  86.520119 => Lr: 0.001000
2025-03-27 12:32:57,315 [Epoch: 016 Step: 00054800] Batch Translation Loss:  72.624428 => Lr: 0.001000
2025-03-27 12:35:25,110 [Epoch: 016 Step: 00054900] Batch Translation Loss: 116.095573 => Lr: 0.001000
2025-03-27 12:38:01,076 [Epoch: 016 Step: 00055000] Batch Translation Loss:  43.235867 => Lr: 0.001000
2025-03-27 12:40:29,308 [Epoch: 016 Step: 00055100] Batch Translation Loss:  29.976252 => Lr: 0.001000
2025-03-27 12:43:08,390 [Epoch: 016 Step: 00055200] Batch Translation Loss:  62.163879 => Lr: 0.001000
2025-03-27 12:45:45,244 [Epoch: 016 Step: 00055300] Batch Translation Loss:  36.662071 => Lr: 0.001000
2025-03-27 12:48:33,573 [Epoch: 016 Step: 00055400] Batch Translation Loss:  49.690704 => Lr: 0.001000
2025-03-27 12:51:22,435 [Epoch: 016 Step: 00055500] Batch Translation Loss:  90.053757 => Lr: 0.001000
2025-03-27 12:54:19,311 [Epoch: 016 Step: 00055600] Batch Translation Loss:  40.943855 => Lr: 0.001000
2025-03-27 12:57:25,157 [Epoch: 016 Step: 00055700] Batch Translation Loss:  50.653027 => Lr: 0.001000
2025-03-27 13:00:28,421 [Epoch: 016 Step: 00055800] Batch Translation Loss:  30.678595 => Lr: 0.001000
2025-03-27 13:03:27,052 [Epoch: 016 Step: 00055900] Batch Translation Loss:  49.456703 => Lr: 0.001000
2025-03-27 13:06:51,259 [Epoch: 016 Step: 00056000] Batch Translation Loss:  51.579647 => Lr: 0.001000
2025-03-27 13:13:33,541 Saved 518 text references to ./sign_sample_back_to_word\txt_references_56000.txt and 518 text hypotheses to ./sign_sample_back_to_word\txt_hypotheses_56000.txt
2025-03-27 13:16:51,541 [Epoch: 016 Step: 00056100] Batch Translation Loss:  43.607086 => Lr: 0.001000
2025-03-27 13:19:57,443 [Epoch: 016 Step: 00056200] Batch Translation Loss:  21.940842 => Lr: 0.001000
2025-03-27 13:23:02,303 [Epoch: 016 Step: 00056300] Batch Translation Loss:  24.631578 => Lr: 0.001000
2025-03-27 13:26:13,352 [Epoch: 016 Step: 00056400] Batch Translation Loss:  44.001457 => Lr: 0.001000
2025-03-27 13:29:24,691 [Epoch: 016 Step: 00056500] Batch Translation Loss:  41.813343 => Lr: 0.001000
2025-03-27 13:32:30,165 [Epoch: 016 Step: 00056600] Batch Translation Loss:  15.984144 => Lr: 0.001000
2025-03-27 13:35:40,193 [Epoch: 016 Step: 00056700] Batch Translation Loss:  63.446342 => Lr: 0.001000
2025-03-27 13:37:48,847 Epoch  16: Total Training Translation Loss 162687.22 
2025-03-27 13:37:48,850 EPOCH 17
2025-03-27 13:38:41,543 [Epoch: 017 Step: 00056800] Batch Translation Loss:  39.543941 => Lr: 0.001000
2025-03-27 13:41:16,336 [Epoch: 017 Step: 00056900] Batch Translation Loss:  61.290966 => Lr: 0.001000
2025-03-27 13:43:56,190 [Epoch: 017 Step: 00057000] Batch Translation Loss:  40.468029 => Lr: 0.001000
2025-03-27 13:46:29,491 [Epoch: 017 Step: 00057100] Batch Translation Loss:  25.890709 => Lr: 0.001000
2025-03-27 13:49:02,411 [Epoch: 017 Step: 00057200] Batch Translation Loss:  48.336571 => Lr: 0.001000
2025-03-27 13:51:41,406 [Epoch: 017 Step: 00057300] Batch Translation Loss:  78.966087 => Lr: 0.001000
2025-03-27 13:54:13,639 [Epoch: 017 Step: 00057400] Batch Translation Loss:  85.254868 => Lr: 0.001000
2025-03-27 13:56:57,149 [Epoch: 017 Step: 00057500] Batch Translation Loss:  35.769932 => Lr: 0.001000
2025-03-27 13:59:30,537 [Epoch: 017 Step: 00057600] Batch Translation Loss:  45.549664 => Lr: 0.001000
2025-03-27 14:02:07,226 [Epoch: 017 Step: 00057700] Batch Translation Loss:  55.861382 => Lr: 0.001000
2025-03-27 14:04:45,349 [Epoch: 017 Step: 00057800] Batch Translation Loss:  23.042673 => Lr: 0.001000
2025-03-27 14:07:08,211 [Epoch: 017 Step: 00057900] Batch Translation Loss:  39.452068 => Lr: 0.001000
2025-03-27 14:09:46,985 [Epoch: 017 Step: 00058000] Batch Translation Loss:  35.799316 => Lr: 0.001000
2025-03-27 14:12:21,880 [Epoch: 017 Step: 00058100] Batch Translation Loss:  44.815495 => Lr: 0.001000
2025-03-27 14:14:55,052 [Epoch: 017 Step: 00058200] Batch Translation Loss:  39.403923 => Lr: 0.001000
2025-03-27 14:17:33,918 [Epoch: 017 Step: 00058300] Batch Translation Loss:  19.167639 => Lr: 0.001000
2025-03-27 14:20:17,493 [Epoch: 017 Step: 00058400] Batch Translation Loss:  44.289757 => Lr: 0.001000
2025-03-27 14:22:57,176 [Epoch: 017 Step: 00058500] Batch Translation Loss:  61.687813 => Lr: 0.001000
2025-03-27 14:25:33,229 [Epoch: 017 Step: 00058600] Batch Translation Loss:  67.137512 => Lr: 0.001000
2025-03-27 14:28:12,059 [Epoch: 017 Step: 00058700] Batch Translation Loss:  40.882812 => Lr: 0.001000
2025-03-27 14:30:59,932 [Epoch: 017 Step: 00058800] Batch Translation Loss:  25.626825 => Lr: 0.001000
2025-03-27 14:33:36,446 [Epoch: 017 Step: 00058900] Batch Translation Loss:  34.780956 => Lr: 0.001000
2025-03-27 14:36:37,363 [Epoch: 017 Step: 00059000] Batch Translation Loss:  35.892872 => Lr: 0.001000
2025-03-27 14:39:28,251 [Epoch: 017 Step: 00059100] Batch Translation Loss:  70.554466 => Lr: 0.001000
2025-03-27 14:42:17,825 [Epoch: 017 Step: 00059200] Batch Translation Loss:  53.496731 => Lr: 0.001000
2025-03-27 14:45:39,036 [Epoch: 017 Step: 00059300] Batch Translation Loss:  65.475456 => Lr: 0.001000
2025-03-27 14:48:53,310 [Epoch: 017 Step: 00059400] Batch Translation Loss:  38.208187 => Lr: 0.001000
2025-03-27 14:52:01,129 [Epoch: 017 Step: 00059500] Batch Translation Loss:  30.672976 => Lr: 0.001000
2025-03-27 14:58:45,961 Saved 518 text references to ./sign_sample_back_to_word\txt_references_59500.txt and 518 text hypotheses to ./sign_sample_back_to_word\txt_hypotheses_59500.txt
2025-03-27 14:58:45,963 Hooray! New best validation result [eval_metric]!
2025-03-27 14:58:45,964 Saving new checkpoint.
2025-03-27 15:02:02,276 [Epoch: 017 Step: 00059600] Batch Translation Loss:  69.070831 => Lr: 0.001000
2025-03-27 15:05:09,425 [Epoch: 017 Step: 00059700] Batch Translation Loss:  47.256592 => Lr: 0.001000
2025-03-27 15:08:28,485 [Epoch: 017 Step: 00059800] Batch Translation Loss:  63.597813 => Lr: 0.001000
2025-03-27 15:11:38,786 [Epoch: 017 Step: 00059900] Batch Translation Loss:  33.414665 => Lr: 0.001000
2025-03-27 15:14:51,748 [Epoch: 017 Step: 00060000] Batch Translation Loss:  35.086689 => Lr: 0.001000
2025-03-27 15:18:00,520 [Epoch: 017 Step: 00060100] Batch Translation Loss:  74.348419 => Lr: 0.001000
2025-03-27 15:21:02,754 [Epoch: 017 Step: 00060200] Batch Translation Loss:  26.023724 => Lr: 0.001000
2025-03-27 15:24:15,267 [Epoch: 017 Step: 00060300] Batch Translation Loss:  55.686214 => Lr: 0.001000
2025-03-27 15:24:45,155 Epoch  17: Total Training Translation Loss 160615.50 
2025-03-27 15:24:45,158 EPOCH 18
2025-03-27 15:27:06,621 [Epoch: 018 Step: 00060400] Batch Translation Loss:  74.164993 => Lr: 0.001000
2025-03-27 15:29:45,792 [Epoch: 018 Step: 00060500] Batch Translation Loss:  39.476974 => Lr: 0.001000
2025-03-27 15:32:28,022 [Epoch: 018 Step: 00060600] Batch Translation Loss:  66.240120 => Lr: 0.001000
2025-03-27 15:35:02,692 [Epoch: 018 Step: 00060700] Batch Translation Loss:  40.417328 => Lr: 0.001000
2025-03-27 15:37:38,988 [Epoch: 018 Step: 00060800] Batch Translation Loss:  40.624046 => Lr: 0.001000
2025-03-27 15:40:11,973 [Epoch: 018 Step: 00060900] Batch Translation Loss:  88.058067 => Lr: 0.001000
2025-03-27 15:42:55,854 [Epoch: 018 Step: 00061000] Batch Translation Loss:  47.465343 => Lr: 0.001000
2025-03-27 15:45:32,176 [Epoch: 018 Step: 00061100] Batch Translation Loss:  45.539776 => Lr: 0.001000
2025-03-27 15:48:12,592 [Epoch: 018 Step: 00061200] Batch Translation Loss:  10.337324 => Lr: 0.001000
2025-03-27 15:50:51,117 [Epoch: 018 Step: 00061300] Batch Translation Loss:  80.342682 => Lr: 0.001000
2025-03-27 15:53:30,650 [Epoch: 018 Step: 00061400] Batch Translation Loss:  81.951813 => Lr: 0.001000
2025-03-27 15:56:08,752 [Epoch: 018 Step: 00061500] Batch Translation Loss:  20.443205 => Lr: 0.001000
2025-03-27 15:58:40,707 [Epoch: 018 Step: 00061600] Batch Translation Loss:  57.783413 => Lr: 0.001000
2025-03-27 16:01:22,703 [Epoch: 018 Step: 00061700] Batch Translation Loss:  46.645260 => Lr: 0.001000
2025-03-27 16:04:06,905 [Epoch: 018 Step: 00061800] Batch Translation Loss:  37.778519 => Lr: 0.001000
2025-03-27 16:06:52,229 [Epoch: 018 Step: 00061900] Batch Translation Loss:  44.088627 => Lr: 0.001000
2025-03-27 16:09:26,779 [Epoch: 018 Step: 00062000] Batch Translation Loss:  24.824074 => Lr: 0.001000
2025-03-27 16:12:20,370 [Epoch: 018 Step: 00062100] Batch Translation Loss:  55.327602 => Lr: 0.001000
2025-03-27 16:14:57,772 [Epoch: 018 Step: 00062200] Batch Translation Loss:  10.675311 => Lr: 0.001000
2025-03-27 16:17:29,870 [Epoch: 018 Step: 00062300] Batch Translation Loss:  98.611000 => Lr: 0.001000
2025-03-27 16:20:11,796 [Epoch: 018 Step: 00062400] Batch Translation Loss:  30.700981 => Lr: 0.001000
2025-03-27 16:23:04,236 [Epoch: 018 Step: 00062500] Batch Translation Loss:  31.493582 => Lr: 0.001000
2025-03-27 16:25:50,701 [Epoch: 018 Step: 00062600] Batch Translation Loss:  37.517498 => Lr: 0.001000
2025-03-27 16:28:34,399 [Epoch: 018 Step: 00062700] Batch Translation Loss:  66.230553 => Lr: 0.001000
2025-03-27 16:31:21,643 [Epoch: 018 Step: 00062800] Batch Translation Loss:  69.138786 => Lr: 0.001000
2025-03-27 16:34:15,816 [Epoch: 018 Step: 00062900] Batch Translation Loss:  71.278427 => Lr: 0.001000
2025-03-27 16:37:06,558 [Epoch: 018 Step: 00063000] Batch Translation Loss:  19.335554 => Lr: 0.001000
2025-03-27 16:43:48,212 Saved 518 text references to ./sign_sample_back_to_word\txt_references_63000.txt and 518 text hypotheses to ./sign_sample_back_to_word\txt_hypotheses_63000.txt
2025-03-27 16:46:53,986 [Epoch: 018 Step: 00063100] Batch Translation Loss:  20.458408 => Lr: 0.001000
2025-03-27 16:50:04,650 [Epoch: 018 Step: 00063200] Batch Translation Loss:  58.183052 => Lr: 0.001000
2025-03-27 16:53:18,324 [Epoch: 018 Step: 00063300] Batch Translation Loss:  68.304146 => Lr: 0.001000
2025-03-27 16:56:19,548 [Epoch: 018 Step: 00063400] Batch Translation Loss:  54.412842 => Lr: 0.001000
2025-03-27 16:59:33,346 [Epoch: 018 Step: 00063500] Batch Translation Loss:  35.820885 => Lr: 0.001000
2025-03-27 17:02:38,868 [Epoch: 018 Step: 00063600] Batch Translation Loss:  49.211128 => Lr: 0.001000
2025-03-27 17:05:37,087 [Epoch: 018 Step: 00063700] Batch Translation Loss:  44.181896 => Lr: 0.001000
2025-03-27 17:08:39,824 [Epoch: 018 Step: 00063800] Batch Translation Loss:  80.161690 => Lr: 0.001000
2025-03-27 17:10:38,090 Epoch  18: Total Training Translation Loss 158556.14 
2025-03-27 17:10:38,092 EPOCH 19
2025-03-27 17:11:22,348 [Epoch: 019 Step: 00063900] Batch Translation Loss:  42.749851 => Lr: 0.001000
2025-03-27 17:13:36,625 [Epoch: 019 Step: 00064000] Batch Translation Loss:  82.062317 => Lr: 0.001000
2025-03-27 17:15:47,397 [Epoch: 019 Step: 00064100] Batch Translation Loss:  39.336899 => Lr: 0.001000
2025-03-27 17:17:56,097 [Epoch: 019 Step: 00064200] Batch Translation Loss:  29.859230 => Lr: 0.001000
2025-03-27 17:20:19,709 [Epoch: 019 Step: 00064300] Batch Translation Loss:  52.648296 => Lr: 0.001000
2025-03-27 17:22:33,144 [Epoch: 019 Step: 00064400] Batch Translation Loss:  41.498211 => Lr: 0.001000
2025-03-27 17:24:46,611 [Epoch: 019 Step: 00064500] Batch Translation Loss:  37.584225 => Lr: 0.001000
2025-03-27 17:27:04,275 [Epoch: 019 Step: 00064600] Batch Translation Loss:  46.642635 => Lr: 0.001000
2025-03-27 17:29:15,204 [Epoch: 019 Step: 00064700] Batch Translation Loss:  43.394173 => Lr: 0.001000
2025-03-27 17:31:23,601 [Epoch: 019 Step: 00064800] Batch Translation Loss:  64.640892 => Lr: 0.001000
2025-03-27 17:33:40,090 [Epoch: 019 Step: 00064900] Batch Translation Loss:  32.891136 => Lr: 0.001000
2025-03-27 17:36:04,139 [Epoch: 019 Step: 00065000] Batch Translation Loss:  15.535493 => Lr: 0.001000
2025-03-27 17:38:20,670 [Epoch: 019 Step: 00065100] Batch Translation Loss:  53.164539 => Lr: 0.001000
2025-03-27 17:40:44,424 [Epoch: 019 Step: 00065200] Batch Translation Loss:  56.556267 => Lr: 0.001000
2025-03-27 17:43:10,761 [Epoch: 019 Step: 00065300] Batch Translation Loss:  25.269224 => Lr: 0.001000
2025-03-27 17:45:42,488 [Epoch: 019 Step: 00065400] Batch Translation Loss:  83.345840 => Lr: 0.001000
2025-03-27 17:48:08,202 [Epoch: 019 Step: 00065500] Batch Translation Loss:  29.174051 => Lr: 0.001000
2025-03-27 17:50:39,201 [Epoch: 019 Step: 00065600] Batch Translation Loss:  25.797571 => Lr: 0.001000
2025-03-27 17:53:13,791 [Epoch: 019 Step: 00065700] Batch Translation Loss:  23.362728 => Lr: 0.001000
2025-03-27 17:55:40,867 [Epoch: 019 Step: 00065800] Batch Translation Loss:  89.477997 => Lr: 0.001000
2025-03-27 17:58:26,717 [Epoch: 019 Step: 00065900] Batch Translation Loss:  17.437895 => Lr: 0.001000
2025-03-27 18:01:11,124 [Epoch: 019 Step: 00066000] Batch Translation Loss:  22.682650 => Lr: 0.001000
2025-03-27 18:04:05,201 [Epoch: 019 Step: 00066100] Batch Translation Loss:  38.770065 => Lr: 0.001000
2025-03-27 18:06:55,492 [Epoch: 019 Step: 00066200] Batch Translation Loss:  48.271496 => Lr: 0.001000
2025-03-27 18:09:35,249 [Epoch: 019 Step: 00066300] Batch Translation Loss:  38.897671 => Lr: 0.001000
2025-03-27 18:12:24,649 [Epoch: 019 Step: 00066400] Batch Translation Loss:  31.623728 => Lr: 0.001000
2025-03-27 18:15:19,651 [Epoch: 019 Step: 00066500] Batch Translation Loss:  38.529877 => Lr: 0.001000
2025-03-27 18:22:03,210 Saved 518 text references to ./sign_sample_back_to_word\txt_references_66500.txt and 518 text hypotheses to ./sign_sample_back_to_word\txt_hypotheses_66500.txt
2025-03-27 18:25:20,637 [Epoch: 019 Step: 00066600] Batch Translation Loss:  35.784126 => Lr: 0.001000
2025-03-27 18:28:29,218 [Epoch: 019 Step: 00066700] Batch Translation Loss:  67.702896 => Lr: 0.001000
2025-03-27 18:31:36,301 [Epoch: 019 Step: 00066800] Batch Translation Loss:  40.683571 => Lr: 0.001000
2025-03-27 18:34:49,800 [Epoch: 019 Step: 00066900] Batch Translation Loss:  70.650551 => Lr: 0.001000
2025-03-27 18:37:59,020 [Epoch: 019 Step: 00067000] Batch Translation Loss:  52.322186 => Lr: 0.001000
2025-03-27 18:41:16,001 [Epoch: 019 Step: 00067100] Batch Translation Loss:  27.069002 => Lr: 0.001000
2025-03-27 18:44:15,178 [Epoch: 019 Step: 00067200] Batch Translation Loss:  55.160809 => Lr: 0.001000
2025-03-27 18:47:22,829 [Epoch: 019 Step: 00067300] Batch Translation Loss:  31.347120 => Lr: 0.001000
2025-03-27 18:50:35,700 [Epoch: 019 Step: 00067400] Batch Translation Loss:  11.539592 => Lr: 0.001000
2025-03-27 18:50:56,434 Epoch  19: Total Training Translation Loss 156736.98 
2025-03-27 18:50:56,436 EPOCH 20
2025-03-27 18:52:52,048 [Epoch: 020 Step: 00067500] Batch Translation Loss:  28.300735 => Lr: 0.001000
2025-03-27 18:54:58,209 [Epoch: 020 Step: 00067600] Batch Translation Loss:  31.453634 => Lr: 0.001000
2025-03-27 18:57:12,184 [Epoch: 020 Step: 00067700] Batch Translation Loss:  15.354483 => Lr: 0.001000
2025-03-27 18:59:16,540 [Epoch: 020 Step: 00067800] Batch Translation Loss:  76.905350 => Lr: 0.001000
2025-03-27 19:01:31,959 [Epoch: 020 Step: 00067900] Batch Translation Loss:  21.251026 => Lr: 0.001000
2025-03-27 19:03:43,517 [Epoch: 020 Step: 00068000] Batch Translation Loss:  53.795841 => Lr: 0.001000
2025-03-27 19:06:02,123 [Epoch: 020 Step: 00068100] Batch Translation Loss:  52.200340 => Lr: 0.001000
2025-03-27 19:08:28,663 [Epoch: 020 Step: 00068200] Batch Translation Loss:  30.352219 => Lr: 0.001000
2025-03-27 19:10:49,594 [Epoch: 020 Step: 00068300] Batch Translation Loss:  46.931225 => Lr: 0.001000
2025-03-27 19:13:02,148 [Epoch: 020 Step: 00068400] Batch Translation Loss:  58.361752 => Lr: 0.001000
2025-03-27 19:15:28,579 [Epoch: 020 Step: 00068500] Batch Translation Loss:  75.875450 => Lr: 0.001000
2025-03-27 19:17:51,084 [Epoch: 020 Step: 00068600] Batch Translation Loss:  32.602421 => Lr: 0.001000
2025-03-27 19:20:12,753 [Epoch: 020 Step: 00068700] Batch Translation Loss:  44.977058 => Lr: 0.001000
2025-03-27 19:22:38,491 [Epoch: 020 Step: 00068800] Batch Translation Loss:  46.734623 => Lr: 0.001000
2025-03-27 19:25:00,571 [Epoch: 020 Step: 00068900] Batch Translation Loss:  12.114914 => Lr: 0.001000
2025-03-27 19:27:24,805 [Epoch: 020 Step: 00069000] Batch Translation Loss:  42.021397 => Lr: 0.001000
2025-03-27 19:29:51,050 [Epoch: 020 Step: 00069100] Batch Translation Loss:  60.373459 => Lr: 0.001000
2025-03-27 19:32:35,028 [Epoch: 020 Step: 00069200] Batch Translation Loss:  23.664129 => Lr: 0.001000
2025-03-27 19:35:16,990 [Epoch: 020 Step: 00069300] Batch Translation Loss:  43.152325 => Lr: 0.001000
2025-03-27 19:38:06,248 [Epoch: 020 Step: 00069400] Batch Translation Loss:  25.990591 => Lr: 0.001000
2025-03-27 19:40:47,003 [Epoch: 020 Step: 00069500] Batch Translation Loss:  28.552898 => Lr: 0.001000
2025-03-27 19:43:41,890 [Epoch: 020 Step: 00069600] Batch Translation Loss:  55.609863 => Lr: 0.001000
2025-03-27 19:46:25,922 [Epoch: 020 Step: 00069700] Batch Translation Loss:  27.681417 => Lr: 0.001000
2025-03-27 19:49:09,818 [Epoch: 020 Step: 00069800] Batch Translation Loss:  49.168385 => Lr: 0.001000
2025-03-27 19:52:18,177 [Epoch: 020 Step: 00069900] Batch Translation Loss:  67.078789 => Lr: 0.001000
2025-03-27 19:55:24,030 [Epoch: 020 Step: 00070000] Batch Translation Loss:  52.690426 => Lr: 0.001000
2025-03-27 20:02:09,454 Saved 518 text references to ./sign_sample_back_to_word\txt_references_70000.txt and 518 text hypotheses to ./sign_sample_back_to_word\txt_hypotheses_70000.txt
2025-03-27 20:05:13,583 [Epoch: 020 Step: 00070100] Batch Translation Loss:  65.081299 => Lr: 0.001000
2025-03-27 20:08:23,984 [Epoch: 020 Step: 00070200] Batch Translation Loss:  68.493706 => Lr: 0.001000
2025-03-27 20:11:40,913 [Epoch: 020 Step: 00070300] Batch Translation Loss:  70.672462 => Lr: 0.001000
2025-03-27 20:14:49,535 [Epoch: 020 Step: 00070400] Batch Translation Loss:  24.993029 => Lr: 0.001000
2025-03-27 20:18:00,603 [Epoch: 020 Step: 00070500] Batch Translation Loss:  29.058746 => Lr: 0.001000
2025-03-27 20:21:15,415 [Epoch: 020 Step: 00070600] Batch Translation Loss:  28.614399 => Lr: 0.001000
2025-03-27 20:24:27,654 [Epoch: 020 Step: 00070700] Batch Translation Loss:  58.346001 => Lr: 0.001000
2025-03-27 20:27:38,077 [Epoch: 020 Step: 00070800] Batch Translation Loss:  16.089428 => Lr: 0.001000
2025-03-27 20:30:47,763 [Epoch: 020 Step: 00070900] Batch Translation Loss:  23.892597 => Lr: 0.001000
2025-03-27 20:32:47,154 Epoch  20: Total Training Translation Loss 154894.54 
2025-03-27 20:32:47,162 EPOCH 21
2025-03-27 20:33:41,216 [Epoch: 021 Step: 00071000] Batch Translation Loss:  60.174328 => Lr: 0.001000
2025-03-27 20:35:53,684 [Epoch: 021 Step: 00071100] Batch Translation Loss:  18.007353 => Lr: 0.001000
2025-03-27 20:38:06,028 [Epoch: 021 Step: 00071200] Batch Translation Loss:  51.620880 => Lr: 0.001000
2025-03-27 20:40:34,513 [Epoch: 021 Step: 00071300] Batch Translation Loss:  21.804714 => Lr: 0.001000
2025-03-27 20:42:55,832 [Epoch: 021 Step: 00071400] Batch Translation Loss:  29.225666 => Lr: 0.001000
2025-03-27 20:45:13,098 [Epoch: 021 Step: 00071500] Batch Translation Loss:  64.338875 => Lr: 0.001000
2025-03-27 20:47:30,947 [Epoch: 021 Step: 00071600] Batch Translation Loss:  39.552273 => Lr: 0.001000
2025-03-27 20:49:55,041 [Epoch: 021 Step: 00071700] Batch Translation Loss:  35.959782 => Lr: 0.001000
2025-03-27 20:52:19,801 [Epoch: 021 Step: 00071800] Batch Translation Loss:  30.461943 => Lr: 0.001000
2025-03-27 20:54:34,716 [Epoch: 021 Step: 00071900] Batch Translation Loss:  86.436523 => Lr: 0.001000
2025-03-27 20:56:54,430 [Epoch: 021 Step: 00072000] Batch Translation Loss:  79.522865 => Lr: 0.001000
2025-03-27 20:59:23,205 [Epoch: 021 Step: 00072100] Batch Translation Loss:  57.727242 => Lr: 0.001000
2025-03-27 21:01:55,944 [Epoch: 021 Step: 00072200] Batch Translation Loss:  55.752354 => Lr: 0.001000
2025-03-27 21:04:43,504 [Epoch: 021 Step: 00072300] Batch Translation Loss:  35.011734 => Lr: 0.001000
2025-03-27 21:07:21,195 [Epoch: 021 Step: 00072400] Batch Translation Loss:  18.718138 => Lr: 0.001000
2025-03-27 21:10:03,524 [Epoch: 021 Step: 00072500] Batch Translation Loss:  41.657627 => Lr: 0.001000
2025-03-27 21:12:43,130 [Epoch: 021 Step: 00072600] Batch Translation Loss:  39.392910 => Lr: 0.001000
2025-03-27 21:15:14,288 [Epoch: 021 Step: 00072700] Batch Translation Loss: 115.022499 => Lr: 0.001000
2025-03-27 21:18:02,731 [Epoch: 021 Step: 00072800] Batch Translation Loss:  55.423134 => Lr: 0.001000
2025-03-27 21:20:48,997 [Epoch: 021 Step: 00072900] Batch Translation Loss:  46.602844 => Lr: 0.001000
2025-03-27 21:23:26,542 [Epoch: 021 Step: 00073000] Batch Translation Loss:  28.563234 => Lr: 0.001000
2025-03-27 21:26:13,981 [Epoch: 021 Step: 00073100] Batch Translation Loss:  13.212982 => Lr: 0.001000
2025-03-27 21:28:56,592 [Epoch: 021 Step: 00073200] Batch Translation Loss:  19.590117 => Lr: 0.001000
2025-03-27 21:31:52,031 [Epoch: 021 Step: 00073300] Batch Translation Loss:  36.360542 => Lr: 0.001000
2025-03-27 21:34:47,740 [Epoch: 021 Step: 00073400] Batch Translation Loss:  23.078909 => Lr: 0.001000
2025-03-27 21:37:51,782 [Epoch: 021 Step: 00073500] Batch Translation Loss:  45.197529 => Lr: 0.001000
2025-03-27 21:44:36,005 Saved 518 text references to ./sign_sample_back_to_word\txt_references_73500.txt and 518 text hypotheses to ./sign_sample_back_to_word\txt_hypotheses_73500.txt
2025-03-27 21:47:44,228 [Epoch: 021 Step: 00073600] Batch Translation Loss:  40.402695 => Lr: 0.001000
2025-03-27 21:50:53,081 [Epoch: 021 Step: 00073700] Batch Translation Loss:  36.641308 => Lr: 0.001000
2025-03-27 21:54:09,801 [Epoch: 021 Step: 00073800] Batch Translation Loss:  65.039459 => Lr: 0.001000
2025-03-27 21:57:20,551 [Epoch: 021 Step: 00073900] Batch Translation Loss:  34.515690 => Lr: 0.001000
2025-03-27 22:00:34,931 [Epoch: 021 Step: 00074000] Batch Translation Loss:  24.258402 => Lr: 0.001000
2025-03-27 22:03:38,163 [Epoch: 021 Step: 00074100] Batch Translation Loss:  38.964272 => Lr: 0.001000
2025-03-27 22:06:44,435 [Epoch: 021 Step: 00074200] Batch Translation Loss:  27.176565 => Lr: 0.001000
2025-03-27 22:09:55,978 [Epoch: 021 Step: 00074300] Batch Translation Loss:  81.688225 => Lr: 0.001000
2025-03-27 22:13:14,128 [Epoch: 021 Step: 00074400] Batch Translation Loss:  34.668427 => Lr: 0.001000
2025-03-27 22:16:19,422 [Epoch: 021 Step: 00074500] Batch Translation Loss:  42.969818 => Lr: 0.001000
2025-03-27 22:16:32,684 Epoch  21: Total Training Translation Loss 153152.26 
2025-03-27 22:16:32,686 EPOCH 22
2025-03-27 22:18:41,064 [Epoch: 022 Step: 00074600] Batch Translation Loss:  42.780666 => Lr: 0.001000
2025-03-27 22:21:00,979 [Epoch: 022 Step: 00074700] Batch Translation Loss:  21.950708 => Lr: 0.001000
2025-03-27 22:23:44,396 [Epoch: 022 Step: 00074800] Batch Translation Loss:  54.417553 => Lr: 0.001000
2025-03-27 22:26:31,765 [Epoch: 022 Step: 00074900] Batch Translation Loss:  28.632555 => Lr: 0.001000
2025-03-27 22:29:21,880 [Epoch: 022 Step: 00075000] Batch Translation Loss:  55.648140 => Lr: 0.001000
2025-03-27 22:32:07,539 [Epoch: 022 Step: 00075100] Batch Translation Loss:  34.582512 => Lr: 0.001000
2025-03-27 22:34:42,500 [Epoch: 022 Step: 00075200] Batch Translation Loss:  46.636272 => Lr: 0.001000
2025-03-27 22:37:16,929 [Epoch: 022 Step: 00075300] Batch Translation Loss:  31.194431 => Lr: 0.001000
2025-03-27 22:39:45,009 [Epoch: 022 Step: 00075400] Batch Translation Loss:  45.885307 => Lr: 0.001000
2025-03-27 22:42:20,260 [Epoch: 022 Step: 00075500] Batch Translation Loss:  53.232597 => Lr: 0.001000
2025-03-27 22:44:52,413 [Epoch: 022 Step: 00075600] Batch Translation Loss:  26.866184 => Lr: 0.001000
2025-03-27 22:47:27,688 [Epoch: 022 Step: 00075700] Batch Translation Loss:  68.179253 => Lr: 0.001000
2025-03-27 22:50:10,484 [Epoch: 022 Step: 00075800] Batch Translation Loss:  27.031076 => Lr: 0.001000
2025-03-27 22:53:14,818 [Epoch: 022 Step: 00075900] Batch Translation Loss:  41.352203 => Lr: 0.001000
2025-03-27 22:56:05,919 [Epoch: 022 Step: 00076000] Batch Translation Loss:  44.925667 => Lr: 0.001000
2025-03-27 22:59:04,093 [Epoch: 022 Step: 00076100] Batch Translation Loss:  65.266708 => Lr: 0.001000
2025-03-27 23:01:56,471 [Epoch: 022 Step: 00076200] Batch Translation Loss:  35.957920 => Lr: 0.001000
2025-03-27 23:04:43,252 [Epoch: 022 Step: 00076300] Batch Translation Loss:  94.787849 => Lr: 0.001000
2025-03-27 23:07:34,540 [Epoch: 022 Step: 00076400] Batch Translation Loss:  46.643475 => Lr: 0.001000
2025-03-27 23:10:17,896 [Epoch: 022 Step: 00076500] Batch Translation Loss:  33.502182 => Lr: 0.001000
2025-03-27 23:13:06,042 [Epoch: 022 Step: 00076600] Batch Translation Loss:  39.557735 => Lr: 0.001000
2025-03-27 23:16:02,811 [Epoch: 022 Step: 00076700] Batch Translation Loss:  17.437910 => Lr: 0.001000
2025-03-27 23:18:57,489 [Epoch: 022 Step: 00076800] Batch Translation Loss:  34.219551 => Lr: 0.001000
2025-03-27 23:22:00,820 [Epoch: 022 Step: 00076900] Batch Translation Loss:  53.370441 => Lr: 0.001000
2025-03-27 23:25:17,541 [Epoch: 022 Step: 00077000] Batch Translation Loss:  31.162216 => Lr: 0.001000
2025-03-27 23:32:29,745 Saved 518 text references to ./sign_sample_back_to_word\txt_references_77000.txt and 518 text hypotheses to ./sign_sample_back_to_word\txt_hypotheses_77000.txt
2025-03-27 23:36:07,389 [Epoch: 022 Step: 00077100] Batch Translation Loss:  40.808792 => Lr: 0.001000
2025-03-27 23:39:41,325 [Epoch: 022 Step: 00077200] Batch Translation Loss:  56.758781 => Lr: 0.001000
2025-03-27 23:43:04,042 [Epoch: 022 Step: 00077300] Batch Translation Loss:  40.011284 => Lr: 0.001000
2025-03-27 23:46:29,197 [Epoch: 022 Step: 00077400] Batch Translation Loss:  82.629852 => Lr: 0.001000
2025-03-27 23:49:35,247 [Epoch: 022 Step: 00077500] Batch Translation Loss:  59.424778 => Lr: 0.001000
2025-03-27 23:52:41,103 [Epoch: 022 Step: 00077600] Batch Translation Loss:   9.244368 => Lr: 0.001000
2025-03-27 23:55:40,407 [Epoch: 022 Step: 00077700] Batch Translation Loss:  37.493202 => Lr: 0.001000
2025-03-27 23:58:49,575 [Epoch: 022 Step: 00077800] Batch Translation Loss:  60.769070 => Lr: 0.001000
2025-03-28 00:02:04,656 [Epoch: 022 Step: 00077900] Batch Translation Loss:  24.827890 => Lr: 0.001000
2025-03-28 00:05:47,862 [Epoch: 022 Step: 00078000] Batch Translation Loss:  67.249397 => Lr: 0.001000
2025-03-28 00:07:37,522 Epoch  22: Total Training Translation Loss 151678.74 
2025-03-28 00:07:37,525 EPOCH 23
2025-03-28 00:08:45,247 [Epoch: 023 Step: 00078100] Batch Translation Loss:  53.025482 => Lr: 0.001000
2025-03-28 00:11:14,655 [Epoch: 023 Step: 00078200] Batch Translation Loss:  23.148285 => Lr: 0.001000
2025-03-28 00:14:00,860 [Epoch: 023 Step: 00078300] Batch Translation Loss:  46.477280 => Lr: 0.001000
2025-03-28 00:16:18,595 [Epoch: 023 Step: 00078400] Batch Translation Loss:  30.374931 => Lr: 0.001000
2025-03-28 00:18:36,871 [Epoch: 023 Step: 00078500] Batch Translation Loss:  35.101513 => Lr: 0.001000
2025-03-28 00:20:58,589 [Epoch: 023 Step: 00078600] Batch Translation Loss:  34.568508 => Lr: 0.001000
2025-03-28 00:23:30,119 [Epoch: 023 Step: 00078700] Batch Translation Loss:  28.279045 => Lr: 0.001000
2025-03-28 00:25:56,041 [Epoch: 023 Step: 00078800] Batch Translation Loss:  43.857128 => Lr: 0.001000
2025-03-28 00:28:16,900 [Epoch: 023 Step: 00078900] Batch Translation Loss:  25.333052 => Lr: 0.001000
2025-03-28 00:30:45,055 [Epoch: 023 Step: 00079000] Batch Translation Loss:  23.907764 => Lr: 0.001000
2025-03-28 00:33:32,459 [Epoch: 023 Step: 00079100] Batch Translation Loss:  18.687971 => Lr: 0.001000
2025-03-28 00:36:26,933 [Epoch: 023 Step: 00079200] Batch Translation Loss:  35.247478 => Lr: 0.001000
2025-03-28 00:39:18,910 [Epoch: 023 Step: 00079300] Batch Translation Loss:  32.943455 => Lr: 0.001000
2025-03-28 00:42:09,422 [Epoch: 023 Step: 00079400] Batch Translation Loss:  15.724486 => Lr: 0.001000
2025-03-28 00:44:41,465 [Epoch: 023 Step: 00079500] Batch Translation Loss:  63.454426 => Lr: 0.001000
2025-03-28 00:47:12,630 [Epoch: 023 Step: 00079600] Batch Translation Loss:  77.876518 => Lr: 0.001000
2025-03-28 00:50:20,105 [Epoch: 023 Step: 00079700] Batch Translation Loss:  74.942780 => Lr: 0.001000
2025-03-28 00:53:17,876 [Epoch: 023 Step: 00079800] Batch Translation Loss:  20.611975 => Lr: 0.001000
2025-03-28 00:56:18,720 [Epoch: 023 Step: 00079900] Batch Translation Loss:  52.054630 => Lr: 0.001000
2025-03-28 00:59:17,895 [Epoch: 023 Step: 00080000] Batch Translation Loss:  24.885168 => Lr: 0.001000
2025-03-28 01:01:55,386 [Epoch: 023 Step: 00080100] Batch Translation Loss:  82.876823 => Lr: 0.001000
2025-03-28 01:04:40,199 [Epoch: 023 Step: 00080200] Batch Translation Loss:  27.117369 => Lr: 0.001000
2025-03-28 01:07:31,082 [Epoch: 023 Step: 00080300] Batch Translation Loss:  44.878151 => Lr: 0.001000
2025-03-28 01:10:18,180 [Epoch: 023 Step: 00080400] Batch Translation Loss:  99.656982 => Lr: 0.001000
2025-03-28 01:13:08,198 [Epoch: 023 Step: 00080500] Batch Translation Loss:  38.909050 => Lr: 0.001000
2025-03-28 01:19:56,283 Saved 518 text references to ./sign_sample_back_to_word\txt_references_80500.txt and 518 text hypotheses to ./sign_sample_back_to_word\txt_hypotheses_80500.txt
2025-03-28 01:19:56,285 Hooray! New best validation result [eval_metric]!
2025-03-28 01:19:56,286 Saving new checkpoint.
2025-03-28 01:23:20,290 [Epoch: 023 Step: 00080600] Batch Translation Loss:  64.138550 => Lr: 0.001000
2025-03-28 01:26:28,374 [Epoch: 023 Step: 00080700] Batch Translation Loss:  41.024670 => Lr: 0.001000
2025-03-28 01:29:44,673 [Epoch: 023 Step: 00080800] Batch Translation Loss: 112.570618 => Lr: 0.001000
2025-03-28 01:32:54,055 [Epoch: 023 Step: 00080900] Batch Translation Loss:  31.684032 => Lr: 0.001000
2025-03-28 01:36:07,927 [Epoch: 023 Step: 00081000] Batch Translation Loss:  36.280991 => Lr: 0.001000
2025-03-28 01:39:19,364 [Epoch: 023 Step: 00081100] Batch Translation Loss:  58.200550 => Lr: 0.001000
2025-03-28 01:42:30,758 [Epoch: 023 Step: 00081200] Batch Translation Loss:  26.532557 => Lr: 0.001000
2025-03-28 01:45:42,338 [Epoch: 023 Step: 00081300] Batch Translation Loss:  40.053543 => Lr: 0.001000
2025-03-28 01:48:52,183 [Epoch: 023 Step: 00081400] Batch Translation Loss:  38.902546 => Lr: 0.001000
2025-03-28 01:52:04,542 [Epoch: 023 Step: 00081500] Batch Translation Loss:  35.789204 => Lr: 0.001000
2025-03-28 01:55:24,120 [Epoch: 023 Step: 00081600] Batch Translation Loss:  13.821386 => Lr: 0.001000
2025-03-28 01:55:29,963 Epoch  23: Total Training Translation Loss 149987.84 
2025-03-28 01:55:29,965 EPOCH 24
2025-03-28 01:57:37,280 [Epoch: 024 Step: 00081700] Batch Translation Loss:  29.942949 => Lr: 0.001000
2025-03-28 01:59:50,347 [Epoch: 024 Step: 00081800] Batch Translation Loss:  40.897251 => Lr: 0.001000
2025-03-28 02:02:07,761 [Epoch: 024 Step: 00081900] Batch Translation Loss:  31.412729 => Lr: 0.001000
2025-03-28 02:04:29,030 [Epoch: 024 Step: 00082000] Batch Translation Loss:  53.587219 => Lr: 0.001000
2025-03-28 02:06:43,797 [Epoch: 024 Step: 00082100] Batch Translation Loss:  25.779112 => Lr: 0.001000
2025-03-28 02:09:09,273 [Epoch: 024 Step: 00082200] Batch Translation Loss:  58.197258 => Lr: 0.001000
2025-03-28 02:11:29,938 [Epoch: 024 Step: 00082300] Batch Translation Loss:  31.184755 => Lr: 0.001000
2025-03-28 02:14:08,076 [Epoch: 024 Step: 00082400] Batch Translation Loss:  55.710804 => Lr: 0.001000
2025-03-28 02:16:33,547 [Epoch: 024 Step: 00082500] Batch Translation Loss:  25.595171 => Lr: 0.001000
2025-03-28 02:19:07,548 [Epoch: 024 Step: 00082600] Batch Translation Loss:  50.097393 => Lr: 0.001000
2025-03-28 02:21:35,595 [Epoch: 024 Step: 00082700] Batch Translation Loss:  47.754711 => Lr: 0.001000
2025-03-28 02:24:15,284 [Epoch: 024 Step: 00082800] Batch Translation Loss:  57.398739 => Lr: 0.001000
2025-03-28 02:26:52,546 [Epoch: 024 Step: 00082900] Batch Translation Loss:  26.190985 => Lr: 0.001000
2025-03-28 02:29:39,876 [Epoch: 024 Step: 00083000] Batch Translation Loss:  84.045715 => Lr: 0.001000
2025-03-28 02:32:16,885 [Epoch: 024 Step: 00083100] Batch Translation Loss:  28.555510 => Lr: 0.001000
2025-03-28 02:35:00,919 [Epoch: 024 Step: 00083200] Batch Translation Loss:  39.311520 => Lr: 0.001000
2025-03-28 02:37:48,904 [Epoch: 024 Step: 00083300] Batch Translation Loss:  28.324165 => Lr: 0.001000
2025-03-28 02:40:39,827 [Epoch: 024 Step: 00083400] Batch Translation Loss:  27.651751 => Lr: 0.001000
2025-03-28 02:43:25,984 [Epoch: 024 Step: 00083500] Batch Translation Loss:  38.143646 => Lr: 0.001000
2025-03-28 02:46:11,647 [Epoch: 024 Step: 00083600] Batch Translation Loss:  37.651978 => Lr: 0.001000
2025-03-28 02:49:04,727 [Epoch: 024 Step: 00083700] Batch Translation Loss:  33.065918 => Lr: 0.001000
2025-03-28 02:52:01,930 [Epoch: 024 Step: 00083800] Batch Translation Loss:  45.494053 => Lr: 0.001000
2025-03-28 02:55:06,029 [Epoch: 024 Step: 00083900] Batch Translation Loss:  48.021381 => Lr: 0.001000
2025-03-28 02:58:19,107 [Epoch: 024 Step: 00084000] Batch Translation Loss:  47.776711 => Lr: 0.001000
2025-03-28 03:05:41,498 Saved 518 text references to ./sign_sample_back_to_word\txt_references_84000.txt and 518 text hypotheses to ./sign_sample_back_to_word\txt_hypotheses_84000.txt
2025-03-28 03:08:48,491 [Epoch: 024 Step: 00084100] Batch Translation Loss:  17.536472 => Lr: 0.001000
2025-03-28 03:11:58,334 [Epoch: 024 Step: 00084200] Batch Translation Loss:  17.069063 => Lr: 0.001000
2025-03-28 03:15:32,696 [Epoch: 024 Step: 00084300] Batch Translation Loss:  45.683029 => Lr: 0.001000
2025-03-28 03:18:39,704 [Epoch: 024 Step: 00084400] Batch Translation Loss:  52.176991 => Lr: 0.001000
2025-03-28 03:22:10,091 [Epoch: 024 Step: 00084500] Batch Translation Loss:  41.101299 => Lr: 0.001000
2025-03-28 03:25:16,541 [Epoch: 024 Step: 00084600] Batch Translation Loss:   9.505353 => Lr: 0.001000
2025-03-28 03:28:23,996 [Epoch: 024 Step: 00084700] Batch Translation Loss:  33.392437 => Lr: 0.001000
2025-03-28 03:31:41,786 [Epoch: 024 Step: 00084800] Batch Translation Loss:  14.909357 => Lr: 0.001000
2025-03-28 03:34:56,800 [Epoch: 024 Step: 00084900] Batch Translation Loss:  48.143002 => Lr: 0.001000
2025-03-28 03:38:09,231 [Epoch: 024 Step: 00085000] Batch Translation Loss:  21.376514 => Lr: 0.001000
2025-03-28 03:41:26,926 [Epoch: 024 Step: 00085100] Batch Translation Loss:  53.776562 => Lr: 0.001000
2025-03-28 03:43:04,153 Epoch  24: Total Training Translation Loss 148578.71 
2025-03-28 03:43:04,156 EPOCH 25
2025-03-28 03:44:08,107 [Epoch: 025 Step: 00085200] Batch Translation Loss:  36.858459 => Lr: 0.001000
2025-03-28 03:46:22,839 [Epoch: 025 Step: 00085300] Batch Translation Loss:  54.641777 => Lr: 0.001000
2025-03-28 03:48:36,204 [Epoch: 025 Step: 00085400] Batch Translation Loss:  42.974262 => Lr: 0.001000
2025-03-28 03:51:00,236 [Epoch: 025 Step: 00085500] Batch Translation Loss:  35.393852 => Lr: 0.001000
2025-03-28 03:53:12,182 [Epoch: 025 Step: 00085600] Batch Translation Loss:  29.987179 => Lr: 0.001000
2025-03-28 03:55:35,797 [Epoch: 025 Step: 00085700] Batch Translation Loss:  53.826450 => Lr: 0.001000
2025-03-28 03:57:56,955 [Epoch: 025 Step: 00085800] Batch Translation Loss:  23.386261 => Lr: 0.001000
2025-03-28 04:00:24,295 [Epoch: 025 Step: 00085900] Batch Translation Loss:  30.935392 => Lr: 0.001000
2025-03-28 04:02:47,683 [Epoch: 025 Step: 00086000] Batch Translation Loss:  36.308823 => Lr: 0.001000
2025-03-28 04:05:03,204 [Epoch: 025 Step: 00086100] Batch Translation Loss:  20.717405 => Lr: 0.001000
2025-03-28 04:07:21,439 [Epoch: 025 Step: 00086200] Batch Translation Loss:  10.833920 => Lr: 0.001000
2025-03-28 04:09:50,313 [Epoch: 025 Step: 00086300] Batch Translation Loss:  38.684361 => Lr: 0.001000
2025-03-28 04:12:17,497 [Epoch: 025 Step: 00086400] Batch Translation Loss:  65.248161 => Lr: 0.001000
2025-03-28 04:14:39,878 [Epoch: 025 Step: 00086500] Batch Translation Loss:  48.191067 => Lr: 0.001000
2025-03-28 04:17:19,847 [Epoch: 025 Step: 00086600] Batch Translation Loss:  11.721899 => Lr: 0.001000
2025-03-28 04:19:52,890 [Epoch: 025 Step: 00086700] Batch Translation Loss:  28.287991 => Lr: 0.001000
2025-03-28 04:22:23,914 [Epoch: 025 Step: 00086800] Batch Translation Loss:  21.616123 => Lr: 0.001000
2025-03-28 04:24:55,318 [Epoch: 025 Step: 00086900] Batch Translation Loss:  46.029209 => Lr: 0.001000
2025-03-28 04:27:35,473 [Epoch: 025 Step: 00087000] Batch Translation Loss:  62.312943 => Lr: 0.001000
2025-03-28 04:30:21,407 [Epoch: 025 Step: 00087100] Batch Translation Loss:  36.016769 => Lr: 0.001000
2025-03-28 04:32:59,228 [Epoch: 025 Step: 00087200] Batch Translation Loss:  41.983749 => Lr: 0.001000
2025-03-28 04:35:49,215 [Epoch: 025 Step: 00087300] Batch Translation Loss:  34.945190 => Lr: 0.001000
2025-03-28 04:38:36,714 [Epoch: 025 Step: 00087400] Batch Translation Loss:  27.969612 => Lr: 0.001000
2025-03-28 04:41:28,794 [Epoch: 025 Step: 00087500] Batch Translation Loss:  44.553272 => Lr: 0.001000
2025-03-28 04:48:18,622 Saved 518 text references to ./sign_sample_back_to_word\txt_references_87500.txt and 518 text hypotheses to ./sign_sample_back_to_word\txt_hypotheses_87500.txt
2025-03-28 04:51:34,921 [Epoch: 025 Step: 00087600] Batch Translation Loss:  28.004827 => Lr: 0.001000
2025-03-28 04:54:46,764 [Epoch: 025 Step: 00087700] Batch Translation Loss:  19.847969 => Lr: 0.001000
2025-03-28 04:58:02,358 [Epoch: 025 Step: 00087800] Batch Translation Loss:  34.892582 => Lr: 0.001000
2025-03-28 05:01:05,380 [Epoch: 025 Step: 00087900] Batch Translation Loss:  53.232117 => Lr: 0.001000
2025-03-28 05:04:20,084 [Epoch: 025 Step: 00088000] Batch Translation Loss:  38.447887 => Lr: 0.001000
2025-03-28 05:07:25,843 [Epoch: 025 Step: 00088100] Batch Translation Loss:  31.508711 => Lr: 0.001000
2025-03-28 05:10:37,224 [Epoch: 025 Step: 00088200] Batch Translation Loss:  43.436886 => Lr: 0.001000
2025-03-28 05:13:46,384 [Epoch: 025 Step: 00088300] Batch Translation Loss:  33.904781 => Lr: 0.001000
2025-03-28 05:16:58,803 [Epoch: 025 Step: 00088400] Batch Translation Loss:   9.482235 => Lr: 0.001000
2025-03-28 05:20:17,296 [Epoch: 025 Step: 00088500] Batch Translation Loss:  46.340042 => Lr: 0.001000
2025-03-28 05:23:26,720 [Epoch: 025 Step: 00088600] Batch Translation Loss:  32.894085 => Lr: 0.001000
2025-03-28 05:26:30,517 [Epoch: 025 Step: 00088700] Batch Translation Loss:  14.535950 => Lr: 0.001000
2025-03-28 05:26:30,537 Epoch  25: Total Training Translation Loss 147257.08 
2025-03-28 05:26:30,539 EPOCH 26
2025-03-28 05:28:45,386 [Epoch: 026 Step: 00088800] Batch Translation Loss:  18.897501 => Lr: 0.001000
2025-03-28 05:31:01,890 [Epoch: 026 Step: 00088900] Batch Translation Loss:  36.980629 => Lr: 0.001000
2025-03-28 05:33:13,692 [Epoch: 026 Step: 00089000] Batch Translation Loss:  35.351269 => Lr: 0.001000
2025-03-28 05:35:39,937 [Epoch: 026 Step: 00089100] Batch Translation Loss:  22.576445 => Lr: 0.001000
2025-03-28 05:37:55,338 [Epoch: 026 Step: 00089200] Batch Translation Loss:  38.909019 => Lr: 0.001000
2025-03-28 05:40:17,417 [Epoch: 026 Step: 00089300] Batch Translation Loss:  15.717070 => Lr: 0.001000
2025-03-28 05:42:44,416 [Epoch: 026 Step: 00089400] Batch Translation Loss:  39.912479 => Lr: 0.001000
2025-03-28 05:44:58,700 [Epoch: 026 Step: 00089500] Batch Translation Loss:  65.476631 => Lr: 0.001000
2025-03-28 05:47:23,249 [Epoch: 026 Step: 00089600] Batch Translation Loss:  31.515263 => Lr: 0.001000
2025-03-28 05:49:44,549 [Epoch: 026 Step: 00089700] Batch Translation Loss:  42.587791 => Lr: 0.001000
2025-03-28 05:52:13,387 [Epoch: 026 Step: 00089800] Batch Translation Loss:  57.169991 => Lr: 0.001000
2025-03-28 05:54:46,904 [Epoch: 026 Step: 00089900] Batch Translation Loss: 102.716179 => Lr: 0.001000
2025-03-28 05:57:06,904 [Epoch: 026 Step: 00090000] Batch Translation Loss:  47.450169 => Lr: 0.001000
2025-03-28 05:59:39,571 [Epoch: 026 Step: 00090100] Batch Translation Loss:  12.285631 => Lr: 0.001000
2025-03-28 06:02:15,745 [Epoch: 026 Step: 00090200] Batch Translation Loss:  43.476604 => Lr: 0.001000
2025-03-28 06:04:53,893 [Epoch: 026 Step: 00090300] Batch Translation Loss:  27.474773 => Lr: 0.001000
2025-03-28 06:07:29,284 [Epoch: 026 Step: 00090400] Batch Translation Loss:  52.586796 => Lr: 0.001000
2025-03-28 06:10:07,632 [Epoch: 026 Step: 00090500] Batch Translation Loss:  13.122787 => Lr: 0.001000
2025-03-28 06:12:57,367 [Epoch: 026 Step: 00090600] Batch Translation Loss:  29.845879 => Lr: 0.001000
2025-03-28 06:15:41,193 [Epoch: 026 Step: 00090700] Batch Translation Loss:  43.828136 => Lr: 0.001000
2025-03-28 06:18:22,109 [Epoch: 026 Step: 00090800] Batch Translation Loss:  27.433718 => Lr: 0.001000
2025-03-28 06:21:14,078 [Epoch: 026 Step: 00090900] Batch Translation Loss:  50.879360 => Lr: 0.001000
2025-03-28 06:24:11,218 [Epoch: 026 Step: 00091000] Batch Translation Loss:  22.027081 => Lr: 0.001000
2025-03-28 06:31:01,442 Saved 518 text references to ./sign_sample_back_to_word\txt_references_91000.txt and 518 text hypotheses to ./sign_sample_back_to_word\txt_hypotheses_91000.txt
2025-03-28 06:34:03,692 [Epoch: 026 Step: 00091100] Batch Translation Loss:  33.755962 => Lr: 0.001000
2025-03-28 06:37:19,775 [Epoch: 026 Step: 00091200] Batch Translation Loss:  59.703472 => Lr: 0.001000
2025-03-28 06:40:45,856 [Epoch: 026 Step: 00091300] Batch Translation Loss:  28.441635 => Lr: 0.001000
2025-03-28 06:43:51,298 [Epoch: 026 Step: 00091400] Batch Translation Loss:  34.372269 => Lr: 0.001000
2025-03-28 06:47:03,075 [Epoch: 026 Step: 00091500] Batch Translation Loss:  36.499249 => Lr: 0.001000
2025-03-28 06:50:18,890 [Epoch: 026 Step: 00091600] Batch Translation Loss:  40.837608 => Lr: 0.001000
2025-03-28 06:53:43,806 [Epoch: 026 Step: 00091700] Batch Translation Loss:  50.106281 => Lr: 0.001000
2025-03-28 06:56:58,672 [Epoch: 026 Step: 00091800] Batch Translation Loss:  59.426823 => Lr: 0.001000
2025-03-28 07:00:08,899 [Epoch: 026 Step: 00091900] Batch Translation Loss:  66.003891 => Lr: 0.001000
2025-03-28 07:03:25,159 [Epoch: 026 Step: 00092000] Batch Translation Loss:  55.708019 => Lr: 0.001000
2025-03-28 07:06:30,411 [Epoch: 026 Step: 00092100] Batch Translation Loss:  30.428431 => Lr: 0.001000
2025-03-28 07:09:49,327 [Epoch: 026 Step: 00092200] Batch Translation Loss:  54.563545 => Lr: 0.001000
2025-03-28 07:11:25,650 Epoch  26: Total Training Translation Loss 145886.71 
2025-03-28 07:11:25,653 EPOCH 27
2025-03-28 07:12:45,845 [Epoch: 027 Step: 00092300] Batch Translation Loss:  39.682732 => Lr: 0.001000
2025-03-28 07:15:12,911 [Epoch: 027 Step: 00092400] Batch Translation Loss:  50.127995 => Lr: 0.001000
2025-03-28 07:17:29,991 [Epoch: 027 Step: 00092500] Batch Translation Loss:  33.902058 => Lr: 0.001000
2025-03-28 07:19:46,665 [Epoch: 027 Step: 00092600] Batch Translation Loss:   2.200244 => Lr: 0.001000
2025-03-28 07:22:19,371 [Epoch: 027 Step: 00092700] Batch Translation Loss:  24.459681 => Lr: 0.001000
2025-03-28 07:24:35,024 [Epoch: 027 Step: 00092800] Batch Translation Loss:  42.508018 => Lr: 0.001000
2025-03-28 07:26:58,316 [Epoch: 027 Step: 00092900] Batch Translation Loss:  22.303461 => Lr: 0.001000
2025-03-28 07:29:25,539 [Epoch: 027 Step: 00093000] Batch Translation Loss:  25.393763 => Lr: 0.001000
2025-03-28 07:31:57,434 [Epoch: 027 Step: 00093100] Batch Translation Loss:  77.188362 => Lr: 0.001000
2025-03-28 07:34:28,377 [Epoch: 027 Step: 00093200] Batch Translation Loss:  53.864910 => Lr: 0.001000
2025-03-28 07:36:59,183 [Epoch: 027 Step: 00093300] Batch Translation Loss:  57.031612 => Lr: 0.001000
2025-03-28 07:39:34,606 [Epoch: 027 Step: 00093400] Batch Translation Loss:  29.009216 => Lr: 0.001000
2025-03-28 07:42:11,105 [Epoch: 027 Step: 00093500] Batch Translation Loss:  26.983156 => Lr: 0.001000
2025-03-28 07:44:57,124 [Epoch: 027 Step: 00093600] Batch Translation Loss:  24.127954 => Lr: 0.001000
2025-03-28 07:47:40,826 [Epoch: 027 Step: 00093700] Batch Translation Loss:  34.887318 => Lr: 0.001000
2025-03-28 07:50:22,244 [Epoch: 027 Step: 00093800] Batch Translation Loss:  34.073742 => Lr: 0.001000
2025-03-28 07:53:07,187 [Epoch: 027 Step: 00093900] Batch Translation Loss:  33.742706 => Lr: 0.001000
2025-03-28 07:55:57,818 [Epoch: 027 Step: 00094000] Batch Translation Loss:  61.155209 => Lr: 0.001000
2025-03-28 07:58:36,279 [Epoch: 027 Step: 00094100] Batch Translation Loss:  71.525101 => Lr: 0.001000
2025-03-28 08:01:31,079 [Epoch: 027 Step: 00094200] Batch Translation Loss:  20.887285 => Lr: 0.001000
2025-03-28 08:04:28,890 [Epoch: 027 Step: 00094300] Batch Translation Loss:  44.711132 => Lr: 0.001000
2025-03-28 08:07:36,981 [Epoch: 027 Step: 00094400] Batch Translation Loss:  49.067116 => Lr: 0.001000
2025-03-28 08:10:55,787 [Epoch: 027 Step: 00094500] Batch Translation Loss:  22.036907 => Lr: 0.001000
2025-03-28 08:18:17,781 Saved 518 text references to ./sign_sample_back_to_word\txt_references_94500.txt and 518 text hypotheses to ./sign_sample_back_to_word\txt_hypotheses_94500.txt
2025-03-28 08:18:17,783 Hooray! New best validation result [eval_metric]!
2025-03-28 08:18:17,784 Saving new checkpoint.
2025-03-28 08:21:35,685 [Epoch: 027 Step: 00094600] Batch Translation Loss:  48.311703 => Lr: 0.001000
2025-03-28 08:24:47,320 [Epoch: 027 Step: 00094700] Batch Translation Loss:  50.782566 => Lr: 0.001000
2025-03-28 08:27:54,873 [Epoch: 027 Step: 00094800] Batch Translation Loss:  16.079073 => Lr: 0.001000
2025-03-28 08:31:01,248 [Epoch: 027 Step: 00094900] Batch Translation Loss:  62.679119 => Lr: 0.001000
2025-03-28 08:34:14,660 [Epoch: 027 Step: 00095000] Batch Translation Loss:  79.522148 => Lr: 0.001000
2025-03-28 08:37:29,535 [Epoch: 027 Step: 00095100] Batch Translation Loss:  40.955475 => Lr: 0.001000
2025-03-28 08:40:40,307 [Epoch: 027 Step: 00095200] Batch Translation Loss:  42.475128 => Lr: 0.001000
2025-03-28 08:44:06,675 [Epoch: 027 Step: 00095300] Batch Translation Loss:  33.997250 => Lr: 0.001000
2025-03-28 08:47:25,419 [Epoch: 027 Step: 00095400] Batch Translation Loss:  17.180754 => Lr: 0.001000
2025-03-28 08:50:37,941 [Epoch: 027 Step: 00095500] Batch Translation Loss:  76.057320 => Lr: 0.001000
2025-03-28 08:53:57,883 [Epoch: 027 Step: 00095600] Batch Translation Loss:  61.460037 => Lr: 0.001000
2025-03-28 08:57:21,050 [Epoch: 027 Step: 00095700] Batch Translation Loss:  17.479462 => Lr: 0.001000
2025-03-28 09:00:28,457 Epoch  27: Total Training Translation Loss 144601.82 
2025-03-28 09:00:28,459 EPOCH 28
2025-03-28 09:00:36,379 [Epoch: 028 Step: 00095800] Batch Translation Loss:  24.947119 => Lr: 0.001000
2025-03-28 09:03:08,990 [Epoch: 028 Step: 00095900] Batch Translation Loss:  30.032488 => Lr: 0.001000
2025-03-28 09:05:38,288 [Epoch: 028 Step: 00096000] Batch Translation Loss:  28.319763 => Lr: 0.001000
2025-03-28 09:08:05,066 [Epoch: 028 Step: 00096100] Batch Translation Loss:  35.522781 => Lr: 0.001000
2025-03-28 09:10:52,904 [Epoch: 028 Step: 00096200] Batch Translation Loss:  73.155609 => Lr: 0.001000
2025-03-28 09:13:38,926 [Epoch: 028 Step: 00096300] Batch Translation Loss:  44.306110 => Lr: 0.001000
2025-03-28 09:16:23,034 [Epoch: 028 Step: 00096400] Batch Translation Loss:  38.263084 => Lr: 0.001000
2025-03-28 09:19:19,328 [Epoch: 028 Step: 00096500] Batch Translation Loss:  46.126358 => Lr: 0.001000
2025-03-28 09:22:01,142 [Epoch: 028 Step: 00096600] Batch Translation Loss:  34.452282 => Lr: 0.001000
2025-03-28 09:24:42,373 [Epoch: 028 Step: 00096700] Batch Translation Loss:  58.448105 => Lr: 0.001000
2025-03-28 09:27:16,826 [Epoch: 028 Step: 00096800] Batch Translation Loss:  30.659235 => Lr: 0.001000
2025-03-28 09:31:01,996 [Epoch: 028 Step: 00096900] Batch Translation Loss:  44.740818 => Lr: 0.001000
2025-03-28 09:34:34,781 [Epoch: 028 Step: 00097000] Batch Translation Loss:  44.943237 => Lr: 0.001000
2025-03-28 09:37:57,631 [Epoch: 028 Step: 00097100] Batch Translation Loss:  70.259346 => Lr: 0.001000
2025-03-28 09:41:01,672 [Epoch: 028 Step: 00097200] Batch Translation Loss:  43.370770 => Lr: 0.001000
2025-03-28 09:43:54,876 [Epoch: 028 Step: 00097300] Batch Translation Loss:  37.549355 => Lr: 0.001000
2025-03-28 09:46:52,509 [Epoch: 028 Step: 00097400] Batch Translation Loss:  42.418064 => Lr: 0.001000
2025-03-28 09:49:45,697 [Epoch: 028 Step: 00097500] Batch Translation Loss:  42.906147 => Lr: 0.001000
2025-03-28 09:52:35,997 [Epoch: 028 Step: 00097600] Batch Translation Loss:  28.997236 => Lr: 0.001000
2025-03-28 09:55:27,915 [Epoch: 028 Step: 00097700] Batch Translation Loss:  53.663750 => Lr: 0.001000
2025-03-28 09:58:22,742 [Epoch: 028 Step: 00097800] Batch Translation Loss:  18.394724 => Lr: 0.001000
2025-03-28 10:01:26,568 [Epoch: 028 Step: 00097900] Batch Translation Loss:   9.786434 => Lr: 0.001000
2025-03-28 10:04:39,901 [Epoch: 028 Step: 00098000] Batch Translation Loss:  22.079607 => Lr: 0.001000
2025-03-28 10:11:30,100 Saved 518 text references to ./sign_sample_back_to_word\txt_references_98000.txt and 518 text hypotheses to ./sign_sample_back_to_word\txt_hypotheses_98000.txt
2025-03-28 10:14:45,051 [Epoch: 028 Step: 00098100] Batch Translation Loss:  38.174213 => Lr: 0.001000
2025-03-28 10:18:02,435 [Epoch: 028 Step: 00098200] Batch Translation Loss:  28.531801 => Lr: 0.001000
2025-03-28 10:21:34,063 [Epoch: 028 Step: 00098300] Batch Translation Loss:  60.586048 => Lr: 0.001000
2025-03-28 10:24:59,771 [Epoch: 028 Step: 00098400] Batch Translation Loss:  35.897884 => Lr: 0.001000
2025-03-28 10:28:12,615 [Epoch: 028 Step: 00098500] Batch Translation Loss:  44.668404 => Lr: 0.001000
2025-03-28 10:31:25,429 [Epoch: 028 Step: 00098600] Batch Translation Loss:  30.136032 => Lr: 0.001000
2025-03-28 10:34:43,701 [Epoch: 028 Step: 00098700] Batch Translation Loss:  50.555721 => Lr: 0.001000
2025-03-28 10:37:57,786 [Epoch: 028 Step: 00098800] Batch Translation Loss:  23.873510 => Lr: 0.001000
2025-03-28 10:41:13,455 [Epoch: 028 Step: 00098900] Batch Translation Loss:  43.937252 => Lr: 0.001000
2025-03-28 10:44:14,836 [Epoch: 028 Step: 00099000] Batch Translation Loss:  37.592560 => Lr: 0.001000
2025-03-28 10:47:36,097 [Epoch: 028 Step: 00099100] Batch Translation Loss:  45.429333 => Lr: 0.001000
2025-03-28 10:50:51,301 [Epoch: 028 Step: 00099200] Batch Translation Loss: 152.132645 => Lr: 0.001000
2025-03-28 10:54:04,717 [Epoch: 028 Step: 00099300] Batch Translation Loss:  67.974648 => Lr: 0.001000
2025-03-28 10:55:25,167 Epoch  28: Total Training Translation Loss 143280.59 
2025-03-28 10:55:25,169 EPOCH 29
2025-03-28 10:56:55,459 [Epoch: 029 Step: 00099400] Batch Translation Loss:  21.659323 => Lr: 0.001000
2025-03-28 10:59:32,842 [Epoch: 029 Step: 00099500] Batch Translation Loss:  64.984718 => Lr: 0.001000
2025-03-28 11:01:54,293 [Epoch: 029 Step: 00099600] Batch Translation Loss:  56.099449 => Lr: 0.001000
2025-03-28 11:04:21,896 [Epoch: 029 Step: 00099700] Batch Translation Loss:  44.236263 => Lr: 0.001000
2025-03-28 11:06:54,082 [Epoch: 029 Step: 00099800] Batch Translation Loss:  28.558210 => Lr: 0.001000
2025-03-28 11:09:19,322 [Epoch: 029 Step: 00099900] Batch Translation Loss:  35.444820 => Lr: 0.001000
2025-03-28 11:11:56,808 [Epoch: 029 Step: 00100000] Batch Translation Loss:  19.479898 => Lr: 0.001000
2025-03-28 11:14:25,524 [Epoch: 029 Step: 00100100] Batch Translation Loss:  42.405888 => Lr: 0.001000
2025-03-28 11:16:54,820 [Epoch: 029 Step: 00100200] Batch Translation Loss:  50.946770 => Lr: 0.001000
2025-03-28 11:19:28,354 [Epoch: 029 Step: 00100300] Batch Translation Loss:  29.997969 => Lr: 0.001000
2025-03-28 11:22:05,550 [Epoch: 029 Step: 00100400] Batch Translation Loss:  13.223127 => Lr: 0.001000
2025-03-28 11:24:37,437 [Epoch: 029 Step: 00100500] Batch Translation Loss:  44.068310 => Lr: 0.001000
2025-03-28 11:27:15,542 [Epoch: 029 Step: 00100600] Batch Translation Loss:  25.258101 => Lr: 0.001000
2025-03-28 11:29:49,951 [Epoch: 029 Step: 00100700] Batch Translation Loss:  42.481819 => Lr: 0.001000
2025-03-28 11:32:24,196 [Epoch: 029 Step: 00100800] Batch Translation Loss:  21.749763 => Lr: 0.001000
2025-03-28 11:35:37,905 [Epoch: 029 Step: 00100900] Batch Translation Loss:  14.308273 => Lr: 0.001000
2025-03-28 11:38:44,042 [Epoch: 029 Step: 00101000] Batch Translation Loss:  65.656151 => Lr: 0.001000
2025-03-28 11:41:43,799 [Epoch: 029 Step: 00101100] Batch Translation Loss:  48.952339 => Lr: 0.001000
2025-03-28 11:44:33,843 [Epoch: 029 Step: 00101200] Batch Translation Loss:  61.032276 => Lr: 0.001000
2025-03-28 11:47:27,890 [Epoch: 029 Step: 00101300] Batch Translation Loss:  63.437469 => Lr: 0.001000
2025-03-28 11:50:06,836 [Epoch: 029 Step: 00101400] Batch Translation Loss:  27.956251 => Lr: 0.001000
2025-03-28 11:52:57,551 [Epoch: 029 Step: 00101500] Batch Translation Loss:  46.582577 => Lr: 0.001000
2025-03-28 11:59:41,177 Saved 518 text references to ./sign_sample_back_to_word\txt_references_101500.txt and 518 text hypotheses to ./sign_sample_back_to_word\txt_hypotheses_101500.txt
2025-03-28 12:02:47,695 [Epoch: 029 Step: 00101600] Batch Translation Loss:  23.186869 => Lr: 0.001000
2025-03-28 12:05:49,752 [Epoch: 029 Step: 00101700] Batch Translation Loss:  26.589804 => Lr: 0.001000
2025-03-28 12:08:46,167 [Epoch: 029 Step: 00101800] Batch Translation Loss:  18.413918 => Lr: 0.001000
2025-03-28 12:11:56,964 [Epoch: 029 Step: 00101900] Batch Translation Loss:  48.227566 => Lr: 0.001000
2025-03-28 12:15:05,923 [Epoch: 029 Step: 00102000] Batch Translation Loss:  34.224846 => Lr: 0.001000
2025-03-28 12:18:14,578 [Epoch: 029 Step: 00102100] Batch Translation Loss:  96.958382 => Lr: 0.001000
2025-03-28 12:21:14,952 [Epoch: 029 Step: 00102200] Batch Translation Loss:  41.739281 => Lr: 0.001000
2025-03-28 12:24:50,028 [Epoch: 029 Step: 00102300] Batch Translation Loss:  65.344673 => Lr: 0.001000
2025-03-28 12:28:11,866 [Epoch: 029 Step: 00102400] Batch Translation Loss:  41.175350 => Lr: 0.001000
2025-03-28 12:31:41,275 [Epoch: 029 Step: 00102500] Batch Translation Loss:  17.969269 => Lr: 0.001000
2025-03-28 12:34:49,891 [Epoch: 029 Step: 00102600] Batch Translation Loss:  55.711304 => Lr: 0.001000
2025-03-28 12:38:05,497 [Epoch: 029 Step: 00102700] Batch Translation Loss: 113.750565 => Lr: 0.001000
2025-03-28 12:41:19,857 [Epoch: 029 Step: 00102800] Batch Translation Loss:  23.647215 => Lr: 0.001000
2025-03-28 12:44:07,426 Epoch  29: Total Training Translation Loss 142066.75 
2025-03-28 12:44:07,429 EPOCH 30
2025-03-28 12:44:19,483 [Epoch: 030 Step: 00102900] Batch Translation Loss:  20.161009 => Lr: 0.001000
2025-03-28 12:46:35,526 [Epoch: 030 Step: 00103000] Batch Translation Loss:  55.324894 => Lr: 0.001000
2025-03-28 12:48:53,943 [Epoch: 030 Step: 00103100] Batch Translation Loss:  17.268600 => Lr: 0.001000
2025-03-28 12:51:31,151 [Epoch: 030 Step: 00103200] Batch Translation Loss:  33.266087 => Lr: 0.001000
2025-03-28 12:54:15,007 [Epoch: 030 Step: 00103300] Batch Translation Loss:  39.565453 => Lr: 0.001000
2025-03-28 12:56:57,714 [Epoch: 030 Step: 00103400] Batch Translation Loss:  45.734528 => Lr: 0.001000
2025-03-28 12:59:32,803 [Epoch: 030 Step: 00103500] Batch Translation Loss: 100.079979 => Lr: 0.001000
2025-03-28 13:02:14,480 [Epoch: 030 Step: 00103600] Batch Translation Loss:  79.973763 => Lr: 0.001000
2025-03-28 13:04:52,092 [Epoch: 030 Step: 00103700] Batch Translation Loss:  21.098164 => Lr: 0.001000
2025-03-28 13:07:24,934 [Epoch: 030 Step: 00103800] Batch Translation Loss:  24.303890 => Lr: 0.001000
2025-03-28 13:10:03,023 [Epoch: 030 Step: 00103900] Batch Translation Loss:  78.407204 => Lr: 0.001000
2025-03-28 13:12:59,730 [Epoch: 030 Step: 00104000] Batch Translation Loss:  28.962503 => Lr: 0.001000
2025-03-28 13:15:41,075 [Epoch: 030 Step: 00104100] Batch Translation Loss:  60.320923 => Lr: 0.001000
2025-03-28 13:18:25,808 [Epoch: 030 Step: 00104200] Batch Translation Loss:  51.185616 => Lr: 0.001000
2025-03-28 13:21:02,641 [Epoch: 030 Step: 00104300] Batch Translation Loss:  20.185081 => Lr: 0.001000
2025-03-28 13:23:36,425 [Epoch: 030 Step: 00104400] Batch Translation Loss:  24.821568 => Lr: 0.001000
2025-03-28 13:26:15,083 [Epoch: 030 Step: 00104500] Batch Translation Loss:  44.937294 => Lr: 0.001000
2025-03-28 13:28:49,489 [Epoch: 030 Step: 00104600] Batch Translation Loss:  42.656864 => Lr: 0.001000
2025-03-28 13:31:24,678 [Epoch: 030 Step: 00104700] Batch Translation Loss:  59.011749 => Lr: 0.001000
2025-03-28 13:34:04,679 [Epoch: 030 Step: 00104800] Batch Translation Loss:  58.511093 => Lr: 0.001000
2025-03-28 13:36:54,617 [Epoch: 030 Step: 00104900] Batch Translation Loss:  42.811569 => Lr: 0.001000
2025-03-28 13:39:41,495 [Epoch: 030 Step: 00105000] Batch Translation Loss:  50.787937 => Lr: 0.001000
2025-03-28 13:46:21,305 Saved 518 text references to ./sign_sample_back_to_word\txt_references_105000.txt and 518 text hypotheses to ./sign_sample_back_to_word\txt_hypotheses_105000.txt
2025-03-28 13:49:20,608 [Epoch: 030 Step: 00105100] Batch Translation Loss:  38.957180 => Lr: 0.001000
2025-03-28 13:52:22,763 [Epoch: 030 Step: 00105200] Batch Translation Loss:  42.071617 => Lr: 0.001000
2025-03-28 13:55:26,863 [Epoch: 030 Step: 00105300] Batch Translation Loss:  70.589249 => Lr: 0.001000
2025-03-28 13:58:30,078 [Epoch: 030 Step: 00105400] Batch Translation Loss:  49.081169 => Lr: 0.001000
2025-03-28 14:01:42,211 [Epoch: 030 Step: 00105500] Batch Translation Loss:  54.858932 => Lr: 0.001000
2025-03-28 14:04:48,588 [Epoch: 030 Step: 00105600] Batch Translation Loss:  36.098999 => Lr: 0.001000
2025-03-28 14:07:50,748 [Epoch: 030 Step: 00105700] Batch Translation Loss:  29.064608 => Lr: 0.001000
2025-03-28 14:10:51,135 [Epoch: 030 Step: 00105800] Batch Translation Loss:  31.365036 => Lr: 0.001000
2025-03-28 14:13:56,862 [Epoch: 030 Step: 00105900] Batch Translation Loss:  25.383804 => Lr: 0.001000
2025-03-28 14:17:05,874 [Epoch: 030 Step: 00106000] Batch Translation Loss:  12.716102 => Lr: 0.001000
2025-03-28 14:20:23,627 [Epoch: 030 Step: 00106100] Batch Translation Loss:  35.154434 => Lr: 0.001000
2025-03-28 14:23:37,094 [Epoch: 030 Step: 00106200] Batch Translation Loss:  35.723934 => Lr: 0.001000
2025-03-28 14:27:07,237 [Epoch: 030 Step: 00106300] Batch Translation Loss:  51.580833 => Lr: 0.001000
2025-03-28 14:30:24,703 [Epoch: 030 Step: 00106400] Batch Translation Loss:  44.279858 => Lr: 0.001000
2025-03-28 14:31:39,323 Epoch  30: Total Training Translation Loss 140976.83 
2025-03-28 14:31:39,326 EPOCH 31
2025-03-28 14:33:09,472 [Epoch: 031 Step: 00106500] Batch Translation Loss:  52.228569 => Lr: 0.001000
2025-03-28 14:35:38,645 [Epoch: 031 Step: 00106600] Batch Translation Loss:  20.627890 => Lr: 0.001000
2025-03-28 14:38:29,405 [Epoch: 031 Step: 00106700] Batch Translation Loss:  38.589012 => Lr: 0.001000
2025-03-28 14:41:19,699 [Epoch: 031 Step: 00106800] Batch Translation Loss: 108.915047 => Lr: 0.001000
2025-03-28 14:44:05,744 [Epoch: 031 Step: 00106900] Batch Translation Loss:  35.710197 => Lr: 0.001000
2025-03-28 14:47:05,589 [Epoch: 031 Step: 00107000] Batch Translation Loss:  47.194172 => Lr: 0.001000
2025-03-28 14:49:47,106 [Epoch: 031 Step: 00107100] Batch Translation Loss:  37.183174 => Lr: 0.001000
2025-03-28 14:52:23,399 [Epoch: 031 Step: 00107200] Batch Translation Loss:  25.343361 => Lr: 0.001000
2025-03-28 14:54:56,807 [Epoch: 031 Step: 00107300] Batch Translation Loss:  29.701391 => Lr: 0.001000
2025-03-28 14:57:27,954 [Epoch: 031 Step: 00107400] Batch Translation Loss:  47.771118 => Lr: 0.001000
2025-03-28 15:00:03,555 [Epoch: 031 Step: 00107500] Batch Translation Loss:  32.394672 => Lr: 0.001000
2025-03-28 15:02:36,116 [Epoch: 031 Step: 00107600] Batch Translation Loss:  54.630917 => Lr: 0.001000
2025-03-28 15:05:12,496 [Epoch: 031 Step: 00107700] Batch Translation Loss:  36.823933 => Lr: 0.001000
2025-03-28 15:07:41,409 [Epoch: 031 Step: 00107800] Batch Translation Loss:  57.171238 => Lr: 0.001000
2025-03-28 15:10:13,121 [Epoch: 031 Step: 00107900] Batch Translation Loss:  17.948420 => Lr: 0.001000
2025-03-28 15:13:04,745 [Epoch: 031 Step: 00108000] Batch Translation Loss:  68.783630 => Lr: 0.001000
2025-03-28 15:15:46,695 [Epoch: 031 Step: 00108100] Batch Translation Loss:  24.748196 => Lr: 0.001000
2025-03-28 15:18:39,953 [Epoch: 031 Step: 00108200] Batch Translation Loss:  55.113544 => Lr: 0.001000
2025-03-28 15:21:29,282 [Epoch: 031 Step: 00108300] Batch Translation Loss:  64.846153 => Lr: 0.001000
2025-03-28 15:24:33,426 [Epoch: 031 Step: 00108400] Batch Translation Loss:  27.691296 => Lr: 0.001000
2025-03-28 15:27:35,925 [Epoch: 031 Step: 00108500] Batch Translation Loss:  27.348795 => Lr: 0.001000
2025-03-28 15:34:21,492 Saved 518 text references to ./sign_sample_back_to_word\txt_references_108500.txt and 518 text hypotheses to ./sign_sample_back_to_word\txt_hypotheses_108500.txt
2025-03-28 15:37:29,835 [Epoch: 031 Step: 00108600] Batch Translation Loss:  12.113729 => Lr: 0.001000
2025-03-28 15:40:32,315 [Epoch: 031 Step: 00108700] Batch Translation Loss:  15.877050 => Lr: 0.001000
2025-03-28 15:43:45,064 [Epoch: 031 Step: 00108800] Batch Translation Loss:  36.435757 => Lr: 0.001000
2025-03-28 15:46:46,826 [Epoch: 031 Step: 00108900] Batch Translation Loss:  32.151974 => Lr: 0.001000
2025-03-28 15:50:06,977 [Epoch: 031 Step: 00109000] Batch Translation Loss:  72.447060 => Lr: 0.001000
2025-03-28 15:53:09,931 [Epoch: 031 Step: 00109100] Batch Translation Loss:  70.484764 => Lr: 0.001000
2025-03-28 15:56:19,720 [Epoch: 031 Step: 00109200] Batch Translation Loss:  26.862291 => Lr: 0.001000
2025-03-28 15:59:23,075 [Epoch: 031 Step: 00109300] Batch Translation Loss:  23.743135 => Lr: 0.001000
2025-03-28 16:02:26,118 [Epoch: 031 Step: 00109400] Batch Translation Loss:  44.522205 => Lr: 0.001000
2025-03-28 16:05:26,497 [Epoch: 031 Step: 00109500] Batch Translation Loss:  15.218112 => Lr: 0.001000
2025-03-28 16:08:38,176 [Epoch: 031 Step: 00109600] Batch Translation Loss:  57.122997 => Lr: 0.001000
2025-03-28 16:11:46,512 [Epoch: 031 Step: 00109700] Batch Translation Loss:  55.223637 => Lr: 0.001000
2025-03-28 16:14:55,190 [Epoch: 031 Step: 00109800] Batch Translation Loss:  25.737610 => Lr: 0.001000
2025-03-28 16:18:00,218 [Epoch: 031 Step: 00109900] Batch Translation Loss:  38.744099 => Lr: 0.001000
2025-03-28 16:20:43,441 Epoch  31: Total Training Translation Loss 139786.84 
2025-03-28 16:20:43,445 EPOCH 32
2025-03-28 16:20:58,462 [Epoch: 032 Step: 00110000] Batch Translation Loss:  24.552402 => Lr: 0.001000
2025-03-28 16:23:16,418 [Epoch: 032 Step: 00110100] Batch Translation Loss:  23.282185 => Lr: 0.001000
2025-03-28 16:25:40,855 [Epoch: 032 Step: 00110200] Batch Translation Loss:  55.434441 => Lr: 0.001000
2025-03-28 16:27:53,275 [Epoch: 032 Step: 00110300] Batch Translation Loss:  35.408691 => Lr: 0.001000
2025-03-28 16:30:21,005 [Epoch: 032 Step: 00110400] Batch Translation Loss:  21.900490 => Lr: 0.001000
2025-03-28 16:33:26,720 [Epoch: 032 Step: 00110500] Batch Translation Loss:  35.340225 => Lr: 0.001000
2025-03-28 16:36:38,728 [Epoch: 032 Step: 00110600] Batch Translation Loss:  34.452354 => Lr: 0.001000
2025-03-28 16:39:46,800 [Epoch: 032 Step: 00110700] Batch Translation Loss:  31.624191 => Lr: 0.001000
2025-03-28 16:42:52,614 [Epoch: 032 Step: 00110800] Batch Translation Loss:  81.268509 => Lr: 0.001000
2025-03-28 16:45:43,241 [Epoch: 032 Step: 00110900] Batch Translation Loss:  66.763992 => Lr: 0.001000
2025-03-28 16:48:44,166 [Epoch: 032 Step: 00111000] Batch Translation Loss:  43.814922 => Lr: 0.001000
2025-03-28 16:51:48,326 [Epoch: 032 Step: 00111100] Batch Translation Loss:  24.260700 => Lr: 0.001000
2025-03-28 16:54:49,770 [Epoch: 032 Step: 00111200] Batch Translation Loss:  27.216633 => Lr: 0.001000
2025-03-28 16:57:51,079 [Epoch: 032 Step: 00111300] Batch Translation Loss:  30.475235 => Lr: 0.001000
2025-03-28 17:00:52,177 [Epoch: 032 Step: 00111400] Batch Translation Loss:  55.612549 => Lr: 0.001000
2025-03-28 17:03:51,921 [Epoch: 032 Step: 00111500] Batch Translation Loss:  41.314682 => Lr: 0.001000
2025-03-28 17:07:02,566 [Epoch: 032 Step: 00111600] Batch Translation Loss:  47.706409 => Lr: 0.001000
2025-03-28 17:10:06,586 [Epoch: 032 Step: 00111700] Batch Translation Loss:  54.206600 => Lr: 0.001000
2025-03-28 17:13:12,172 [Epoch: 032 Step: 00111800] Batch Translation Loss:  54.037647 => Lr: 0.001000
2025-03-28 17:16:17,492 [Epoch: 032 Step: 00111900] Batch Translation Loss:  30.113701 => Lr: 0.001000
2025-03-28 17:19:27,227 [Epoch: 032 Step: 00112000] Batch Translation Loss:  46.311398 => Lr: 0.001000
2025-03-28 17:26:16,675 Saved 518 text references to ./sign_sample_back_to_word\txt_references_112000.txt and 518 text hypotheses to ./sign_sample_back_to_word\txt_hypotheses_112000.txt
2025-03-28 17:29:19,398 [Epoch: 032 Step: 00112100] Batch Translation Loss:  25.193239 => Lr: 0.001000
2025-03-28 17:32:40,454 [Epoch: 032 Step: 00112200] Batch Translation Loss:  62.657997 => Lr: 0.001000
2025-03-28 17:35:52,241 [Epoch: 032 Step: 00112300] Batch Translation Loss:  18.959642 => Lr: 0.001000
2025-03-28 17:39:05,917 [Epoch: 032 Step: 00112400] Batch Translation Loss:  16.502825 => Lr: 0.001000
2025-03-28 17:42:21,010 [Epoch: 032 Step: 00112500] Batch Translation Loss:  24.979733 => Lr: 0.001000
2025-03-28 17:45:29,324 [Epoch: 032 Step: 00112600] Batch Translation Loss:  24.126816 => Lr: 0.001000
2025-03-28 17:48:48,339 [Epoch: 032 Step: 00112700] Batch Translation Loss:  12.687974 => Lr: 0.001000
2025-03-28 17:52:00,713 [Epoch: 032 Step: 00112800] Batch Translation Loss:  32.059208 => Lr: 0.001000
2025-03-28 17:55:10,867 [Epoch: 032 Step: 00112900] Batch Translation Loss:  36.476437 => Lr: 0.001000
2025-03-28 17:58:30,750 [Epoch: 032 Step: 00113000] Batch Translation Loss:  36.721546 => Lr: 0.001000
2025-03-28 18:01:46,759 [Epoch: 032 Step: 00113100] Batch Translation Loss:  49.764481 => Lr: 0.001000
2025-03-28 18:04:54,322 [Epoch: 032 Step: 00113200] Batch Translation Loss:  27.166378 => Lr: 0.001000
2025-03-28 18:08:05,599 [Epoch: 032 Step: 00113300] Batch Translation Loss:  27.749226 => Lr: 0.001000
2025-03-28 18:11:18,806 [Epoch: 032 Step: 00113400] Batch Translation Loss:  62.300690 => Lr: 0.001000
2025-03-28 18:14:33,238 [Epoch: 032 Step: 00113500] Batch Translation Loss:  37.990292 => Lr: 0.001000
2025-03-28 18:15:40,966 Epoch  32: Total Training Translation Loss 138707.49 
2025-03-28 18:15:40,968 EPOCH 33
2025-03-28 18:17:08,070 [Epoch: 033 Step: 00113600] Batch Translation Loss:  24.183214 => Lr: 0.001000
2025-03-28 18:19:28,346 [Epoch: 033 Step: 00113700] Batch Translation Loss:  40.936932 => Lr: 0.001000
2025-03-28 18:21:53,877 [Epoch: 033 Step: 00113800] Batch Translation Loss:  28.192581 => Lr: 0.001000
2025-03-28 18:24:24,350 [Epoch: 033 Step: 00113900] Batch Translation Loss:  21.539293 => Lr: 0.001000
2025-03-28 18:26:43,868 [Epoch: 033 Step: 00114000] Batch Translation Loss:  12.487803 => Lr: 0.001000
2025-03-28 18:29:04,832 [Epoch: 033 Step: 00114100] Batch Translation Loss:  22.293325 => Lr: 0.001000
2025-03-28 18:31:28,940 [Epoch: 033 Step: 00114200] Batch Translation Loss:  25.261936 => Lr: 0.001000
2025-03-28 18:34:04,799 [Epoch: 033 Step: 00114300] Batch Translation Loss:  80.670723 => Lr: 0.001000
2025-03-28 18:36:35,255 [Epoch: 033 Step: 00114400] Batch Translation Loss:  54.651340 => Lr: 0.001000
2025-03-28 18:38:59,241 [Epoch: 033 Step: 00114500] Batch Translation Loss:  74.235229 => Lr: 0.001000
2025-03-28 18:41:34,301 [Epoch: 033 Step: 00114600] Batch Translation Loss:  17.305260 => Lr: 0.001000
2025-03-28 18:44:18,161 [Epoch: 033 Step: 00114700] Batch Translation Loss:  35.861385 => Lr: 0.001000
2025-03-28 18:46:51,486 [Epoch: 033 Step: 00114800] Batch Translation Loss:  61.623512 => Lr: 0.001000
2025-03-28 18:49:24,474 [Epoch: 033 Step: 00114900] Batch Translation Loss:  42.205853 => Lr: 0.001000
2025-03-28 18:51:58,716 [Epoch: 033 Step: 00115000] Batch Translation Loss:  36.549461 => Lr: 0.001000
2025-03-28 18:54:31,680 [Epoch: 033 Step: 00115100] Batch Translation Loss:  16.957592 => Lr: 0.001000
2025-03-28 18:57:16,732 [Epoch: 033 Step: 00115200] Batch Translation Loss:  56.101650 => Lr: 0.001000
2025-03-28 19:00:00,081 [Epoch: 033 Step: 00115300] Batch Translation Loss:  34.835464 => Lr: 0.001000
2025-03-28 19:02:44,231 [Epoch: 033 Step: 00115400] Batch Translation Loss:  45.679752 => Lr: 0.001000
2025-03-28 19:05:28,482 [Epoch: 033 Step: 00115500] Batch Translation Loss:  18.559717 => Lr: 0.001000
2025-03-28 19:12:19,268 Saved 518 text references to ./sign_sample_back_to_word\txt_references_115500.txt and 518 text hypotheses to ./sign_sample_back_to_word\txt_hypotheses_115500.txt
2025-03-28 19:15:30,284 [Epoch: 033 Step: 00115600] Batch Translation Loss:  18.673565 => Lr: 0.001000
2025-03-28 19:18:52,112 [Epoch: 033 Step: 00115700] Batch Translation Loss:  10.935677 => Lr: 0.001000
2025-03-28 19:22:10,558 [Epoch: 033 Step: 00115800] Batch Translation Loss:  79.399696 => Lr: 0.001000
2025-03-28 19:25:34,974 [Epoch: 033 Step: 00115900] Batch Translation Loss:  43.792267 => Lr: 0.001000
2025-03-28 19:28:51,408 [Epoch: 033 Step: 00116000] Batch Translation Loss:  31.216658 => Lr: 0.001000
2025-03-28 19:32:15,498 [Epoch: 033 Step: 00116100] Batch Translation Loss:  48.934746 => Lr: 0.001000
2025-03-28 19:35:32,161 [Epoch: 033 Step: 00116200] Batch Translation Loss:  38.242249 => Lr: 0.001000
2025-03-28 19:38:59,504 [Epoch: 033 Step: 00116300] Batch Translation Loss:  98.253784 => Lr: 0.001000
2025-03-28 19:42:24,333 [Epoch: 033 Step: 00116400] Batch Translation Loss:  13.249864 => Lr: 0.001000
2025-03-28 19:45:37,305 [Epoch: 033 Step: 00116500] Batch Translation Loss:  27.355217 => Lr: 0.001000
2025-03-28 19:48:57,145 [Epoch: 033 Step: 00116600] Batch Translation Loss:  27.115425 => Lr: 0.001000
2025-03-28 19:52:13,394 [Epoch: 033 Step: 00116700] Batch Translation Loss:  43.739937 => Lr: 0.001000
2025-03-28 19:55:32,442 [Epoch: 033 Step: 00116800] Batch Translation Loss:  29.744148 => Lr: 0.001000
2025-03-28 19:58:50,688 [Epoch: 033 Step: 00116900] Batch Translation Loss:  19.236803 => Lr: 0.001000
2025-03-28 20:02:07,314 [Epoch: 033 Step: 00117000] Batch Translation Loss:   3.969620 => Lr: 0.001000
2025-03-28 20:04:45,266 Epoch  33: Total Training Translation Loss 137929.61 
2025-03-28 20:04:45,268 EPOCH 34
2025-03-28 20:05:11,002 [Epoch: 034 Step: 00117100] Batch Translation Loss:  55.037472 => Lr: 0.001000
2025-03-28 20:07:33,422 [Epoch: 034 Step: 00117200] Batch Translation Loss:  19.156084 => Lr: 0.001000
2025-03-28 20:09:55,648 [Epoch: 034 Step: 00117300] Batch Translation Loss:  21.346464 => Lr: 0.001000
2025-03-28 20:12:18,600 [Epoch: 034 Step: 00117400] Batch Translation Loss:  34.056110 => Lr: 0.001000
2025-03-28 20:14:41,188 [Epoch: 034 Step: 00117500] Batch Translation Loss:  29.668447 => Lr: 0.001000
2025-03-28 20:17:01,575 [Epoch: 034 Step: 00117600] Batch Translation Loss:  47.167122 => Lr: 0.001000
2025-03-28 20:19:31,373 [Epoch: 034 Step: 00117700] Batch Translation Loss:  54.673874 => Lr: 0.001000
2025-03-28 20:22:19,195 [Epoch: 034 Step: 00117800] Batch Translation Loss:  33.628494 => Lr: 0.001000
2025-03-28 20:24:44,587 [Epoch: 034 Step: 00117900] Batch Translation Loss:  31.480509 => Lr: 0.001000
2025-03-28 20:27:10,567 [Epoch: 034 Step: 00118000] Batch Translation Loss:  36.996334 => Lr: 0.001000
2025-03-28 20:29:51,378 [Epoch: 034 Step: 00118100] Batch Translation Loss:  52.991653 => Lr: 0.001000
2025-03-28 20:32:33,172 [Epoch: 034 Step: 00118200] Batch Translation Loss: 102.195679 => Lr: 0.001000
2025-03-28 20:35:07,051 [Epoch: 034 Step: 00118300] Batch Translation Loss:  16.732777 => Lr: 0.001000
2025-03-28 20:37:42,902 [Epoch: 034 Step: 00118400] Batch Translation Loss:  33.160816 => Lr: 0.001000
2025-03-28 20:40:20,849 [Epoch: 034 Step: 00118500] Batch Translation Loss:  45.967052 => Lr: 0.001000
2025-03-28 20:43:05,465 [Epoch: 034 Step: 00118600] Batch Translation Loss:  41.362305 => Lr: 0.001000
2025-03-28 20:45:49,158 [Epoch: 034 Step: 00118700] Batch Translation Loss:  57.803993 => Lr: 0.001000
2025-03-28 20:48:41,306 [Epoch: 034 Step: 00118800] Batch Translation Loss:  29.176455 => Lr: 0.001000
2025-03-28 20:51:34,457 [Epoch: 034 Step: 00118900] Batch Translation Loss:  34.461533 => Lr: 0.001000
2025-03-28 20:54:27,327 [Epoch: 034 Step: 00119000] Batch Translation Loss:  18.906130 => Lr: 0.001000
2025-03-28 21:01:18,559 Saved 518 text references to ./sign_sample_back_to_word\txt_references_119000.txt and 518 text hypotheses to ./sign_sample_back_to_word\txt_hypotheses_119000.txt
2025-03-28 21:04:29,661 [Epoch: 034 Step: 00119100] Batch Translation Loss:  21.261860 => Lr: 0.001000
2025-03-28 21:07:37,880 [Epoch: 034 Step: 00119200] Batch Translation Loss:  24.108091 => Lr: 0.001000
2025-03-28 21:11:02,493 [Epoch: 034 Step: 00119300] Batch Translation Loss:  21.367332 => Lr: 0.001000
2025-03-28 21:14:12,603 [Epoch: 034 Step: 00119400] Batch Translation Loss:  53.462799 => Lr: 0.001000
2025-03-28 21:17:32,655 [Epoch: 034 Step: 00119500] Batch Translation Loss:  26.356153 => Lr: 0.001000
2025-03-28 21:20:49,929 [Epoch: 034 Step: 00119600] Batch Translation Loss:  22.197151 => Lr: 0.001000
2025-03-28 21:24:05,937 [Epoch: 034 Step: 00119700] Batch Translation Loss:  76.528870 => Lr: 0.001000
2025-03-28 21:27:14,774 [Epoch: 034 Step: 00119800] Batch Translation Loss:  49.314507 => Lr: 0.001000
2025-03-28 21:30:23,875 [Epoch: 034 Step: 00119900] Batch Translation Loss:  26.290686 => Lr: 0.001000
2025-03-28 21:33:31,328 [Epoch: 034 Step: 00120000] Batch Translation Loss:  54.721428 => Lr: 0.001000
2025-03-28 21:36:50,304 [Epoch: 034 Step: 00120100] Batch Translation Loss: 115.783310 => Lr: 0.001000
2025-03-28 21:39:57,143 [Epoch: 034 Step: 00120200] Batch Translation Loss:  63.929092 => Lr: 0.001000
2025-03-28 21:43:10,621 [Epoch: 034 Step: 00120300] Batch Translation Loss:  65.405090 => Lr: 0.001000
2025-03-28 21:46:17,789 [Epoch: 034 Step: 00120400] Batch Translation Loss:  18.752205 => Lr: 0.001000
2025-03-28 21:49:33,563 [Epoch: 034 Step: 00120500] Batch Translation Loss:  18.895350 => Lr: 0.001000
2025-03-28 21:52:43,311 [Epoch: 034 Step: 00120600] Batch Translation Loss:  29.888367 => Lr: 0.001000
2025-03-28 21:53:46,894 Epoch  34: Total Training Translation Loss 136642.07 
2025-03-28 21:53:46,897 EPOCH 35
2025-03-28 21:55:22,634 [Epoch: 035 Step: 00120700] Batch Translation Loss:  19.323843 => Lr: 0.001000
2025-03-28 21:57:45,899 [Epoch: 035 Step: 00120800] Batch Translation Loss:  21.470201 => Lr: 0.001000
2025-03-28 22:00:05,568 [Epoch: 035 Step: 00120900] Batch Translation Loss:  29.469938 => Lr: 0.001000
2025-03-28 22:02:27,354 [Epoch: 035 Step: 00121000] Batch Translation Loss:  44.271740 => Lr: 0.001000
2025-03-28 22:04:49,960 [Epoch: 035 Step: 00121100] Batch Translation Loss:  13.677468 => Lr: 0.001000
2025-03-28 22:07:16,935 [Epoch: 035 Step: 00121200] Batch Translation Loss:  13.356565 => Lr: 0.001000
2025-03-28 22:09:52,378 [Epoch: 035 Step: 00121300] Batch Translation Loss:  26.638126 => Lr: 0.001000
2025-03-28 22:12:19,274 [Epoch: 035 Step: 00121400] Batch Translation Loss:  10.327907 => Lr: 0.001000
2025-03-28 22:14:58,163 [Epoch: 035 Step: 00121500] Batch Translation Loss:  21.603592 => Lr: 0.001000
2025-03-28 22:17:19,396 [Epoch: 035 Step: 00121600] Batch Translation Loss:  28.851101 => Lr: 0.001000
2025-03-28 22:19:53,007 [Epoch: 035 Step: 00121700] Batch Translation Loss:  65.287384 => Lr: 0.001000
2025-03-28 22:22:25,512 [Epoch: 035 Step: 00121800] Batch Translation Loss:  36.049259 => Lr: 0.001000
2025-03-28 22:24:53,479 [Epoch: 035 Step: 00121900] Batch Translation Loss:  51.022102 => Lr: 0.001000
2025-03-28 22:27:26,489 [Epoch: 035 Step: 00122000] Batch Translation Loss:  10.838977 => Lr: 0.001000
2025-03-28 22:30:04,501 [Epoch: 035 Step: 00122100] Batch Translation Loss:  49.399124 => Lr: 0.001000
2025-03-28 22:32:35,479 [Epoch: 035 Step: 00122200] Batch Translation Loss:  46.705051 => Lr: 0.001000
2025-03-28 22:35:18,196 [Epoch: 035 Step: 00122300] Batch Translation Loss:  52.896137 => Lr: 0.001000
2025-03-28 22:38:06,227 [Epoch: 035 Step: 00122400] Batch Translation Loss:  24.840382 => Lr: 0.001000
2025-03-28 22:41:05,314 [Epoch: 035 Step: 00122500] Batch Translation Loss:  10.198694 => Lr: 0.001000
2025-03-28 22:47:53,542 Saved 518 text references to ./sign_sample_back_to_word\txt_references_122500.txt and 518 text hypotheses to ./sign_sample_back_to_word\txt_hypotheses_122500.txt
2025-03-28 22:51:20,645 [Epoch: 035 Step: 00122600] Batch Translation Loss:  55.995628 => Lr: 0.001000
2025-03-28 22:54:31,007 [Epoch: 035 Step: 00122700] Batch Translation Loss:  62.482983 => Lr: 0.001000
2025-03-28 22:57:53,798 [Epoch: 035 Step: 00122800] Batch Translation Loss:  53.759865 => Lr: 0.001000
2025-03-28 23:01:15,946 [Epoch: 035 Step: 00122900] Batch Translation Loss:  20.792778 => Lr: 0.001000
2025-03-28 23:04:37,430 [Epoch: 035 Step: 00123000] Batch Translation Loss:  50.885429 => Lr: 0.001000
2025-03-28 23:08:11,723 [Epoch: 035 Step: 00123100] Batch Translation Loss:  55.847126 => Lr: 0.001000
2025-03-28 23:11:49,797 [Epoch: 035 Step: 00123200] Batch Translation Loss:  32.028419 => Lr: 0.001000
2025-03-28 23:14:59,582 [Epoch: 035 Step: 00123300] Batch Translation Loss:  51.950356 => Lr: 0.001000
2025-03-28 23:18:19,175 [Epoch: 035 Step: 00123400] Batch Translation Loss:  61.657269 => Lr: 0.001000
2025-03-28 23:21:42,634 [Epoch: 035 Step: 00123500] Batch Translation Loss:   9.493449 => Lr: 0.001000
2025-03-28 23:24:59,182 [Epoch: 035 Step: 00123600] Batch Translation Loss:  16.556040 => Lr: 0.001000
2025-03-28 23:28:26,996 [Epoch: 035 Step: 00123700] Batch Translation Loss:  54.024200 => Lr: 0.001000
2025-03-28 23:31:44,933 [Epoch: 035 Step: 00123800] Batch Translation Loss:  71.421165 => Lr: 0.001000
2025-03-28 23:35:04,297 [Epoch: 035 Step: 00123900] Batch Translation Loss:  13.267951 => Lr: 0.001000
2025-03-28 23:38:38,819 [Epoch: 035 Step: 00124000] Batch Translation Loss:  41.518085 => Lr: 0.001000
2025-03-28 23:42:02,011 [Epoch: 035 Step: 00124100] Batch Translation Loss:  64.921547 => Lr: 0.001000
2025-03-28 23:44:55,278 Epoch  35: Total Training Translation Loss 135778.54 
2025-03-28 23:44:55,280 EPOCH 36
2025-03-28 23:45:22,693 [Epoch: 036 Step: 00124200] Batch Translation Loss:  39.268368 => Lr: 0.001000
2025-03-28 23:47:56,237 [Epoch: 036 Step: 00124300] Batch Translation Loss:  37.176033 => Lr: 0.001000
2025-03-28 23:50:23,299 [Epoch: 036 Step: 00124400] Batch Translation Loss:  59.932964 => Lr: 0.001000
2025-03-28 23:53:00,471 [Epoch: 036 Step: 00124500] Batch Translation Loss:  46.613495 => Lr: 0.001000
2025-03-28 23:55:33,810 [Epoch: 036 Step: 00124600] Batch Translation Loss:  17.713160 => Lr: 0.001000
2025-03-28 23:58:15,681 [Epoch: 036 Step: 00124700] Batch Translation Loss:  44.968063 => Lr: 0.001000
2025-03-29 00:00:40,957 [Epoch: 036 Step: 00124800] Batch Translation Loss:  20.418180 => Lr: 0.001000
2025-03-29 00:03:28,156 [Epoch: 036 Step: 00124900] Batch Translation Loss:  44.767998 => Lr: 0.001000
2025-03-29 00:05:58,982 [Epoch: 036 Step: 00125000] Batch Translation Loss:  46.375469 => Lr: 0.001000
2025-03-29 00:08:35,172 [Epoch: 036 Step: 00125100] Batch Translation Loss:  26.671366 => Lr: 0.001000
2025-03-29 00:11:23,674 [Epoch: 036 Step: 00125200] Batch Translation Loss:  31.247005 => Lr: 0.001000
2025-03-29 00:14:11,012 [Epoch: 036 Step: 00125300] Batch Translation Loss:  31.872234 => Lr: 0.001000
2025-03-29 00:17:00,867 [Epoch: 036 Step: 00125400] Batch Translation Loss:  17.679256 => Lr: 0.001000
2025-03-29 00:19:47,440 [Epoch: 036 Step: 00125500] Batch Translation Loss:  15.486035 => Lr: 0.001000
2025-03-29 00:22:36,150 [Epoch: 036 Step: 00125600] Batch Translation Loss:  40.969372 => Lr: 0.001000
2025-03-29 00:25:09,713 [Epoch: 036 Step: 00125700] Batch Translation Loss:  54.469402 => Lr: 0.001000
2025-03-29 00:27:44,082 [Epoch: 036 Step: 00125800] Batch Translation Loss:  18.249163 => Lr: 0.001000
2025-03-29 00:30:27,024 [Epoch: 036 Step: 00125900] Batch Translation Loss:  76.805222 => Lr: 0.001000
2025-03-29 00:33:09,214 [Epoch: 036 Step: 00126000] Batch Translation Loss:   8.402798 => Lr: 0.001000
2025-03-29 00:39:54,994 Saved 518 text references to ./sign_sample_back_to_word\txt_references_126000.txt and 518 text hypotheses to ./sign_sample_back_to_word\txt_hypotheses_126000.txt
2025-03-29 00:39:54,996 Hooray! New best validation result [eval_metric]!
2025-03-29 00:39:54,996 Saving new checkpoint.
2025-03-29 00:42:58,181 [Epoch: 036 Step: 00126100] Batch Translation Loss:  53.624790 => Lr: 0.001000
2025-03-29 00:46:19,279 [Epoch: 036 Step: 00126200] Batch Translation Loss:  10.739959 => Lr: 0.001000
2025-03-29 00:49:26,373 [Epoch: 036 Step: 00126300] Batch Translation Loss:  18.624117 => Lr: 0.001000
2025-03-29 00:52:37,505 [Epoch: 036 Step: 00126400] Batch Translation Loss:  36.263729 => Lr: 0.001000
2025-03-29 00:55:46,276 [Epoch: 036 Step: 00126500] Batch Translation Loss:  54.760212 => Lr: 0.001000
2025-03-29 00:58:52,836 [Epoch: 036 Step: 00126600] Batch Translation Loss:  69.967918 => Lr: 0.001000
2025-03-29 01:02:12,127 [Epoch: 036 Step: 00126700] Batch Translation Loss:  32.851383 => Lr: 0.001000
2025-03-29 01:05:18,248 [Epoch: 036 Step: 00126800] Batch Translation Loss:  50.605236 => Lr: 0.001000
2025-03-29 01:08:26,944 [Epoch: 036 Step: 00126900] Batch Translation Loss:  38.895779 => Lr: 0.001000
2025-03-29 01:11:35,136 [Epoch: 036 Step: 00127000] Batch Translation Loss:  41.548332 => Lr: 0.001000
2025-03-29 01:14:43,622 [Epoch: 036 Step: 00127100] Batch Translation Loss:  22.619390 => Lr: 0.001000
2025-03-29 01:17:47,389 [Epoch: 036 Step: 00127200] Batch Translation Loss:  19.807295 => Lr: 0.001000
2025-03-29 01:21:06,702 [Epoch: 036 Step: 00127300] Batch Translation Loss:  31.076933 => Lr: 0.001000
2025-03-29 01:24:20,061 [Epoch: 036 Step: 00127400] Batch Translation Loss:  15.965257 => Lr: 0.001000
2025-03-29 01:27:29,583 [Epoch: 036 Step: 00127500] Batch Translation Loss:  37.518944 => Lr: 0.001000
2025-03-29 01:30:43,453 [Epoch: 036 Step: 00127600] Batch Translation Loss:  34.531021 => Lr: 0.001000
2025-03-29 01:33:57,734 [Epoch: 036 Step: 00127700] Batch Translation Loss:  39.592606 => Lr: 0.001000
2025-03-29 01:34:46,056 Epoch  36: Total Training Translation Loss 134756.30 
2025-03-29 01:34:46,058 EPOCH 37
2025-03-29 01:36:30,552 [Epoch: 037 Step: 00127800] Batch Translation Loss:  18.858627 => Lr: 0.001000
2025-03-29 01:38:44,277 [Epoch: 037 Step: 00127900] Batch Translation Loss:  35.542023 => Lr: 0.001000
2025-03-29 01:41:09,757 [Epoch: 037 Step: 00128000] Batch Translation Loss:  22.598989 => Lr: 0.001000
2025-03-29 01:43:39,141 [Epoch: 037 Step: 00128100] Batch Translation Loss:  14.643456 => Lr: 0.001000
2025-03-29 01:46:00,969 [Epoch: 037 Step: 00128200] Batch Translation Loss:  24.015999 => Lr: 0.001000
2025-03-29 01:48:33,720 [Epoch: 037 Step: 00128300] Batch Translation Loss:  27.000664 => Lr: 0.001000
2025-03-29 01:50:56,863 [Epoch: 037 Step: 00128400] Batch Translation Loss:  18.688097 => Lr: 0.001000
2025-03-29 01:53:25,140 [Epoch: 037 Step: 00128500] Batch Translation Loss:  30.348526 => Lr: 0.001000
2025-03-29 01:55:41,615 [Epoch: 037 Step: 00128600] Batch Translation Loss:  26.340984 => Lr: 0.001000
2025-03-29 01:58:07,989 [Epoch: 037 Step: 00128700] Batch Translation Loss:  26.718903 => Lr: 0.001000
2025-03-29 02:00:33,771 [Epoch: 037 Step: 00128800] Batch Translation Loss:  41.194111 => Lr: 0.001000
2025-03-29 02:03:10,131 [Epoch: 037 Step: 00128900] Batch Translation Loss:  24.220470 => Lr: 0.001000
2025-03-29 02:05:38,366 [Epoch: 037 Step: 00129000] Batch Translation Loss:  17.562103 => Lr: 0.001000
2025-03-29 02:08:05,795 [Epoch: 037 Step: 00129100] Batch Translation Loss:  24.109711 => Lr: 0.001000
2025-03-29 02:10:45,850 [Epoch: 037 Step: 00129200] Batch Translation Loss:  92.984329 => Lr: 0.001000
2025-03-29 02:13:29,265 [Epoch: 037 Step: 00129300] Batch Translation Loss:  43.020981 => Lr: 0.001000
2025-03-29 02:16:09,491 [Epoch: 037 Step: 00129400] Batch Translation Loss:  30.286840 => Lr: 0.001000
2025-03-29 02:18:57,621 [Epoch: 037 Step: 00129500] Batch Translation Loss:  34.492382 => Lr: 0.001000
2025-03-29 02:25:38,527 Saved 518 text references to ./sign_sample_back_to_word\txt_references_129500.txt and 518 text hypotheses to ./sign_sample_back_to_word\txt_hypotheses_129500.txt
2025-03-29 02:25:38,529 Hooray! New best validation result [eval_metric]!
2025-03-29 02:25:38,530 Saving new checkpoint.
2025-03-29 02:28:46,788 [Epoch: 037 Step: 00129600] Batch Translation Loss:  54.711079 => Lr: 0.001000
2025-03-29 02:32:00,128 [Epoch: 037 Step: 00129700] Batch Translation Loss:  59.533012 => Lr: 0.001000
2025-03-29 02:35:06,306 [Epoch: 037 Step: 00129800] Batch Translation Loss:  71.631599 => Lr: 0.001000
2025-03-29 02:38:11,043 [Epoch: 037 Step: 00129900] Batch Translation Loss:  20.483719 => Lr: 0.001000
2025-03-29 02:41:20,987 [Epoch: 037 Step: 00130000] Batch Translation Loss:  56.841984 => Lr: 0.001000
2025-03-29 02:44:28,415 [Epoch: 037 Step: 00130100] Batch Translation Loss:  46.830551 => Lr: 0.001000
2025-03-29 02:47:37,865 [Epoch: 037 Step: 00130200] Batch Translation Loss:  37.621452 => Lr: 0.001000
2025-03-29 02:50:37,160 [Epoch: 037 Step: 00130300] Batch Translation Loss:  35.255154 => Lr: 0.001000
2025-03-29 02:53:53,270 [Epoch: 037 Step: 00130400] Batch Translation Loss:  37.637829 => Lr: 0.001000
2025-03-29 02:56:55,125 [Epoch: 037 Step: 00130500] Batch Translation Loss:   9.882006 => Lr: 0.001000
2025-03-29 03:00:03,962 [Epoch: 037 Step: 00130600] Batch Translation Loss:  72.250900 => Lr: 0.001000
2025-03-29 03:03:13,770 [Epoch: 037 Step: 00130700] Batch Translation Loss:  26.198618 => Lr: 0.001000
2025-03-29 03:06:15,514 [Epoch: 037 Step: 00130800] Batch Translation Loss:  14.423220 => Lr: 0.001000
2025-03-29 03:09:12,960 [Epoch: 037 Step: 00130900] Batch Translation Loss:  37.340023 => Lr: 0.001000
2025-03-29 03:12:15,708 [Epoch: 037 Step: 00131000] Batch Translation Loss:   9.568452 => Lr: 0.001000
2025-03-29 03:15:18,913 [Epoch: 037 Step: 00131100] Batch Translation Loss:  56.083229 => Lr: 0.001000
2025-03-29 03:18:21,191 [Epoch: 037 Step: 00131200] Batch Translation Loss:  18.255852 => Lr: 0.001000
2025-03-29 03:20:37,885 Epoch  37: Total Training Translation Loss 133832.40 
2025-03-29 03:20:37,888 EPOCH 38
2025-03-29 03:21:13,259 [Epoch: 038 Step: 00131300] Batch Translation Loss:  39.653809 => Lr: 0.001000
2025-03-29 03:23:34,396 [Epoch: 038 Step: 00131400] Batch Translation Loss:  31.437647 => Lr: 0.001000
2025-03-29 03:25:53,400 [Epoch: 038 Step: 00131500] Batch Translation Loss:  33.173645 => Lr: 0.001000
2025-03-29 03:28:21,567 [Epoch: 038 Step: 00131600] Batch Translation Loss:  32.885944 => Lr: 0.001000
2025-03-29 03:30:45,296 [Epoch: 038 Step: 00131700] Batch Translation Loss:  70.789528 => Lr: 0.001000
2025-03-29 03:33:12,885 [Epoch: 038 Step: 00131800] Batch Translation Loss:  23.582270 => Lr: 0.001000
2025-03-29 03:35:35,559 [Epoch: 038 Step: 00131900] Batch Translation Loss:  66.873672 => Lr: 0.001000
2025-03-29 03:38:03,921 [Epoch: 038 Step: 00132000] Batch Translation Loss:  32.442753 => Lr: 0.001000
2025-03-29 03:40:33,139 [Epoch: 038 Step: 00132100] Batch Translation Loss:  29.598024 => Lr: 0.001000
2025-03-29 03:43:11,107 [Epoch: 038 Step: 00132200] Batch Translation Loss:  37.017582 => Lr: 0.001000
2025-03-29 03:45:42,432 [Epoch: 038 Step: 00132300] Batch Translation Loss:  61.521832 => Lr: 0.001000
2025-03-29 03:48:26,759 [Epoch: 038 Step: 00132400] Batch Translation Loss:  44.696110 => Lr: 0.001000
2025-03-29 03:51:30,940 [Epoch: 038 Step: 00132500] Batch Translation Loss:  16.747881 => Lr: 0.001000
2025-03-29 03:54:39,518 [Epoch: 038 Step: 00132600] Batch Translation Loss:  59.765728 => Lr: 0.001000
2025-03-29 03:57:38,092 [Epoch: 038 Step: 00132700] Batch Translation Loss:  51.377045 => Lr: 0.001000
2025-03-29 04:00:31,688 [Epoch: 038 Step: 00132800] Batch Translation Loss:  37.882587 => Lr: 0.001000
2025-03-29 04:03:35,725 [Epoch: 038 Step: 00132900] Batch Translation Loss:  22.286383 => Lr: 0.001000
2025-03-29 04:06:37,413 [Epoch: 038 Step: 00133000] Batch Translation Loss:  37.991226 => Lr: 0.001000
2025-03-29 04:13:27,078 Saved 518 text references to ./sign_sample_back_to_word\txt_references_133000.txt and 518 text hypotheses to ./sign_sample_back_to_word\txt_hypotheses_133000.txt
2025-03-29 04:16:34,297 [Epoch: 038 Step: 00133100] Batch Translation Loss:  23.966520 => Lr: 0.001000
2025-03-29 04:19:38,532 [Epoch: 038 Step: 00133200] Batch Translation Loss:  46.781784 => Lr: 0.001000
2025-03-29 04:22:41,020 [Epoch: 038 Step: 00133300] Batch Translation Loss:  13.920725 => Lr: 0.001000
2025-03-29 04:25:58,060 [Epoch: 038 Step: 00133400] Batch Translation Loss:  66.152489 => Lr: 0.001000
2025-03-29 04:28:56,702 [Epoch: 038 Step: 00133500] Batch Translation Loss:  23.149784 => Lr: 0.001000
2025-03-29 04:32:02,287 [Epoch: 038 Step: 00133600] Batch Translation Loss:  76.254562 => Lr: 0.001000
2025-03-29 04:35:12,640 [Epoch: 038 Step: 00133700] Batch Translation Loss:  44.604702 => Lr: 0.001000
2025-03-29 04:38:19,204 [Epoch: 038 Step: 00133800] Batch Translation Loss:  37.713535 => Lr: 0.001000
2025-03-29 04:41:21,624 [Epoch: 038 Step: 00133900] Batch Translation Loss:  40.740578 => Lr: 0.001000
2025-03-29 04:44:23,195 [Epoch: 038 Step: 00134000] Batch Translation Loss:  30.045877 => Lr: 0.001000
2025-03-29 04:47:25,894 [Epoch: 038 Step: 00134100] Batch Translation Loss:  12.315338 => Lr: 0.001000
2025-03-29 04:50:31,616 [Epoch: 038 Step: 00134200] Batch Translation Loss:  39.020966 => Lr: 0.001000
2025-03-29 04:53:35,764 [Epoch: 038 Step: 00134300] Batch Translation Loss:  32.475399 => Lr: 0.001000
2025-03-29 04:56:47,609 [Epoch: 038 Step: 00134400] Batch Translation Loss:  27.431639 => Lr: 0.001000
2025-03-29 04:59:44,334 [Epoch: 038 Step: 00134500] Batch Translation Loss:  71.583321 => Lr: 0.001000
2025-03-29 05:02:47,578 [Epoch: 038 Step: 00134600] Batch Translation Loss:  39.796940 => Lr: 0.001000
2025-03-29 05:05:48,013 [Epoch: 038 Step: 00134700] Batch Translation Loss:  32.729111 => Lr: 0.001000
2025-03-29 05:08:52,750 [Epoch: 038 Step: 00134800] Batch Translation Loss:  32.104645 => Lr: 0.001000
2025-03-29 05:09:34,931 Epoch  38: Total Training Translation Loss 132987.36 
2025-03-29 05:09:34,933 EPOCH 39
2025-03-29 05:11:25,623 [Epoch: 039 Step: 00134900] Batch Translation Loss:  45.412853 => Lr: 0.001000
2025-03-29 05:13:43,229 [Epoch: 039 Step: 00135000] Batch Translation Loss:  34.423420 => Lr: 0.001000
2025-03-29 05:16:11,569 [Epoch: 039 Step: 00135100] Batch Translation Loss:  48.173695 => Lr: 0.001000
2025-03-29 05:18:39,657 [Epoch: 039 Step: 00135200] Batch Translation Loss:  15.265922 => Lr: 0.001000
2025-03-29 05:21:01,001 [Epoch: 039 Step: 00135300] Batch Translation Loss:  48.538570 => Lr: 0.001000
2025-03-29 05:23:19,722 [Epoch: 039 Step: 00135400] Batch Translation Loss:  52.630581 => Lr: 0.001000
2025-03-29 05:25:45,351 [Epoch: 039 Step: 00135500] Batch Translation Loss:  24.833784 => Lr: 0.001000
2025-03-29 05:28:06,864 [Epoch: 039 Step: 00135600] Batch Translation Loss:  49.472439 => Lr: 0.001000
2025-03-29 05:30:23,161 [Epoch: 039 Step: 00135700] Batch Translation Loss:  25.605049 => Lr: 0.001000
2025-03-29 05:32:39,728 [Epoch: 039 Step: 00135800] Batch Translation Loss:  25.714344 => Lr: 0.001000
2025-03-29 05:35:12,059 [Epoch: 039 Step: 00135900] Batch Translation Loss:  29.874945 => Lr: 0.001000
2025-03-29 05:37:32,732 [Epoch: 039 Step: 00136000] Batch Translation Loss:  38.420532 => Lr: 0.001000
2025-03-29 05:40:11,719 [Epoch: 039 Step: 00136100] Batch Translation Loss:  25.776741 => Lr: 0.001000
2025-03-29 05:42:44,593 [Epoch: 039 Step: 00136200] Batch Translation Loss:  15.332220 => Lr: 0.001000
2025-03-29 05:45:07,515 [Epoch: 039 Step: 00136300] Batch Translation Loss:  28.501259 => Lr: 0.001000
2025-03-29 05:47:37,674 [Epoch: 039 Step: 00136400] Batch Translation Loss:  46.587399 => Lr: 0.001000
2025-03-29 05:50:21,190 [Epoch: 039 Step: 00136500] Batch Translation Loss:  21.762739 => Lr: 0.001000
2025-03-29 05:57:02,003 Saved 518 text references to ./sign_sample_back_to_word\txt_references_136500.txt and 518 text hypotheses to ./sign_sample_back_to_word\txt_hypotheses_136500.txt
2025-03-29 06:00:01,184 [Epoch: 039 Step: 00136600] Batch Translation Loss:  48.284279 => Lr: 0.001000
2025-03-29 06:02:52,342 [Epoch: 039 Step: 00136700] Batch Translation Loss:  29.319296 => Lr: 0.001000
2025-03-29 06:05:55,649 [Epoch: 039 Step: 00136800] Batch Translation Loss:  42.523727 => Lr: 0.001000
2025-03-29 06:08:59,555 [Epoch: 039 Step: 00136900] Batch Translation Loss:  53.941967 => Lr: 0.001000
2025-03-29 06:12:06,750 [Epoch: 039 Step: 00137000] Batch Translation Loss:  36.680519 => Lr: 0.001000
2025-03-29 06:15:12,448 [Epoch: 039 Step: 00137100] Batch Translation Loss:  19.022272 => Lr: 0.001000
2025-03-29 06:18:16,656 [Epoch: 039 Step: 00137200] Batch Translation Loss:  15.889176 => Lr: 0.001000
2025-03-29 06:21:25,162 [Epoch: 039 Step: 00137300] Batch Translation Loss:  54.852486 => Lr: 0.001000
2025-03-29 06:24:29,849 [Epoch: 039 Step: 00137400] Batch Translation Loss:  37.031872 => Lr: 0.001000
2025-03-29 06:27:45,789 [Epoch: 039 Step: 00137500] Batch Translation Loss:  67.063583 => Lr: 0.001000
2025-03-29 06:30:54,887 [Epoch: 039 Step: 00137600] Batch Translation Loss:  39.884697 => Lr: 0.001000
2025-03-29 06:34:06,599 [Epoch: 039 Step: 00137700] Batch Translation Loss:  32.331535 => Lr: 0.001000
2025-03-29 06:37:20,361 [Epoch: 039 Step: 00137800] Batch Translation Loss:  11.854883 => Lr: 0.001000
2025-03-29 06:40:36,418 [Epoch: 039 Step: 00137900] Batch Translation Loss:  34.851334 => Lr: 0.001000
2025-03-29 06:43:51,266 [Epoch: 039 Step: 00138000] Batch Translation Loss:  52.087307 => Lr: 0.001000
2025-03-29 06:47:06,394 [Epoch: 039 Step: 00138100] Batch Translation Loss:  30.220654 => Lr: 0.001000
2025-03-29 06:50:14,441 [Epoch: 039 Step: 00138200] Batch Translation Loss:  36.622730 => Lr: 0.001000
2025-03-29 06:53:32,729 [Epoch: 039 Step: 00138300] Batch Translation Loss:  27.574701 => Lr: 0.001000
2025-03-29 06:55:45,878 Epoch  39: Total Training Translation Loss 132029.81 
2025-03-29 06:55:45,880 EPOCH 40
2025-03-29 06:56:30,190 [Epoch: 040 Step: 00138400] Batch Translation Loss:  30.701445 => Lr: 0.001000
2025-03-29 06:58:53,602 [Epoch: 040 Step: 00138500] Batch Translation Loss:  43.782841 => Lr: 0.001000
2025-03-29 07:01:09,817 [Epoch: 040 Step: 00138600] Batch Translation Loss:  38.668972 => Lr: 0.001000
2025-03-29 07:03:29,299 [Epoch: 040 Step: 00138700] Batch Translation Loss:  25.035255 => Lr: 0.001000
2025-03-29 07:05:50,460 [Epoch: 040 Step: 00138800] Batch Translation Loss:  39.164478 => Lr: 0.001000
2025-03-29 07:08:07,276 [Epoch: 040 Step: 00138900] Batch Translation Loss:  34.026600 => Lr: 0.001000
2025-03-29 07:10:29,860 [Epoch: 040 Step: 00139000] Batch Translation Loss:  25.461758 => Lr: 0.001000
2025-03-29 07:13:01,563 [Epoch: 040 Step: 00139100] Batch Translation Loss:  37.531963 => Lr: 0.001000
2025-03-29 07:15:22,589 [Epoch: 040 Step: 00139200] Batch Translation Loss:  26.075136 => Lr: 0.001000
2025-03-29 07:17:40,470 [Epoch: 040 Step: 00139300] Batch Translation Loss:  33.993145 => Lr: 0.001000
2025-03-29 07:20:03,789 [Epoch: 040 Step: 00139400] Batch Translation Loss:  15.949793 => Lr: 0.001000
2025-03-29 07:22:33,614 [Epoch: 040 Step: 00139500] Batch Translation Loss:  51.165668 => Lr: 0.001000
2025-03-29 07:25:08,999 [Epoch: 040 Step: 00139600] Batch Translation Loss:  30.744308 => Lr: 0.001000
2025-03-29 07:27:46,097 [Epoch: 040 Step: 00139700] Batch Translation Loss:  22.773310 => Lr: 0.001000
2025-03-29 07:30:24,808 [Epoch: 040 Step: 00139800] Batch Translation Loss:  30.150599 => Lr: 0.001000
2025-03-29 07:33:12,097 [Epoch: 040 Step: 00139900] Batch Translation Loss:  33.321716 => Lr: 0.001000
2025-03-29 07:35:50,769 [Epoch: 040 Step: 00140000] Batch Translation Loss:  70.798233 => Lr: 0.001000
2025-03-29 07:43:04,163 Saved 518 text references to ./sign_sample_back_to_word\txt_references_140000.txt and 518 text hypotheses to ./sign_sample_back_to_word\txt_hypotheses_140000.txt
2025-03-29 07:46:02,897 [Epoch: 040 Step: 00140100] Batch Translation Loss:  39.452866 => Lr: 0.001000
2025-03-29 07:49:03,190 [Epoch: 040 Step: 00140200] Batch Translation Loss:  50.576614 => Lr: 0.001000
2025-03-29 07:52:10,416 [Epoch: 040 Step: 00140300] Batch Translation Loss:  19.414541 => Lr: 0.001000
2025-03-29 07:55:20,810 [Epoch: 040 Step: 00140400] Batch Translation Loss:  32.527676 => Lr: 0.001000
2025-03-29 07:58:35,085 [Epoch: 040 Step: 00140500] Batch Translation Loss:  56.273640 => Lr: 0.001000
2025-03-29 08:01:37,500 [Epoch: 040 Step: 00140600] Batch Translation Loss:  33.718239 => Lr: 0.001000
2025-03-29 08:05:02,799 [Epoch: 040 Step: 00140700] Batch Translation Loss:  34.247311 => Lr: 0.001000
2025-03-29 08:08:13,522 [Epoch: 040 Step: 00140800] Batch Translation Loss:  55.258369 => Lr: 0.001000
2025-03-29 08:11:28,679 [Epoch: 040 Step: 00140900] Batch Translation Loss:  61.983616 => Lr: 0.001000
2025-03-29 08:14:42,914 [Epoch: 040 Step: 00141000] Batch Translation Loss:  47.435719 => Lr: 0.001000
2025-03-29 08:17:53,430 [Epoch: 040 Step: 00141100] Batch Translation Loss:  17.258755 => Lr: 0.001000
2025-03-29 08:21:06,819 [Epoch: 040 Step: 00141200] Batch Translation Loss:  17.909101 => Lr: 0.001000
2025-03-29 08:24:19,447 [Epoch: 040 Step: 00141300] Batch Translation Loss:  38.968876 => Lr: 0.001000
2025-03-29 08:27:13,528 [Epoch: 040 Step: 00141400] Batch Translation Loss:  18.469841 => Lr: 0.001000
2025-03-29 08:30:19,678 [Epoch: 040 Step: 00141500] Batch Translation Loss:  26.813429 => Lr: 0.001000
2025-03-29 08:33:29,732 [Epoch: 040 Step: 00141600] Batch Translation Loss:  21.395609 => Lr: 0.001000
2025-03-29 08:36:35,855 [Epoch: 040 Step: 00141700] Batch Translation Loss:  34.469616 => Lr: 0.001000
2025-03-29 08:39:46,454 [Epoch: 040 Step: 00141800] Batch Translation Loss:  33.314655 => Lr: 0.001000
2025-03-29 08:42:49,663 [Epoch: 040 Step: 00141900] Batch Translation Loss:  48.197861 => Lr: 0.001000
2025-03-29 08:43:27,724 Epoch  40: Total Training Translation Loss 131144.78 
2025-03-29 08:43:27,728 EPOCH 41
2025-03-29 08:45:26,468 [Epoch: 041 Step: 00142000] Batch Translation Loss:  26.960213 => Lr: 0.001000
2025-03-29 08:47:57,792 [Epoch: 041 Step: 00142100] Batch Translation Loss:  30.157619 => Lr: 0.001000
2025-03-29 08:50:21,097 [Epoch: 041 Step: 00142200] Batch Translation Loss:  25.099752 => Lr: 0.001000
2025-03-29 08:52:45,861 [Epoch: 041 Step: 00142300] Batch Translation Loss:  15.002313 => Lr: 0.001000
2025-03-29 08:55:05,329 [Epoch: 041 Step: 00142400] Batch Translation Loss:  38.377941 => Lr: 0.001000
2025-03-29 08:57:31,859 [Epoch: 041 Step: 00142500] Batch Translation Loss:  60.289120 => Lr: 0.001000
2025-03-29 08:59:56,807 [Epoch: 041 Step: 00142600] Batch Translation Loss:  49.621502 => Lr: 0.001000
2025-03-29 09:02:33,013 [Epoch: 041 Step: 00142700] Batch Translation Loss:  73.924286 => Lr: 0.001000
2025-03-29 09:04:59,482 [Epoch: 041 Step: 00142800] Batch Translation Loss:  26.365889 => Lr: 0.001000
2025-03-29 09:07:26,886 [Epoch: 041 Step: 00142900] Batch Translation Loss:  33.631809 => Lr: 0.001000
2025-03-29 09:09:42,020 [Epoch: 041 Step: 00143000] Batch Translation Loss:  16.359011 => Lr: 0.001000
2025-03-29 09:12:09,622 [Epoch: 041 Step: 00143100] Batch Translation Loss:  35.528728 => Lr: 0.001000
2025-03-29 09:14:51,978 [Epoch: 041 Step: 00143200] Batch Translation Loss:  46.849483 => Lr: 0.001000
2025-03-29 09:17:30,101 [Epoch: 041 Step: 00143300] Batch Translation Loss:  77.135895 => Lr: 0.001000
2025-03-29 09:20:13,886 [Epoch: 041 Step: 00143400] Batch Translation Loss:  19.211327 => Lr: 0.001000
2025-03-29 09:23:01,160 [Epoch: 041 Step: 00143500] Batch Translation Loss:  36.696896 => Lr: 0.001000
2025-03-29 09:29:42,674 Saved 518 text references to ./sign_sample_back_to_word\txt_references_143500.txt and 518 text hypotheses to ./sign_sample_back_to_word\txt_hypotheses_143500.txt
2025-03-29 09:32:43,231 [Epoch: 041 Step: 00143600] Batch Translation Loss:  54.524071 => Lr: 0.001000
2025-03-29 09:35:36,614 [Epoch: 041 Step: 00143700] Batch Translation Loss:  10.432962 => Lr: 0.001000
2025-03-29 09:38:33,219 [Epoch: 041 Step: 00143800] Batch Translation Loss:  42.642365 => Lr: 0.001000
2025-03-29 09:41:42,358 [Epoch: 041 Step: 00143900] Batch Translation Loss:  44.321186 => Lr: 0.001000
2025-03-29 09:44:40,346 [Epoch: 041 Step: 00144000] Batch Translation Loss:  29.623510 => Lr: 0.001000
2025-03-29 09:47:46,782 [Epoch: 041 Step: 00144100] Batch Translation Loss:  26.696308 => Lr: 0.001000
2025-03-29 09:50:52,151 [Epoch: 041 Step: 00144200] Batch Translation Loss:  54.537140 => Lr: 0.001000
2025-03-29 09:54:07,877 [Epoch: 041 Step: 00144300] Batch Translation Loss:  27.102865 => Lr: 0.001000
2025-03-29 09:57:20,098 [Epoch: 041 Step: 00144400] Batch Translation Loss:  22.973558 => Lr: 0.001000
2025-03-29 10:00:29,531 [Epoch: 041 Step: 00144500] Batch Translation Loss:  38.615643 => Lr: 0.001000
2025-03-29 10:03:37,224 [Epoch: 041 Step: 00144600] Batch Translation Loss:  36.473068 => Lr: 0.001000
2025-03-29 10:06:43,189 [Epoch: 041 Step: 00144700] Batch Translation Loss:  32.500721 => Lr: 0.001000
2025-03-29 10:09:56,944 [Epoch: 041 Step: 00144800] Batch Translation Loss:  24.594023 => Lr: 0.001000
2025-03-29 10:12:50,035 [Epoch: 041 Step: 00144900] Batch Translation Loss:  35.519100 => Lr: 0.001000
2025-03-29 10:15:54,868 [Epoch: 041 Step: 00145000] Batch Translation Loss:  26.343576 => Lr: 0.001000
2025-03-29 10:18:58,649 [Epoch: 041 Step: 00145100] Batch Translation Loss:  44.366390 => Lr: 0.001000
2025-03-29 10:22:17,086 [Epoch: 041 Step: 00145200] Batch Translation Loss:  24.735125 => Lr: 0.001000
2025-03-29 10:25:30,482 [Epoch: 041 Step: 00145300] Batch Translation Loss:  15.056107 => Lr: 0.001000
2025-03-29 10:28:55,382 [Epoch: 041 Step: 00145400] Batch Translation Loss:   5.329516 => Lr: 0.001000
2025-03-29 10:31:18,484 Epoch  41: Total Training Translation Loss 130411.22 
2025-03-29 10:31:18,487 EPOCH 42
2025-03-29 10:32:11,814 [Epoch: 042 Step: 00145500] Batch Translation Loss:   9.828746 => Lr: 0.001000
2025-03-29 10:34:55,696 [Epoch: 042 Step: 00145600] Batch Translation Loss:  27.996719 => Lr: 0.001000
2025-03-29 10:37:31,035 [Epoch: 042 Step: 00145700] Batch Translation Loss:  32.737865 => Lr: 0.001000
2025-03-29 10:40:10,000 [Epoch: 042 Step: 00145800] Batch Translation Loss:  35.576286 => Lr: 0.001000
2025-03-29 10:43:09,020 [Epoch: 042 Step: 00145900] Batch Translation Loss:  34.740044 => Lr: 0.001000
2025-03-29 10:46:09,634 [Epoch: 042 Step: 00146000] Batch Translation Loss:  42.709499 => Lr: 0.001000
2025-03-29 10:49:04,261 [Epoch: 042 Step: 00146100] Batch Translation Loss:  52.239574 => Lr: 0.001000
2025-03-29 10:51:45,776 [Epoch: 042 Step: 00146200] Batch Translation Loss:  23.932791 => Lr: 0.001000
2025-03-29 10:54:23,811 [Epoch: 042 Step: 00146300] Batch Translation Loss:  29.057367 => Lr: 0.001000
2025-03-29 10:57:04,439 [Epoch: 042 Step: 00146400] Batch Translation Loss:  26.096970 => Lr: 0.001000
2025-03-29 10:59:43,172 [Epoch: 042 Step: 00146500] Batch Translation Loss:  13.341266 => Lr: 0.001000
2025-03-29 11:02:31,842 [Epoch: 042 Step: 00146600] Batch Translation Loss:  45.713806 => Lr: 0.001000
2025-03-29 11:05:07,199 [Epoch: 042 Step: 00146700] Batch Translation Loss:  25.457550 => Lr: 0.001000
2025-03-29 11:07:46,065 [Epoch: 042 Step: 00146800] Batch Translation Loss:  19.404613 => Lr: 0.001000
2025-03-29 11:10:34,283 [Epoch: 042 Step: 00146900] Batch Translation Loss:  23.293240 => Lr: 0.001000
2025-03-29 11:13:35,798 [Epoch: 042 Step: 00147000] Batch Translation Loss:  35.585789 => Lr: 0.001000
2025-03-29 11:20:38,750 Saved 518 text references to ./sign_sample_back_to_word\txt_references_147000.txt and 518 text hypotheses to ./sign_sample_back_to_word\txt_hypotheses_147000.txt
2025-03-29 11:23:44,710 [Epoch: 042 Step: 00147100] Batch Translation Loss:  51.480522 => Lr: 0.001000
2025-03-29 11:26:37,690 [Epoch: 042 Step: 00147200] Batch Translation Loss:  38.553913 => Lr: 0.001000
2025-03-29 11:29:40,883 [Epoch: 042 Step: 00147300] Batch Translation Loss:  23.504696 => Lr: 0.001000
2025-03-29 11:32:39,545 [Epoch: 042 Step: 00147400] Batch Translation Loss:  17.830244 => Lr: 0.001000
2025-03-29 11:35:53,461 [Epoch: 042 Step: 00147500] Batch Translation Loss:  40.117054 => Lr: 0.001000
2025-03-29 11:38:58,990 [Epoch: 042 Step: 00147600] Batch Translation Loss:  71.477524 => Lr: 0.001000
2025-03-29 11:42:02,384 [Epoch: 042 Step: 00147700] Batch Translation Loss:  31.920593 => Lr: 0.001000
2025-03-29 11:45:17,948 [Epoch: 042 Step: 00147800] Batch Translation Loss:  34.256027 => Lr: 0.001000
2025-03-29 11:48:31,072 [Epoch: 042 Step: 00147900] Batch Translation Loss:  60.097042 => Lr: 0.001000
2025-03-29 11:51:34,996 [Epoch: 042 Step: 00148000] Batch Translation Loss:  28.136997 => Lr: 0.001000
2025-03-29 11:54:33,798 [Epoch: 042 Step: 00148100] Batch Translation Loss:  57.857536 => Lr: 0.001000
2025-03-29 11:57:40,163 [Epoch: 042 Step: 00148200] Batch Translation Loss:  22.337248 => Lr: 0.001000
2025-03-29 12:00:41,955 [Epoch: 042 Step: 00148300] Batch Translation Loss:  78.565323 => Lr: 0.001000
2025-03-29 12:03:51,629 [Epoch: 042 Step: 00148400] Batch Translation Loss:   7.364318 => Lr: 0.001000
2025-03-29 12:07:06,415 [Epoch: 042 Step: 00148500] Batch Translation Loss:  64.696846 => Lr: 0.001000
2025-03-29 12:10:16,971 [Epoch: 042 Step: 00148600] Batch Translation Loss:  21.735418 => Lr: 0.001000
2025-03-29 12:13:21,020 [Epoch: 042 Step: 00148700] Batch Translation Loss:  51.565395 => Lr: 0.001000
2025-03-29 12:16:22,332 [Epoch: 042 Step: 00148800] Batch Translation Loss:  82.932053 => Lr: 0.001000
2025-03-29 12:19:23,858 [Epoch: 042 Step: 00148900] Batch Translation Loss:  16.807690 => Lr: 0.001000
2025-03-29 12:22:26,147 [Epoch: 042 Step: 00149000] Batch Translation Loss:  36.104740 => Lr: 0.001000
2025-03-29 12:22:52,365 Epoch  42: Total Training Translation Loss 129529.03 
2025-03-29 12:22:52,366 EPOCH 43
2025-03-29 12:24:47,553 [Epoch: 043 Step: 00149100] Batch Translation Loss:  33.028034 => Lr: 0.001000
2025-03-29 12:27:06,320 [Epoch: 043 Step: 00149200] Batch Translation Loss:  25.132799 => Lr: 0.001000
2025-03-29 12:29:30,999 [Epoch: 043 Step: 00149300] Batch Translation Loss:  34.267303 => Lr: 0.001000
2025-03-29 12:31:53,660 [Epoch: 043 Step: 00149400] Batch Translation Loss:  24.261951 => Lr: 0.001000
2025-03-29 12:34:16,717 [Epoch: 043 Step: 00149500] Batch Translation Loss:  36.146778 => Lr: 0.001000
2025-03-29 12:36:50,551 [Epoch: 043 Step: 00149600] Batch Translation Loss:  34.534031 => Lr: 0.001000
2025-03-29 12:39:16,269 [Epoch: 043 Step: 00149700] Batch Translation Loss:  53.419117 => Lr: 0.001000
2025-03-29 12:41:42,903 [Epoch: 043 Step: 00149800] Batch Translation Loss:  20.709890 => Lr: 0.001000
2025-03-29 12:44:13,072 [Epoch: 043 Step: 00149900] Batch Translation Loss:  22.497028 => Lr: 0.001000
2025-03-29 12:46:48,423 [Epoch: 043 Step: 00150000] Batch Translation Loss:  34.804985 => Lr: 0.001000
2025-03-29 12:49:15,006 [Epoch: 043 Step: 00150100] Batch Translation Loss:  54.817566 => Lr: 0.001000
2025-03-29 12:51:46,766 [Epoch: 043 Step: 00150200] Batch Translation Loss:  51.173592 => Lr: 0.001000
2025-03-29 12:54:32,001 [Epoch: 043 Step: 00150300] Batch Translation Loss:  24.966061 => Lr: 0.001000
2025-03-29 12:57:08,016 [Epoch: 043 Step: 00150400] Batch Translation Loss:  60.647736 => Lr: 0.001000
2025-03-29 12:59:51,201 [Epoch: 043 Step: 00150500] Batch Translation Loss:  39.460548 => Lr: 0.001000
2025-03-29 13:06:31,672 Saved 518 text references to ./sign_sample_back_to_word\txt_references_150500.txt and 518 text hypotheses to ./sign_sample_back_to_word\txt_hypotheses_150500.txt
2025-03-29 13:09:25,686 [Epoch: 043 Step: 00150600] Batch Translation Loss:  35.818375 => Lr: 0.001000
2025-03-29 13:12:21,764 [Epoch: 043 Step: 00150700] Batch Translation Loss:  23.875433 => Lr: 0.001000
2025-03-29 13:15:03,832 [Epoch: 043 Step: 00150800] Batch Translation Loss:  31.921122 => Lr: 0.001000
2025-03-29 13:18:02,092 [Epoch: 043 Step: 00150900] Batch Translation Loss:  39.794201 => Lr: 0.001000
2025-03-29 13:21:10,152 [Epoch: 043 Step: 00151000] Batch Translation Loss:  54.996334 => Lr: 0.001000
2025-03-29 13:24:15,722 [Epoch: 043 Step: 00151100] Batch Translation Loss:  43.342598 => Lr: 0.001000
2025-03-29 13:27:31,511 [Epoch: 043 Step: 00151200] Batch Translation Loss:  30.758635 => Lr: 0.001000
2025-03-29 13:30:34,047 [Epoch: 043 Step: 00151300] Batch Translation Loss:  34.720428 => Lr: 0.001000
2025-03-29 13:33:34,693 [Epoch: 043 Step: 00151400] Batch Translation Loss:  40.296261 => Lr: 0.001000
2025-03-29 13:36:31,847 [Epoch: 043 Step: 00151500] Batch Translation Loss:  46.345066 => Lr: 0.001000
2025-03-29 13:39:39,405 [Epoch: 043 Step: 00151600] Batch Translation Loss:  61.622623 => Lr: 0.001000
2025-03-29 13:42:48,844 [Epoch: 043 Step: 00151700] Batch Translation Loss:  35.068287 => Lr: 0.001000
2025-03-29 13:45:56,926 [Epoch: 043 Step: 00151800] Batch Translation Loss:  44.984997 => Lr: 0.001000
2025-03-29 13:49:10,016 [Epoch: 043 Step: 00151900] Batch Translation Loss:  25.222969 => Lr: 0.001000
2025-03-29 13:52:16,055 [Epoch: 043 Step: 00152000] Batch Translation Loss:  36.634689 => Lr: 0.001000
2025-03-29 13:55:13,107 [Epoch: 043 Step: 00152100] Batch Translation Loss:  37.250275 => Lr: 0.001000
2025-03-29 13:58:23,449 [Epoch: 043 Step: 00152200] Batch Translation Loss:  45.479927 => Lr: 0.001000
2025-03-29 14:01:32,884 [Epoch: 043 Step: 00152300] Batch Translation Loss:  31.158188 => Lr: 0.001000
2025-03-29 14:04:36,851 [Epoch: 043 Step: 00152400] Batch Translation Loss:  52.297764 => Lr: 0.001000
2025-03-29 14:07:37,620 [Epoch: 043 Step: 00152500] Batch Translation Loss:  29.002792 => Lr: 0.001000
2025-03-29 14:09:36,712 Epoch  43: Total Training Translation Loss 128631.31 
2025-03-29 14:09:36,714 EPOCH 44
2025-03-29 14:10:30,014 [Epoch: 044 Step: 00152600] Batch Translation Loss:  63.577248 => Lr: 0.001000
2025-03-29 14:12:48,597 [Epoch: 044 Step: 00152700] Batch Translation Loss:  30.121159 => Lr: 0.001000
2025-03-29 14:15:04,516 [Epoch: 044 Step: 00152800] Batch Translation Loss:  26.652895 => Lr: 0.001000
2025-03-29 14:17:24,651 [Epoch: 044 Step: 00152900] Batch Translation Loss:  26.532330 => Lr: 0.001000
2025-03-29 14:19:43,572 [Epoch: 044 Step: 00153000] Batch Translation Loss:  26.060310 => Lr: 0.001000
2025-03-29 14:22:04,887 [Epoch: 044 Step: 00153100] Batch Translation Loss:  31.283321 => Lr: 0.001000
2025-03-29 14:24:27,638 [Epoch: 044 Step: 00153200] Batch Translation Loss:  35.435722 => Lr: 0.001000
2025-03-29 14:26:50,491 [Epoch: 044 Step: 00153300] Batch Translation Loss:  19.381060 => Lr: 0.001000
2025-03-29 14:29:17,627 [Epoch: 044 Step: 00153400] Batch Translation Loss: 110.598969 => Lr: 0.001000
2025-03-29 14:31:48,779 [Epoch: 044 Step: 00153500] Batch Translation Loss:  34.045555 => Lr: 0.001000
2025-03-29 14:34:15,028 [Epoch: 044 Step: 00153600] Batch Translation Loss:  38.745697 => Lr: 0.001000
2025-03-29 14:36:41,274 [Epoch: 044 Step: 00153700] Batch Translation Loss:  43.306511 => Lr: 0.001000
2025-03-29 14:39:13,766 [Epoch: 044 Step: 00153800] Batch Translation Loss:  25.263363 => Lr: 0.001000
2025-03-29 14:41:51,999 [Epoch: 044 Step: 00153900] Batch Translation Loss:  29.724133 => Lr: 0.001000
2025-03-29 14:44:28,395 [Epoch: 044 Step: 00154000] Batch Translation Loss:  68.544159 => Lr: 0.001000
2025-03-29 14:51:09,841 Saved 518 text references to ./sign_sample_back_to_word\txt_references_154000.txt and 518 text hypotheses to ./sign_sample_back_to_word\txt_hypotheses_154000.txt
2025-03-29 14:51:09,842 Hooray! New best validation result [eval_metric]!
2025-03-29 14:51:09,843 Saving new checkpoint.
2025-03-29 14:54:01,072 [Epoch: 044 Step: 00154100] Batch Translation Loss:  58.406380 => Lr: 0.001000
2025-03-29 14:56:58,974 [Epoch: 044 Step: 00154200] Batch Translation Loss:  16.743408 => Lr: 0.001000
2025-03-29 14:59:54,969 [Epoch: 044 Step: 00154300] Batch Translation Loss:  23.122421 => Lr: 0.001000
2025-03-29 15:02:57,922 [Epoch: 044 Step: 00154400] Batch Translation Loss:  27.131016 => Lr: 0.001000
2025-03-29 15:06:08,276 [Epoch: 044 Step: 00154500] Batch Translation Loss:   9.825777 => Lr: 0.001000
2025-03-29 15:09:24,337 [Epoch: 044 Step: 00154600] Batch Translation Loss:  19.992342 => Lr: 0.001000
2025-03-29 15:12:42,683 [Epoch: 044 Step: 00154700] Batch Translation Loss:  45.139835 => Lr: 0.001000
2025-03-29 15:15:47,034 [Epoch: 044 Step: 00154800] Batch Translation Loss:  42.358578 => Lr: 0.001000
2025-03-29 15:18:55,283 [Epoch: 044 Step: 00154900] Batch Translation Loss:  60.184513 => Lr: 0.001000
2025-03-29 15:22:05,238 [Epoch: 044 Step: 00155000] Batch Translation Loss:  22.993273 => Lr: 0.001000
2025-03-29 15:25:13,917 [Epoch: 044 Step: 00155100] Batch Translation Loss:  39.040646 => Lr: 0.001000
2025-03-29 15:28:24,958 [Epoch: 044 Step: 00155200] Batch Translation Loss:  60.210007 => Lr: 0.001000
2025-03-29 15:31:35,134 [Epoch: 044 Step: 00155300] Batch Translation Loss:  14.374062 => Lr: 0.001000
2025-03-29 15:34:51,159 [Epoch: 044 Step: 00155400] Batch Translation Loss:  32.638741 => Lr: 0.001000
2025-03-29 15:38:01,428 [Epoch: 044 Step: 00155500] Batch Translation Loss:  37.722294 => Lr: 0.001000
2025-03-29 15:41:07,590 [Epoch: 044 Step: 00155600] Batch Translation Loss:  30.756935 => Lr: 0.001000
2025-03-29 15:44:27,715 [Epoch: 044 Step: 00155700] Batch Translation Loss:  30.348724 => Lr: 0.001000
2025-03-29 15:47:33,017 [Epoch: 044 Step: 00155800] Batch Translation Loss:  38.102573 => Lr: 0.001000
2025-03-29 15:50:39,972 [Epoch: 044 Step: 00155900] Batch Translation Loss:  69.717278 => Lr: 0.001000
2025-03-29 15:53:47,302 [Epoch: 044 Step: 00156000] Batch Translation Loss:  25.859442 => Lr: 0.001000
2025-03-29 15:56:54,206 [Epoch: 044 Step: 00156100] Batch Translation Loss:  36.848042 => Lr: 0.001000
2025-03-29 15:57:16,696 Epoch  44: Total Training Translation Loss 128060.75 
2025-03-29 15:57:16,698 EPOCH 45
2025-03-29 15:59:22,039 [Epoch: 045 Step: 00156200] Batch Translation Loss:  19.817898 => Lr: 0.001000
2025-03-29 16:01:46,708 [Epoch: 045 Step: 00156300] Batch Translation Loss:  63.698254 => Lr: 0.001000
2025-03-29 16:03:58,593 [Epoch: 045 Step: 00156400] Batch Translation Loss:  32.515064 => Lr: 0.001000
2025-03-29 16:06:16,227 [Epoch: 045 Step: 00156500] Batch Translation Loss:  16.443277 => Lr: 0.001000
2025-03-29 16:08:33,134 [Epoch: 045 Step: 00156600] Batch Translation Loss:  14.214009 => Lr: 0.001000
2025-03-29 16:10:48,323 [Epoch: 045 Step: 00156700] Batch Translation Loss:  48.096497 => Lr: 0.001000
2025-03-29 16:13:09,591 [Epoch: 045 Step: 00156800] Batch Translation Loss:  28.540388 => Lr: 0.001000
2025-03-29 16:15:37,810 [Epoch: 045 Step: 00156900] Batch Translation Loss:  66.250435 => Lr: 0.001000
2025-03-29 16:18:02,118 [Epoch: 045 Step: 00157000] Batch Translation Loss:  51.625069 => Lr: 0.001000
2025-03-29 16:20:42,724 [Epoch: 045 Step: 00157100] Batch Translation Loss:  56.651203 => Lr: 0.001000
2025-03-29 16:23:20,386 [Epoch: 045 Step: 00157200] Batch Translation Loss:  38.236629 => Lr: 0.001000
2025-03-29 16:25:44,070 [Epoch: 045 Step: 00157300] Batch Translation Loss:  56.616360 => Lr: 0.001000
2025-03-29 16:28:18,060 [Epoch: 045 Step: 00157400] Batch Translation Loss:  38.980862 => Lr: 0.001000
2025-03-29 16:31:09,524 [Epoch: 045 Step: 00157500] Batch Translation Loss:  33.958424 => Lr: 0.001000
2025-03-29 16:38:18,258 Saved 518 text references to ./sign_sample_back_to_word\txt_references_157500.txt and 518 text hypotheses to ./sign_sample_back_to_word\txt_hypotheses_157500.txt
2025-03-29 16:41:09,603 [Epoch: 045 Step: 00157600] Batch Translation Loss:  26.397345 => Lr: 0.001000
2025-03-29 16:44:12,632 [Epoch: 045 Step: 00157700] Batch Translation Loss:  34.472054 => Lr: 0.001000
2025-03-29 16:47:29,063 [Epoch: 045 Step: 00157800] Batch Translation Loss:  51.487690 => Lr: 0.001000
2025-03-29 16:50:33,407 [Epoch: 045 Step: 00157900] Batch Translation Loss:  38.754482 => Lr: 0.001000
2025-03-29 16:53:49,852 [Epoch: 045 Step: 00158000] Batch Translation Loss:  31.620806 => Lr: 0.001000
2025-03-29 16:56:56,374 [Epoch: 045 Step: 00158100] Batch Translation Loss:  46.349899 => Lr: 0.001000
2025-03-29 17:00:10,657 [Epoch: 045 Step: 00158200] Batch Translation Loss:  22.401928 => Lr: 0.001000
2025-03-29 17:03:16,075 [Epoch: 045 Step: 00158300] Batch Translation Loss:  26.903667 => Lr: 0.001000
2025-03-29 17:06:33,237 [Epoch: 045 Step: 00158400] Batch Translation Loss:  36.721973 => Lr: 0.001000
2025-03-29 17:09:44,154 [Epoch: 045 Step: 00158500] Batch Translation Loss:  20.589212 => Lr: 0.001000
2025-03-29 17:12:51,531 [Epoch: 045 Step: 00158600] Batch Translation Loss:  51.574238 => Lr: 0.001000
2025-03-29 17:16:09,314 [Epoch: 045 Step: 00158700] Batch Translation Loss:  35.219143 => Lr: 0.001000
2025-03-29 17:19:19,925 [Epoch: 045 Step: 00158800] Batch Translation Loss:  34.227173 => Lr: 0.001000
2025-03-29 17:22:25,840 [Epoch: 045 Step: 00158900] Batch Translation Loss:  18.493801 => Lr: 0.001000
2025-03-29 17:25:50,840 [Epoch: 045 Step: 00159000] Batch Translation Loss:  41.920563 => Lr: 0.001000
2025-03-29 17:28:52,090 [Epoch: 045 Step: 00159100] Batch Translation Loss:  17.867548 => Lr: 0.001000
2025-03-29 17:31:53,919 [Epoch: 045 Step: 00159200] Batch Translation Loss:  28.269569 => Lr: 0.001000
2025-03-29 17:34:54,754 [Epoch: 045 Step: 00159300] Batch Translation Loss:  44.786274 => Lr: 0.001000
2025-03-29 17:38:07,330 [Epoch: 045 Step: 00159400] Batch Translation Loss:  33.766609 => Lr: 0.001000
2025-03-29 17:41:14,303 [Epoch: 045 Step: 00159500] Batch Translation Loss:  43.348103 => Lr: 0.001000
2025-03-29 17:44:34,956 [Epoch: 045 Step: 00159600] Batch Translation Loss:  35.832985 => Lr: 0.001000
2025-03-29 17:46:30,680 Epoch  45: Total Training Translation Loss 127015.01 
2025-03-29 17:46:30,683 EPOCH 46
2025-03-29 17:47:31,759 [Epoch: 046 Step: 00159700] Batch Translation Loss:  31.147781 => Lr: 0.001000
2025-03-29 17:49:45,349 [Epoch: 046 Step: 00159800] Batch Translation Loss:  69.439926 => Lr: 0.001000
2025-03-29 17:52:01,824 [Epoch: 046 Step: 00159900] Batch Translation Loss:  35.525806 => Lr: 0.001000
2025-03-29 17:54:15,927 [Epoch: 046 Step: 00160000] Batch Translation Loss:  10.994740 => Lr: 0.001000
2025-03-29 17:56:32,832 [Epoch: 046 Step: 00160100] Batch Translation Loss:   7.001564 => Lr: 0.001000
2025-03-29 17:58:52,345 [Epoch: 046 Step: 00160200] Batch Translation Loss:  33.085224 => Lr: 0.001000
2025-03-29 18:01:28,585 [Epoch: 046 Step: 00160300] Batch Translation Loss:  23.085218 => Lr: 0.001000
2025-03-29 18:03:44,362 [Epoch: 046 Step: 00160400] Batch Translation Loss:  24.754490 => Lr: 0.001000
2025-03-29 18:06:07,874 [Epoch: 046 Step: 00160500] Batch Translation Loss:  19.931860 => Lr: 0.001000
2025-03-29 18:08:35,368 [Epoch: 046 Step: 00160600] Batch Translation Loss:  35.080338 => Lr: 0.001000
2025-03-29 18:11:08,966 [Epoch: 046 Step: 00160700] Batch Translation Loss:  18.018164 => Lr: 0.001000
2025-03-29 18:13:35,630 [Epoch: 046 Step: 00160800] Batch Translation Loss:  24.887405 => Lr: 0.001000
2025-03-29 18:16:03,331 [Epoch: 046 Step: 00160900] Batch Translation Loss:  50.940056 => Lr: 0.001000
2025-03-29 18:18:37,650 [Epoch: 046 Step: 00161000] Batch Translation Loss:  24.799778 => Lr: 0.001000
2025-03-29 18:25:18,096 Saved 518 text references to ./sign_sample_back_to_word\txt_references_161000.txt and 518 text hypotheses to ./sign_sample_back_to_word\txt_hypotheses_161000.txt
2025-03-29 18:25:18,097 Hooray! New best validation result [eval_metric]!
2025-03-29 18:25:18,098 Saving new checkpoint.
2025-03-29 18:28:11,038 [Epoch: 046 Step: 00161100] Batch Translation Loss:  28.607655 => Lr: 0.001000
2025-03-29 18:31:01,186 [Epoch: 046 Step: 00161200] Batch Translation Loss:  28.137110 => Lr: 0.001000
2025-03-29 18:33:52,137 [Epoch: 046 Step: 00161300] Batch Translation Loss:  24.156212 => Lr: 0.001000
2025-03-29 18:36:55,097 [Epoch: 046 Step: 00161400] Batch Translation Loss:  14.061903 => Lr: 0.001000
2025-03-29 18:39:52,866 [Epoch: 046 Step: 00161500] Batch Translation Loss:  20.748981 => Lr: 0.001000
2025-03-29 18:43:01,032 [Epoch: 046 Step: 00161600] Batch Translation Loss:  20.886974 => Lr: 0.001000
2025-03-29 18:45:55,946 [Epoch: 046 Step: 00161700] Batch Translation Loss:  45.356930 => Lr: 0.001000
2025-03-29 18:49:04,937 [Epoch: 046 Step: 00161800] Batch Translation Loss:  12.175627 => Lr: 0.001000
2025-03-29 18:52:11,743 [Epoch: 046 Step: 00161900] Batch Translation Loss:  35.373478 => Lr: 0.001000
2025-03-29 18:55:19,978 [Epoch: 046 Step: 00162000] Batch Translation Loss:  34.980377 => Lr: 0.001000
2025-03-29 18:58:29,914 [Epoch: 046 Step: 00162100] Batch Translation Loss:  22.454075 => Lr: 0.001000
2025-03-29 19:01:30,121 [Epoch: 046 Step: 00162200] Batch Translation Loss:  36.490673 => Lr: 0.001000
2025-03-29 19:04:36,803 [Epoch: 046 Step: 00162300] Batch Translation Loss:  59.900009 => Lr: 0.001000
2025-03-29 19:07:40,568 [Epoch: 046 Step: 00162400] Batch Translation Loss:  26.891266 => Lr: 0.001000
2025-03-29 19:10:56,401 [Epoch: 046 Step: 00162500] Batch Translation Loss:  30.933064 => Lr: 0.001000
2025-03-29 19:14:05,111 [Epoch: 046 Step: 00162600] Batch Translation Loss:  38.005180 => Lr: 0.001000
2025-03-29 19:17:08,419 [Epoch: 046 Step: 00162700] Batch Translation Loss:  42.359249 => Lr: 0.001000
2025-03-29 19:20:15,217 [Epoch: 046 Step: 00162800] Batch Translation Loss:  44.571705 => Lr: 0.001000
2025-03-29 19:23:25,045 [Epoch: 046 Step: 00162900] Batch Translation Loss:  46.787254 => Lr: 0.001000
2025-03-29 19:26:39,544 [Epoch: 046 Step: 00163000] Batch Translation Loss:  37.832771 => Lr: 0.001000
2025-03-29 19:29:41,042 [Epoch: 046 Step: 00163100] Batch Translation Loss:  57.744331 => Lr: 0.001000
2025-03-29 19:32:59,297 [Epoch: 046 Step: 00163200] Batch Translation Loss:  45.121586 => Lr: 0.001000
2025-03-29 19:33:16,363 Epoch  46: Total Training Translation Loss 126285.77 
2025-03-29 19:33:16,366 EPOCH 47
2025-03-29 19:35:18,923 [Epoch: 047 Step: 00163300] Batch Translation Loss:  33.106960 => Lr: 0.001000
2025-03-29 19:37:40,015 [Epoch: 047 Step: 00163400] Batch Translation Loss:  22.444799 => Lr: 0.001000
2025-03-29 19:39:55,806 [Epoch: 047 Step: 00163500] Batch Translation Loss:  39.721436 => Lr: 0.001000
2025-03-29 19:42:23,049 [Epoch: 047 Step: 00163600] Batch Translation Loss:  22.430439 => Lr: 0.001000
2025-03-29 19:44:43,976 [Epoch: 047 Step: 00163700] Batch Translation Loss:  22.783640 => Lr: 0.001000
2025-03-29 19:47:09,617 [Epoch: 047 Step: 00163800] Batch Translation Loss:  94.502708 => Lr: 0.001000
2025-03-29 19:49:37,750 [Epoch: 047 Step: 00163900] Batch Translation Loss:  66.505447 => Lr: 0.001000
2025-03-29 19:52:02,320 [Epoch: 047 Step: 00164000] Batch Translation Loss:  45.424953 => Lr: 0.001000
2025-03-29 19:54:28,333 [Epoch: 047 Step: 00164100] Batch Translation Loss:  25.717951 => Lr: 0.001000
2025-03-29 19:57:01,585 [Epoch: 047 Step: 00164200] Batch Translation Loss:  21.251827 => Lr: 0.001000
2025-03-29 19:59:31,503 [Epoch: 047 Step: 00164300] Batch Translation Loss:  10.645898 => Lr: 0.001000
2025-03-29 20:02:06,147 [Epoch: 047 Step: 00164400] Batch Translation Loss:  11.260564 => Lr: 0.001000
2025-03-29 20:04:35,797 [Epoch: 047 Step: 00164500] Batch Translation Loss:  44.721272 => Lr: 0.001000
2025-03-29 20:11:16,884 Saved 518 text references to ./sign_sample_back_to_word\txt_references_164500.txt and 518 text hypotheses to ./sign_sample_back_to_word\txt_hypotheses_164500.txt
2025-03-29 20:14:06,366 [Epoch: 047 Step: 00164600] Batch Translation Loss:  31.825462 => Lr: 0.001000
2025-03-29 20:16:56,692 [Epoch: 047 Step: 00164700] Batch Translation Loss:  34.774197 => Lr: 0.001000
2025-03-29 20:19:57,253 [Epoch: 047 Step: 00164800] Batch Translation Loss:  92.396126 => Lr: 0.001000
2025-03-29 20:22:49,131 [Epoch: 047 Step: 00164900] Batch Translation Loss:  49.384453 => Lr: 0.001000
2025-03-29 20:25:47,253 [Epoch: 047 Step: 00165000] Batch Translation Loss:  30.206259 => Lr: 0.001000
2025-03-29 20:28:44,762 [Epoch: 047 Step: 00165100] Batch Translation Loss:  36.731091 => Lr: 0.001000
2025-03-29 20:31:47,728 [Epoch: 047 Step: 00165200] Batch Translation Loss:  31.767651 => Lr: 0.001000
2025-03-29 20:34:39,390 [Epoch: 047 Step: 00165300] Batch Translation Loss:  17.323486 => Lr: 0.001000
2025-03-29 20:37:44,379 [Epoch: 047 Step: 00165400] Batch Translation Loss:  47.359760 => Lr: 0.001000
2025-03-29 20:40:55,853 [Epoch: 047 Step: 00165500] Batch Translation Loss:  47.530666 => Lr: 0.001000
2025-03-29 20:44:04,788 [Epoch: 047 Step: 00165600] Batch Translation Loss:  29.482670 => Lr: 0.001000
2025-03-29 20:47:14,748 [Epoch: 047 Step: 00165700] Batch Translation Loss:  17.934855 => Lr: 0.001000
2025-03-29 20:50:17,101 [Epoch: 047 Step: 00165800] Batch Translation Loss:  43.078114 => Lr: 0.001000
2025-03-29 20:53:22,079 [Epoch: 047 Step: 00165900] Batch Translation Loss:  73.560829 => Lr: 0.001000
2025-03-29 20:56:35,375 [Epoch: 047 Step: 00166000] Batch Translation Loss:  72.074661 => Lr: 0.001000
2025-03-29 20:59:39,945 [Epoch: 047 Step: 00166100] Batch Translation Loss:  39.364273 => Lr: 0.001000
2025-03-29 21:02:39,321 [Epoch: 047 Step: 00166200] Batch Translation Loss:   9.603912 => Lr: 0.001000
2025-03-29 21:05:39,293 [Epoch: 047 Step: 00166300] Batch Translation Loss:  52.721291 => Lr: 0.001000
2025-03-29 21:08:43,183 [Epoch: 047 Step: 00166400] Batch Translation Loss:  19.327181 => Lr: 0.001000
2025-03-29 21:11:55,830 [Epoch: 047 Step: 00166500] Batch Translation Loss:  62.823891 => Lr: 0.001000
2025-03-29 21:15:04,206 [Epoch: 047 Step: 00166600] Batch Translation Loss:  36.859581 => Lr: 0.001000
2025-03-29 21:18:45,370 [Epoch: 047 Step: 00166700] Batch Translation Loss:  18.799036 => Lr: 0.001000
2025-03-29 21:21:32,269 Epoch  47: Total Training Translation Loss 125693.97 
2025-03-29 21:21:32,271 EPOCH 48
2025-03-29 21:33:40,306 [Epoch: 048 Step: 00166800] Batch Translation Loss:  33.542908 => Lr: 0.001000
2025-03-29 21:36:51,830 [Epoch: 048 Step: 00166900] Batch Translation Loss:  20.165195 => Lr: 0.001000
2025-03-29 21:40:07,753 [Epoch: 048 Step: 00167000] Batch Translation Loss:  33.499584 => Lr: 0.001000
2025-03-29 21:43:11,513 [Epoch: 048 Step: 00167100] Batch Translation Loss:  26.144932 => Lr: 0.001000
2025-03-29 21:46:16,089 [Epoch: 048 Step: 00167200] Batch Translation Loss:  28.337282 => Lr: 0.001000
2025-03-29 21:49:35,603 [Epoch: 048 Step: 00167300] Batch Translation Loss:  17.756048 => Lr: 0.001000
2025-03-29 22:01:58,961 [Epoch: 048 Step: 00167400] Batch Translation Loss:  44.712009 => Lr: 0.001000
2025-03-29 22:05:14,145 [Epoch: 048 Step: 00167500] Batch Translation Loss:  40.230877 => Lr: 0.001000
2025-03-29 22:08:45,144 [Epoch: 048 Step: 00167600] Batch Translation Loss:  24.515772 => Lr: 0.001000
2025-03-29 22:11:58,460 [Epoch: 048 Step: 00167700] Batch Translation Loss:  49.540913 => Lr: 0.001000
2025-03-29 22:15:31,277 [Epoch: 048 Step: 00167800] Batch Translation Loss:  20.544188 => Lr: 0.001000
2025-03-29 22:19:26,400 [Epoch: 048 Step: 00167900] Batch Translation Loss:  28.377672 => Lr: 0.001000
2025-03-29 22:22:55,155 [Epoch: 048 Step: 00168000] Batch Translation Loss:  46.038979 => Lr: 0.001000
2025-03-29 22:29:29,295 Saved 518 text references to ./sign_sample_back_to_word\txt_references_168000.txt and 518 text hypotheses to ./sign_sample_back_to_word\txt_hypotheses_168000.txt
2025-03-29 22:33:08,894 [Epoch: 048 Step: 00168100] Batch Translation Loss:  31.238323 => Lr: 0.001000
2025-03-29 22:36:49,772 [Epoch: 048 Step: 00168200] Batch Translation Loss:  38.279644 => Lr: 0.001000
2025-03-29 22:40:36,238 [Epoch: 048 Step: 00168300] Batch Translation Loss:  37.167450 => Lr: 0.001000
2025-03-29 22:44:23,618 [Epoch: 048 Step: 00168400] Batch Translation Loss:  54.655338 => Lr: 0.001000
2025-03-29 22:48:00,756 [Epoch: 048 Step: 00168500] Batch Translation Loss:  41.004444 => Lr: 0.001000
2025-03-29 22:51:46,357 [Epoch: 048 Step: 00168600] Batch Translation Loss:   9.297362 => Lr: 0.001000
2025-03-29 22:55:35,699 [Epoch: 048 Step: 00168700] Batch Translation Loss:  59.603119 => Lr: 0.001000
2025-03-29 22:59:21,866 [Epoch: 048 Step: 00168800] Batch Translation Loss:  39.359951 => Lr: 0.001000
2025-03-29 23:03:12,447 [Epoch: 048 Step: 00168900] Batch Translation Loss:  20.232979 => Lr: 0.001000
2025-03-29 23:06:51,033 [Epoch: 048 Step: 00169000] Batch Translation Loss:  45.356773 => Lr: 0.001000
2025-03-29 23:10:33,650 [Epoch: 048 Step: 00169100] Batch Translation Loss:  58.371628 => Lr: 0.001000
2025-03-29 23:14:19,824 [Epoch: 048 Step: 00169200] Batch Translation Loss:  38.006607 => Lr: 0.001000
2025-03-29 23:18:03,011 [Epoch: 048 Step: 00169300] Batch Translation Loss:  55.813877 => Lr: 0.001000
2025-03-29 23:21:46,235 [Epoch: 048 Step: 00169400] Batch Translation Loss:  13.697930 => Lr: 0.001000
2025-03-29 23:25:41,204 [Epoch: 048 Step: 00169500] Batch Translation Loss:  56.629745 => Lr: 0.001000
2025-03-29 23:29:27,205 [Epoch: 048 Step: 00169600] Batch Translation Loss:  22.549049 => Lr: 0.001000
2025-03-29 23:33:11,327 [Epoch: 048 Step: 00169700] Batch Translation Loss:  21.652287 => Lr: 0.001000
2025-03-29 23:36:55,524 [Epoch: 048 Step: 00169800] Batch Translation Loss:  32.252987 => Lr: 0.001000
2025-03-29 23:40:31,387 [Epoch: 048 Step: 00169900] Batch Translation Loss:  29.733625 => Lr: 0.001000
2025-03-29 23:44:15,887 [Epoch: 048 Step: 00170000] Batch Translation Loss:  25.007193 => Lr: 0.001000
2025-03-29 23:48:04,161 [Epoch: 048 Step: 00170100] Batch Translation Loss:  52.250759 => Lr: 0.001000
2025-03-29 23:51:52,978 [Epoch: 048 Step: 00170200] Batch Translation Loss:  32.011623 => Lr: 0.001000
2025-03-29 23:55:41,238 [Epoch: 048 Step: 00170300] Batch Translation Loss:  14.044489 => Lr: 0.001000
2025-03-29 23:55:48,227 Epoch  48: Total Training Translation Loss 124727.58 
2025-03-29 23:55:48,229 EPOCH 49
2025-03-29 23:58:50,657 [Epoch: 049 Step: 00170400] Batch Translation Loss:  30.975567 => Lr: 0.001000
2025-03-30 00:01:49,886 [Epoch: 049 Step: 00170500] Batch Translation Loss:  71.789619 => Lr: 0.001000
2025-03-30 00:05:19,792 [Epoch: 049 Step: 00170600] Batch Translation Loss:  25.066092 => Lr: 0.001000
2025-03-30 00:08:21,941 [Epoch: 049 Step: 00170700] Batch Translation Loss:  16.533796 => Lr: 0.001000
2025-03-30 00:11:29,588 [Epoch: 049 Step: 00170800] Batch Translation Loss:  57.084427 => Lr: 0.001000
2025-03-30 00:24:25,983 [Epoch: 049 Step: 00170900] Batch Translation Loss:  39.163658 => Lr: 0.001000
2025-03-30 00:27:37,142 [Epoch: 049 Step: 00171000] Batch Translation Loss:  22.344948 => Lr: 0.001000
2025-03-30 00:30:50,891 [Epoch: 049 Step: 00171100] Batch Translation Loss:  32.204170 => Lr: 0.001000
2025-03-30 00:33:56,659 [Epoch: 049 Step: 00171200] Batch Translation Loss:  23.347879 => Lr: 0.001000
2025-03-30 00:37:22,118 [Epoch: 049 Step: 00171300] Batch Translation Loss:  33.540821 => Lr: 0.001000
2025-03-30 00:40:44,486 [Epoch: 049 Step: 00171400] Batch Translation Loss:  36.305683 => Lr: 0.001000
2025-03-30 00:43:58,122 [Epoch: 049 Step: 00171500] Batch Translation Loss:  20.763256 => Lr: 0.001000
2025-03-30 00:51:56,397 Saved 518 text references to ./sign_sample_back_to_word\txt_references_171500.txt and 518 text hypotheses to ./sign_sample_back_to_word\txt_hypotheses_171500.txt
2025-03-30 00:55:26,433 [Epoch: 049 Step: 00171600] Batch Translation Loss:  32.243599 => Lr: 0.001000
2025-03-30 00:58:44,788 [Epoch: 049 Step: 00171700] Batch Translation Loss:  43.325256 => Lr: 0.001000
2025-03-30 01:02:28,591 [Epoch: 049 Step: 00171800] Batch Translation Loss:  23.768930 => Lr: 0.001000
2025-03-30 01:06:10,835 [Epoch: 049 Step: 00171900] Batch Translation Loss:  30.171120 => Lr: 0.001000
2025-03-30 01:09:50,954 [Epoch: 049 Step: 00172000] Batch Translation Loss:  58.658749 => Lr: 0.001000
2025-03-30 01:13:28,178 [Epoch: 049 Step: 00172100] Batch Translation Loss:  36.361343 => Lr: 0.001000
2025-03-30 01:17:10,685 [Epoch: 049 Step: 00172200] Batch Translation Loss:  75.429001 => Lr: 0.001000
2025-03-30 01:21:00,056 [Epoch: 049 Step: 00172300] Batch Translation Loss:  17.021711 => Lr: 0.001000
2025-03-30 01:24:45,194 [Epoch: 049 Step: 00172400] Batch Translation Loss:  11.156807 => Lr: 0.001000
2025-03-30 01:28:43,152 [Epoch: 049 Step: 00172500] Batch Translation Loss:  31.274948 => Lr: 0.001000
2025-03-30 01:32:34,462 [Epoch: 049 Step: 00172600] Batch Translation Loss:  23.657436 => Lr: 0.001000
2025-03-30 01:36:22,976 [Epoch: 049 Step: 00172700] Batch Translation Loss:  36.491196 => Lr: 0.001000
2025-03-30 01:40:14,009 [Epoch: 049 Step: 00172800] Batch Translation Loss:  51.036053 => Lr: 0.001000
2025-03-30 01:44:04,245 [Epoch: 049 Step: 00172900] Batch Translation Loss:  42.046764 => Lr: 0.001000
2025-03-30 01:47:57,132 [Epoch: 049 Step: 00173000] Batch Translation Loss:  44.116768 => Lr: 0.001000
2025-03-30 01:51:58,940 [Epoch: 049 Step: 00173100] Batch Translation Loss:  43.378910 => Lr: 0.001000
2025-03-30 01:55:43,631 [Epoch: 049 Step: 00173200] Batch Translation Loss:  18.392338 => Lr: 0.001000
2025-03-30 01:59:42,929 [Epoch: 049 Step: 00173300] Batch Translation Loss:  60.582596 => Lr: 0.001000
2025-03-30 02:03:24,096 [Epoch: 049 Step: 00173400] Batch Translation Loss:  30.362900 => Lr: 0.001000
2025-03-30 02:07:09,063 [Epoch: 049 Step: 00173500] Batch Translation Loss:  13.872656 => Lr: 0.001000
2025-03-30 02:10:42,820 [Epoch: 049 Step: 00173600] Batch Translation Loss:  21.425829 => Lr: 0.001000
2025-03-30 02:14:26,719 [Epoch: 049 Step: 00173700] Batch Translation Loss:  11.752886 => Lr: 0.001000
2025-03-30 02:18:05,695 [Epoch: 049 Step: 00173800] Batch Translation Loss:  11.829833 => Lr: 0.001000
2025-03-30 02:20:07,376 Epoch  49: Total Training Translation Loss 124066.10 
2025-03-30 02:20:07,378 EPOCH 50
2025-03-30 02:21:34,239 [Epoch: 050 Step: 00173900] Batch Translation Loss:  44.711258 => Lr: 0.001000
2025-03-30 02:24:40,820 [Epoch: 050 Step: 00174000] Batch Translation Loss:  17.823458 => Lr: 0.001000
2025-03-30 02:27:52,512 [Epoch: 050 Step: 00174100] Batch Translation Loss:  39.723682 => Lr: 0.001000
2025-03-30 02:31:47,800 [Epoch: 050 Step: 00174200] Batch Translation Loss:  44.005444 => Lr: 0.001000
2025-03-30 02:35:33,654 [Epoch: 050 Step: 00174300] Batch Translation Loss:  46.444290 => Lr: 0.001000
2025-03-30 02:39:06,602 [Epoch: 050 Step: 00174400] Batch Translation Loss:  78.024544 => Lr: 0.001000
2025-03-30 02:42:45,035 [Epoch: 050 Step: 00174500] Batch Translation Loss:  55.019371 => Lr: 0.001000
2025-03-30 02:46:35,533 [Epoch: 050 Step: 00174600] Batch Translation Loss:  38.986374 => Lr: 0.001000
2025-03-30 02:50:17,924 [Epoch: 050 Step: 00174700] Batch Translation Loss:  32.583164 => Lr: 0.001000
2025-03-30 02:53:49,684 [Epoch: 050 Step: 00174800] Batch Translation Loss:  51.050175 => Lr: 0.001000
2025-03-30 02:57:35,892 [Epoch: 050 Step: 00174900] Batch Translation Loss:  24.791973 => Lr: 0.001000
2025-03-30 03:01:14,145 [Epoch: 050 Step: 00175000] Batch Translation Loss:  48.141216 => Lr: 0.001000
2025-03-30 03:09:21,178 Saved 518 text references to ./sign_sample_back_to_word\txt_references_175000.txt and 518 text hypotheses to ./sign_sample_back_to_word\txt_hypotheses_175000.txt
2025-03-30 03:12:54,324 [Epoch: 050 Step: 00175100] Batch Translation Loss:  16.742521 => Lr: 0.001000
2025-03-30 03:16:39,010 [Epoch: 050 Step: 00175200] Batch Translation Loss:  47.058296 => Lr: 0.001000
2025-03-30 03:20:28,389 [Epoch: 050 Step: 00175300] Batch Translation Loss:  33.806496 => Lr: 0.001000
2025-03-30 03:24:05,530 [Epoch: 050 Step: 00175400] Batch Translation Loss:  24.877529 => Lr: 0.001000
2025-03-30 03:27:50,994 [Epoch: 050 Step: 00175500] Batch Translation Loss:  22.100500 => Lr: 0.001000
2025-03-30 03:31:49,984 [Epoch: 050 Step: 00175600] Batch Translation Loss:  24.486099 => Lr: 0.001000
2025-03-30 03:35:51,834 [Epoch: 050 Step: 00175700] Batch Translation Loss:  24.935165 => Lr: 0.001000
2025-03-30 03:39:37,115 [Epoch: 050 Step: 00175800] Batch Translation Loss:  23.053429 => Lr: 0.001000
2025-03-30 03:43:17,444 [Epoch: 050 Step: 00175900] Batch Translation Loss:  12.994135 => Lr: 0.001000
2025-03-30 03:47:04,499 [Epoch: 050 Step: 00176000] Batch Translation Loss:  41.197250 => Lr: 0.001000
2025-03-30 03:50:53,131 [Epoch: 050 Step: 00176100] Batch Translation Loss:  51.634666 => Lr: 0.001000
2025-03-30 03:54:37,316 [Epoch: 050 Step: 00176200] Batch Translation Loss:  32.324795 => Lr: 0.001000
2025-03-30 03:58:21,679 [Epoch: 050 Step: 00176300] Batch Translation Loss:  67.549385 => Lr: 0.001000
2025-03-30 04:02:10,377 [Epoch: 050 Step: 00176400] Batch Translation Loss:  48.435421 => Lr: 0.001000
2025-03-30 04:06:02,304 [Epoch: 050 Step: 00176500] Batch Translation Loss:  29.710682 => Lr: 0.001000
2025-03-30 04:09:43,821 [Epoch: 050 Step: 00176600] Batch Translation Loss:   8.571531 => Lr: 0.001000
2025-03-30 04:13:28,909 [Epoch: 050 Step: 00176700] Batch Translation Loss:  20.695402 => Lr: 0.001000
2025-03-30 04:17:13,200 [Epoch: 050 Step: 00176800] Batch Translation Loss:  20.017776 => Lr: 0.001000
2025-03-30 04:20:55,521 [Epoch: 050 Step: 00176900] Batch Translation Loss:  63.192860 => Lr: 0.001000
2025-03-30 04:24:41,547 [Epoch: 050 Step: 00177000] Batch Translation Loss:  18.658213 => Lr: 0.001000
2025-03-30 04:28:35,473 [Epoch: 050 Step: 00177100] Batch Translation Loss:  33.073826 => Lr: 0.001000
2025-03-30 04:32:14,287 [Epoch: 050 Step: 00177200] Batch Translation Loss:  24.586620 => Lr: 0.001000
2025-03-30 04:36:03,094 [Epoch: 050 Step: 00177300] Batch Translation Loss:  29.407494 => Lr: 0.001000
2025-03-30 04:39:36,106 [Epoch: 050 Step: 00177400] Batch Translation Loss:  23.796833 => Lr: 0.001000
2025-03-30 04:39:36,134 Epoch  50: Total Training Translation Loss 123627.03 
2025-03-30 04:39:36,137 EPOCH 51
2025-03-30 04:42:36,277 [Epoch: 051 Step: 00177500] Batch Translation Loss:  56.340565 => Lr: 0.001000
2025-03-30 04:45:33,061 [Epoch: 051 Step: 00177600] Batch Translation Loss:  27.126186 => Lr: 0.001000
2025-03-30 04:48:30,874 [Epoch: 051 Step: 00177700] Batch Translation Loss:  15.612010 => Lr: 0.001000
2025-03-30 04:51:31,534 [Epoch: 051 Step: 00177800] Batch Translation Loss:  19.282579 => Lr: 0.001000
2025-03-30 04:54:35,481 [Epoch: 051 Step: 00177900] Batch Translation Loss:  40.092419 => Lr: 0.001000
2025-03-30 04:57:39,262 [Epoch: 051 Step: 00178000] Batch Translation Loss:  17.564350 => Lr: 0.001000
2025-03-30 05:01:08,675 [Epoch: 051 Step: 00178100] Batch Translation Loss:  20.199160 => Lr: 0.001000
2025-03-30 05:04:01,815 [Epoch: 051 Step: 00178200] Batch Translation Loss:  14.316081 => Lr: 0.001000
2025-03-30 05:07:07,707 [Epoch: 051 Step: 00178300] Batch Translation Loss:  52.655167 => Lr: 0.001000
2025-03-30 05:10:16,022 [Epoch: 051 Step: 00178400] Batch Translation Loss:  27.278809 => Lr: 0.001000
2025-03-30 05:13:28,493 [Epoch: 051 Step: 00178500] Batch Translation Loss:  32.409279 => Lr: 0.001000
2025-03-30 05:21:29,128 Saved 518 text references to ./sign_sample_back_to_word\txt_references_178500.txt and 518 text hypotheses to ./sign_sample_back_to_word\txt_hypotheses_178500.txt
2025-03-30 05:21:29,130 Hooray! New best validation result [eval_metric]!
2025-03-30 05:21:29,131 Saving new checkpoint.
2025-03-30 05:24:48,758 [Epoch: 051 Step: 00178600] Batch Translation Loss:   8.969025 => Lr: 0.001000
2025-03-30 05:28:20,213 [Epoch: 051 Step: 00178700] Batch Translation Loss:  69.492043 => Lr: 0.001000
2025-03-30 05:32:00,754 [Epoch: 051 Step: 00178800] Batch Translation Loss:  25.941423 => Lr: 0.001000
2025-03-30 05:35:30,155 [Epoch: 051 Step: 00178900] Batch Translation Loss:  43.939793 => Lr: 0.001000
2025-03-30 05:39:06,728 [Epoch: 051 Step: 00179000] Batch Translation Loss:  39.503090 => Lr: 0.001000
2025-03-30 05:42:44,726 [Epoch: 051 Step: 00179100] Batch Translation Loss:  46.849159 => Lr: 0.001000
2025-03-30 05:46:32,196 [Epoch: 051 Step: 00179200] Batch Translation Loss:  18.531937 => Lr: 0.001000
2025-03-30 05:50:25,583 [Epoch: 051 Step: 00179300] Batch Translation Loss:  83.859642 => Lr: 0.001000
2025-03-30 05:54:01,349 [Epoch: 051 Step: 00179400] Batch Translation Loss:  27.949903 => Lr: 0.001000
2025-03-30 05:57:44,424 [Epoch: 051 Step: 00179500] Batch Translation Loss:  27.811636 => Lr: 0.001000
2025-03-30 06:01:25,818 [Epoch: 051 Step: 00179600] Batch Translation Loss:  29.942760 => Lr: 0.001000
2025-03-30 06:05:06,179 [Epoch: 051 Step: 00179700] Batch Translation Loss:  37.025051 => Lr: 0.001000
2025-03-30 06:08:48,334 [Epoch: 051 Step: 00179800] Batch Translation Loss:  25.129089 => Lr: 0.001000
2025-03-30 06:12:30,800 [Epoch: 051 Step: 00179900] Batch Translation Loss:  17.002720 => Lr: 0.001000
2025-03-30 06:16:08,269 [Epoch: 051 Step: 00180000] Batch Translation Loss:  19.801167 => Lr: 0.001000
2025-03-30 06:20:00,519 [Epoch: 051 Step: 00180100] Batch Translation Loss:  49.901199 => Lr: 0.001000
2025-03-30 06:23:42,155 [Epoch: 051 Step: 00180200] Batch Translation Loss:  22.332029 => Lr: 0.001000
2025-03-30 06:27:09,963 [Epoch: 051 Step: 00180300] Batch Translation Loss:  75.580803 => Lr: 0.001000
2025-03-30 06:30:51,661 [Epoch: 051 Step: 00180400] Batch Translation Loss:  40.331806 => Lr: 0.001000
2025-03-30 06:34:48,900 [Epoch: 051 Step: 00180500] Batch Translation Loss:  16.259943 => Lr: 0.001000
2025-03-30 06:38:38,085 [Epoch: 051 Step: 00180600] Batch Translation Loss:  50.529808 => Lr: 0.001000
2025-03-30 06:42:25,075 [Epoch: 051 Step: 00180700] Batch Translation Loss:  47.447422 => Lr: 0.001000
2025-03-30 06:45:58,519 [Epoch: 051 Step: 00180800] Batch Translation Loss:  32.235668 => Lr: 0.001000
2025-03-30 06:49:33,383 [Epoch: 051 Step: 00180900] Batch Translation Loss:  24.893246 => Lr: 0.001000
2025-03-30 06:51:22,394 Epoch  51: Total Training Translation Loss 122480.53 
2025-03-30 06:51:22,398 EPOCH 52
2025-03-30 06:52:54,349 [Epoch: 052 Step: 00181000] Batch Translation Loss:  20.569551 => Lr: 0.001000
2025-03-30 06:55:49,328 [Epoch: 052 Step: 00181100] Batch Translation Loss:  33.747536 => Lr: 0.001000
2025-03-30 06:58:49,679 [Epoch: 052 Step: 00181200] Batch Translation Loss:  34.444237 => Lr: 0.001000
2025-03-30 07:01:42,725 [Epoch: 052 Step: 00181300] Batch Translation Loss:  41.837368 => Lr: 0.001000
2025-03-30 07:04:40,515 [Epoch: 052 Step: 00181400] Batch Translation Loss:  39.652233 => Lr: 0.001000
2025-03-30 07:07:42,351 [Epoch: 052 Step: 00181500] Batch Translation Loss:  37.341358 => Lr: 0.001000
2025-03-30 07:10:50,180 [Epoch: 052 Step: 00181600] Batch Translation Loss:  46.902809 => Lr: 0.001000
2025-03-30 07:22:48,843 [Epoch: 052 Step: 00181700] Batch Translation Loss:  56.386883 => Lr: 0.001000
2025-03-30 07:25:56,560 [Epoch: 052 Step: 00181800] Batch Translation Loss:  54.742378 => Lr: 0.001000
2025-03-30 07:29:03,603 [Epoch: 052 Step: 00181900] Batch Translation Loss:  37.617981 => Lr: 0.001000
2025-03-30 07:31:57,560 [Epoch: 052 Step: 00182000] Batch Translation Loss:  34.094101 => Lr: 0.001000
2025-03-30 07:39:57,263 Saved 518 text references to ./sign_sample_back_to_word\txt_references_182000.txt and 518 text hypotheses to ./sign_sample_back_to_word\txt_hypotheses_182000.txt
2025-03-30 07:43:24,481 [Epoch: 052 Step: 00182100] Batch Translation Loss:  11.250754 => Lr: 0.001000
2025-03-30 07:46:42,440 [Epoch: 052 Step: 00182200] Batch Translation Loss:  20.539820 => Lr: 0.001000
2025-03-30 07:50:02,036 [Epoch: 052 Step: 00182300] Batch Translation Loss:  36.060345 => Lr: 0.001000
2025-03-30 07:53:33,031 [Epoch: 052 Step: 00182400] Batch Translation Loss:  21.084267 => Lr: 0.001000
2025-03-30 07:56:59,509 [Epoch: 052 Step: 00182500] Batch Translation Loss:  53.012947 => Lr: 0.001000
2025-03-30 08:00:34,129 [Epoch: 052 Step: 00182600] Batch Translation Loss:  41.145813 => Lr: 0.001000
2025-03-30 08:04:01,779 [Epoch: 052 Step: 00182700] Batch Translation Loss:  38.339275 => Lr: 0.001000
2025-03-30 08:07:48,793 [Epoch: 052 Step: 00182800] Batch Translation Loss:  43.784718 => Lr: 0.001000
2025-03-30 08:11:34,238 [Epoch: 052 Step: 00182900] Batch Translation Loss:  26.065954 => Lr: 0.001000
2025-03-30 08:15:17,776 [Epoch: 052 Step: 00183000] Batch Translation Loss:  15.670197 => Lr: 0.001000
2025-03-30 08:19:05,181 [Epoch: 052 Step: 00183100] Batch Translation Loss:  31.944799 => Lr: 0.001000
2025-03-30 08:22:49,746 [Epoch: 052 Step: 00183200] Batch Translation Loss:  23.613510 => Lr: 0.001000
2025-03-30 08:26:37,815 [Epoch: 052 Step: 00183300] Batch Translation Loss:  27.360441 => Lr: 0.001000
2025-03-30 08:30:27,125 [Epoch: 052 Step: 00183400] Batch Translation Loss:  50.146282 => Lr: 0.001000
2025-03-30 08:34:20,825 [Epoch: 052 Step: 00183500] Batch Translation Loss:  44.297043 => Lr: 0.001000
2025-03-30 08:38:02,286 [Epoch: 052 Step: 00183600] Batch Translation Loss:  53.056164 => Lr: 0.001000
2025-03-30 08:41:51,413 [Epoch: 052 Step: 00183700] Batch Translation Loss:  37.869503 => Lr: 0.001000
2025-03-30 08:45:35,414 [Epoch: 052 Step: 00183800] Batch Translation Loss:  49.545010 => Lr: 0.001000
2025-03-30 08:49:17,675 [Epoch: 052 Step: 00183900] Batch Translation Loss:  43.621178 => Lr: 0.001000
2025-03-30 08:53:07,800 [Epoch: 052 Step: 00184000] Batch Translation Loss:  49.893726 => Lr: 0.001000
2025-03-30 08:56:48,907 [Epoch: 052 Step: 00184100] Batch Translation Loss:  18.905931 => Lr: 0.001000
2025-03-30 09:00:31,291 [Epoch: 052 Step: 00184200] Batch Translation Loss:  26.880251 => Lr: 0.001000
2025-03-30 09:04:07,518 [Epoch: 052 Step: 00184300] Batch Translation Loss:   8.382377 => Lr: 0.001000
2025-03-30 09:07:40,206 [Epoch: 052 Step: 00184400] Batch Translation Loss:  17.156120 => Lr: 0.001000
2025-03-30 09:11:14,726 Epoch  52: Total Training Translation Loss 121801.09 
2025-03-30 09:11:14,727 EPOCH 53
2025-03-30 09:11:22,486 [Epoch: 053 Step: 00184500] Batch Translation Loss:  34.625484 => Lr: 0.001000
2025-03-30 09:14:26,995 [Epoch: 053 Step: 00184600] Batch Translation Loss:  25.894505 => Lr: 0.001000
2025-03-30 09:17:39,476 [Epoch: 053 Step: 00184700] Batch Translation Loss:  36.114513 => Lr: 0.001000
2025-03-30 09:20:28,480 [Epoch: 053 Step: 00184800] Batch Translation Loss:  36.497753 => Lr: 0.001000
2025-03-30 09:23:00,388 [Epoch: 053 Step: 00184900] Batch Translation Loss:  18.005478 => Lr: 0.001000
2025-03-30 09:25:34,998 [Epoch: 053 Step: 00185000] Batch Translation Loss:  32.575066 => Lr: 0.001000
2025-03-30 09:28:00,661 [Epoch: 053 Step: 00185100] Batch Translation Loss:  15.433206 => Lr: 0.001000
2025-03-30 09:30:28,342 [Epoch: 053 Step: 00185200] Batch Translation Loss:  22.024446 => Lr: 0.001000
2025-03-30 09:32:59,404 [Epoch: 053 Step: 00185300] Batch Translation Loss:  19.304552 => Lr: 0.001000
2025-03-30 09:35:33,176 [Epoch: 053 Step: 00185400] Batch Translation Loss:  73.015495 => Lr: 0.001000
2025-03-30 09:38:17,950 [Epoch: 053 Step: 00185500] Batch Translation Loss:  16.589216 => Lr: 0.001000
2025-03-30 09:45:02,328 Saved 518 text references to ./sign_sample_back_to_word\txt_references_185500.txt and 518 text hypotheses to ./sign_sample_back_to_word\txt_hypotheses_185500.txt
2025-03-30 09:45:02,329 Hooray! New best validation result [eval_metric]!
2025-03-30 09:45:02,330 Saving new checkpoint.
2025-03-30 09:48:04,968 [Epoch: 053 Step: 00185600] Batch Translation Loss:  51.098480 => Lr: 0.001000
2025-03-30 09:50:49,344 [Epoch: 053 Step: 00185700] Batch Translation Loss:  71.346123 => Lr: 0.001000
2025-03-30 09:53:36,517 [Epoch: 053 Step: 00185800] Batch Translation Loss:  29.910513 => Lr: 0.001000
2025-03-30 09:56:28,594 [Epoch: 053 Step: 00185900] Batch Translation Loss:  66.431900 => Lr: 0.001000
2025-03-30 09:59:21,701 [Epoch: 053 Step: 00186000] Batch Translation Loss:  58.939800 => Lr: 0.001000
2025-03-30 10:02:13,602 [Epoch: 053 Step: 00186100] Batch Translation Loss:  35.951473 => Lr: 0.001000
2025-03-30 10:05:21,671 [Epoch: 053 Step: 00186200] Batch Translation Loss:  26.118597 => Lr: 0.001000
2025-03-30 10:08:27,431 [Epoch: 053 Step: 00186300] Batch Translation Loss:  12.711054 => Lr: 0.001000
2025-03-30 10:11:31,092 [Epoch: 053 Step: 00186400] Batch Translation Loss:  40.904163 => Lr: 0.001000
2025-03-30 10:14:30,835 [Epoch: 053 Step: 00186500] Batch Translation Loss:  16.309750 => Lr: 0.001000
2025-03-30 10:17:36,194 [Epoch: 053 Step: 00186600] Batch Translation Loss:  28.794697 => Lr: 0.001000
2025-03-30 10:20:54,720 [Epoch: 053 Step: 00186700] Batch Translation Loss:  31.141935 => Lr: 0.001000
2025-03-30 10:23:54,525 [Epoch: 053 Step: 00186800] Batch Translation Loss:  47.172710 => Lr: 0.001000
2025-03-30 10:27:04,452 [Epoch: 053 Step: 00186900] Batch Translation Loss:  28.278278 => Lr: 0.001000
2025-03-30 10:30:13,796 [Epoch: 053 Step: 00187000] Batch Translation Loss:  52.936893 => Lr: 0.001000
2025-03-30 10:33:11,049 [Epoch: 053 Step: 00187100] Batch Translation Loss:  18.508356 => Lr: 0.001000
2025-03-30 10:36:23,866 [Epoch: 053 Step: 00187200] Batch Translation Loss:  25.016327 => Lr: 0.001000
2025-03-30 10:39:38,743 [Epoch: 053 Step: 00187300] Batch Translation Loss:  29.547304 => Lr: 0.001000
2025-03-30 10:42:43,356 [Epoch: 053 Step: 00187400] Batch Translation Loss:  21.031601 => Lr: 0.001000
2025-03-30 10:45:55,851 [Epoch: 053 Step: 00187500] Batch Translation Loss:  40.883659 => Lr: 0.001000
2025-03-30 10:49:04,642 [Epoch: 053 Step: 00187600] Batch Translation Loss:  30.392149 => Lr: 0.001000
2025-03-30 10:52:13,851 [Epoch: 053 Step: 00187700] Batch Translation Loss:  84.809288 => Lr: 0.001000
2025-03-30 10:55:10,125 [Epoch: 053 Step: 00187800] Batch Translation Loss:   6.831026 => Lr: 0.001000
2025-03-30 10:58:09,658 [Epoch: 053 Step: 00187900] Batch Translation Loss:   4.209457 => Lr: 0.001000
2025-03-30 11:01:16,314 [Epoch: 053 Step: 00188000] Batch Translation Loss:  34.184460 => Lr: 0.001000
2025-03-30 11:02:36,413 Epoch  53: Total Training Translation Loss 121187.38 
2025-03-30 11:02:36,415 EPOCH 54
2025-03-30 11:03:52,957 [Epoch: 054 Step: 00188100] Batch Translation Loss:  61.358612 => Lr: 0.001000
2025-03-30 11:06:09,453 [Epoch: 054 Step: 00188200] Batch Translation Loss:  47.248219 => Lr: 0.001000
2025-03-30 11:08:30,246 [Epoch: 054 Step: 00188300] Batch Translation Loss:  33.140636 => Lr: 0.001000
2025-03-30 11:11:02,718 [Epoch: 054 Step: 00188400] Batch Translation Loss:  41.129631 => Lr: 0.001000
2025-03-30 11:13:32,330 [Epoch: 054 Step: 00188500] Batch Translation Loss:  32.801594 => Lr: 0.001000
2025-03-30 11:15:57,112 [Epoch: 054 Step: 00188600] Batch Translation Loss:  40.078011 => Lr: 0.001000
2025-03-30 11:18:18,706 [Epoch: 054 Step: 00188700] Batch Translation Loss: 105.751060 => Lr: 0.001000
2025-03-30 11:20:43,113 [Epoch: 054 Step: 00188800] Batch Translation Loss:  21.262140 => Lr: 0.001000
2025-03-30 11:23:09,353 [Epoch: 054 Step: 00188900] Batch Translation Loss:  40.067245 => Lr: 0.001000
2025-03-30 11:25:42,138 [Epoch: 054 Step: 00189000] Batch Translation Loss:  46.721909 => Lr: 0.001000
2025-03-30 11:32:47,226 Saved 518 text references to ./sign_sample_back_to_word\txt_references_189000.txt and 518 text hypotheses to ./sign_sample_back_to_word\txt_hypotheses_189000.txt
2025-03-30 11:35:34,822 [Epoch: 054 Step: 00189100] Batch Translation Loss:  30.067097 => Lr: 0.001000
2025-03-30 11:38:13,340 [Epoch: 054 Step: 00189200] Batch Translation Loss:  38.193413 => Lr: 0.001000
2025-03-30 11:40:56,899 [Epoch: 054 Step: 00189300] Batch Translation Loss:  36.886768 => Lr: 0.001000
2025-03-30 11:43:31,136 [Epoch: 054 Step: 00189400] Batch Translation Loss:  31.680735 => Lr: 0.001000
2025-03-30 11:46:14,039 [Epoch: 054 Step: 00189500] Batch Translation Loss:  47.056519 => Lr: 0.001000
2025-03-30 11:49:19,217 [Epoch: 054 Step: 00189600] Batch Translation Loss:  37.967514 => Lr: 0.001000
2025-03-30 11:52:06,824 [Epoch: 054 Step: 00189700] Batch Translation Loss:  31.833923 => Lr: 0.001000
2025-03-30 11:55:05,638 [Epoch: 054 Step: 00189800] Batch Translation Loss:   9.272997 => Lr: 0.001000
2025-03-30 11:58:05,545 [Epoch: 054 Step: 00189900] Batch Translation Loss:  36.080879 => Lr: 0.001000
2025-03-30 12:01:08,037 [Epoch: 054 Step: 00190000] Batch Translation Loss:  30.196726 => Lr: 0.001000
2025-03-30 12:04:21,848 [Epoch: 054 Step: 00190100] Batch Translation Loss:  36.958054 => Lr: 0.001000
2025-03-30 12:07:30,342 [Epoch: 054 Step: 00190200] Batch Translation Loss:  71.192856 => Lr: 0.001000
2025-03-30 12:10:45,683 [Epoch: 054 Step: 00190300] Batch Translation Loss:  34.722572 => Lr: 0.001000
2025-03-30 12:13:51,611 [Epoch: 054 Step: 00190400] Batch Translation Loss:  11.811225 => Lr: 0.001000
2025-03-30 12:17:04,672 [Epoch: 054 Step: 00190500] Batch Translation Loss:   6.712806 => Lr: 0.001000
2025-03-30 12:20:16,350 [Epoch: 054 Step: 00190600] Batch Translation Loss:  18.988024 => Lr: 0.001000
2025-03-30 12:23:24,444 [Epoch: 054 Step: 00190700] Batch Translation Loss:  30.259563 => Lr: 0.001000
2025-03-30 12:26:41,206 [Epoch: 054 Step: 00190800] Batch Translation Loss:  42.455273 => Lr: 0.001000
2025-03-30 12:29:54,083 [Epoch: 054 Step: 00190900] Batch Translation Loss:  26.713337 => Lr: 0.001000
2025-03-30 12:33:03,968 [Epoch: 054 Step: 00191000] Batch Translation Loss:  60.761723 => Lr: 0.001000
2025-03-30 12:36:24,401 [Epoch: 054 Step: 00191100] Batch Translation Loss:  84.208153 => Lr: 0.001000
2025-03-30 12:39:29,718 [Epoch: 054 Step: 00191200] Batch Translation Loss:  55.810062 => Lr: 0.001000
2025-03-30 12:42:41,707 [Epoch: 054 Step: 00191300] Batch Translation Loss:  45.954258 => Lr: 0.001000
2025-03-30 12:46:03,506 [Epoch: 054 Step: 00191400] Batch Translation Loss:  65.647011 => Lr: 0.001000
2025-03-30 12:49:19,897 [Epoch: 054 Step: 00191500] Batch Translation Loss:  32.902267 => Lr: 0.001000
2025-03-30 12:52:15,757 Epoch  54: Total Training Translation Loss 120435.92 
2025-03-30 12:52:15,759 EPOCH 55
2025-03-30 12:52:27,545 [Epoch: 055 Step: 00191600] Batch Translation Loss:  31.287960 => Lr: 0.001000
2025-03-30 12:54:48,684 [Epoch: 055 Step: 00191700] Batch Translation Loss:   7.438380 => Lr: 0.001000
2025-03-30 12:57:11,086 [Epoch: 055 Step: 00191800] Batch Translation Loss:  46.436134 => Lr: 0.001000
2025-03-30 12:59:36,643 [Epoch: 055 Step: 00191900] Batch Translation Loss:  62.021931 => Lr: 0.001000
2025-03-30 13:01:56,316 [Epoch: 055 Step: 00192000] Batch Translation Loss:  22.909040 => Lr: 0.001000
2025-03-30 13:04:25,637 [Epoch: 055 Step: 00192100] Batch Translation Loss:  34.935966 => Lr: 0.001000
2025-03-30 13:06:45,992 [Epoch: 055 Step: 00192200] Batch Translation Loss:  44.575150 => Lr: 0.001000
2025-03-30 13:09:03,969 [Epoch: 055 Step: 00192300] Batch Translation Loss:  13.354807 => Lr: 0.001000
2025-03-30 13:11:30,838 [Epoch: 055 Step: 00192400] Batch Translation Loss:  17.108597 => Lr: 0.001000
2025-03-30 13:14:00,312 [Epoch: 055 Step: 00192500] Batch Translation Loss:  23.539248 => Lr: 0.001000
2025-03-30 13:21:06,771 Saved 518 text references to ./sign_sample_back_to_word\txt_references_192500.txt and 518 text hypotheses to ./sign_sample_back_to_word\txt_hypotheses_192500.txt
2025-03-30 13:23:54,185 [Epoch: 055 Step: 00192600] Batch Translation Loss:   9.606793 => Lr: 0.001000
2025-03-30 13:26:36,717 [Epoch: 055 Step: 00192700] Batch Translation Loss:  35.192963 => Lr: 0.001000
2025-03-30 13:29:21,099 [Epoch: 055 Step: 00192800] Batch Translation Loss:  26.175222 => Lr: 0.001000
2025-03-30 13:32:03,112 [Epoch: 055 Step: 00192900] Batch Translation Loss:  38.959690 => Lr: 0.001000
2025-03-30 13:34:50,121 [Epoch: 055 Step: 00193000] Batch Translation Loss:   5.843960 => Lr: 0.001000
2025-03-30 13:37:37,337 [Epoch: 055 Step: 00193100] Batch Translation Loss:  27.727100 => Lr: 0.001000
2025-03-30 13:40:33,894 [Epoch: 055 Step: 00193200] Batch Translation Loss:  28.637224 => Lr: 0.001000
2025-03-30 13:43:37,334 [Epoch: 055 Step: 00193300] Batch Translation Loss:  73.476448 => Lr: 0.001000
2025-03-30 13:46:42,842 [Epoch: 055 Step: 00193400] Batch Translation Loss:  17.069731 => Lr: 0.001000
2025-03-30 13:49:55,024 [Epoch: 055 Step: 00193500] Batch Translation Loss:  46.983143 => Lr: 0.001000
2025-03-30 13:53:06,622 [Epoch: 055 Step: 00193600] Batch Translation Loss:  30.614559 => Lr: 0.001000
2025-03-30 13:56:14,585 [Epoch: 055 Step: 00193700] Batch Translation Loss:  35.370884 => Lr: 0.001000
2025-03-30 13:59:23,230 [Epoch: 055 Step: 00193800] Batch Translation Loss:  19.457891 => Lr: 0.001000
2025-03-30 14:02:35,069 [Epoch: 055 Step: 00193900] Batch Translation Loss:  45.525764 => Lr: 0.001000
2025-03-30 14:05:48,551 [Epoch: 055 Step: 00194000] Batch Translation Loss:   6.900282 => Lr: 0.001000
2025-03-30 14:09:01,941 [Epoch: 055 Step: 00194100] Batch Translation Loss:  28.302618 => Lr: 0.001000
2025-03-30 14:12:09,646 [Epoch: 055 Step: 00194200] Batch Translation Loss:   1.268946 => Lr: 0.001000
2025-03-30 14:15:17,543 [Epoch: 055 Step: 00194300] Batch Translation Loss:  26.098730 => Lr: 0.001000
2025-03-30 14:18:26,309 [Epoch: 055 Step: 00194400] Batch Translation Loss:  22.972462 => Lr: 0.001000
2025-03-30 14:21:39,138 [Epoch: 055 Step: 00194500] Batch Translation Loss:  29.629025 => Lr: 0.001000
2025-03-30 14:24:55,665 [Epoch: 055 Step: 00194600] Batch Translation Loss:  68.192017 => Lr: 0.001000
2025-03-30 14:28:01,576 [Epoch: 055 Step: 00194700] Batch Translation Loss:  12.058321 => Lr: 0.001000
2025-03-30 14:31:15,244 [Epoch: 055 Step: 00194800] Batch Translation Loss:  31.317711 => Lr: 0.001000
2025-03-30 14:34:36,648 [Epoch: 055 Step: 00194900] Batch Translation Loss:  53.864452 => Lr: 0.001000
2025-03-30 14:37:38,034 [Epoch: 055 Step: 00195000] Batch Translation Loss:  32.460529 => Lr: 0.001000
2025-03-30 14:40:48,068 [Epoch: 055 Step: 00195100] Batch Translation Loss:  32.365982 => Lr: 0.001000
2025-03-30 14:42:07,497 Epoch  55: Total Training Translation Loss 119712.28 
2025-03-30 14:42:07,499 EPOCH 56
2025-03-30 14:43:27,484 [Epoch: 056 Step: 00195200] Batch Translation Loss:  34.455379 => Lr: 0.001000
2025-03-30 14:45:49,048 [Epoch: 056 Step: 00195300] Batch Translation Loss:  26.388414 => Lr: 0.001000
2025-03-30 14:48:08,677 [Epoch: 056 Step: 00195400] Batch Translation Loss:  30.567533 => Lr: 0.001000
2025-03-30 14:50:23,228 [Epoch: 056 Step: 00195500] Batch Translation Loss:  33.065807 => Lr: 0.001000
2025-03-30 14:52:46,001 [Epoch: 056 Step: 00195600] Batch Translation Loss:  47.888393 => Lr: 0.001000
2025-03-30 14:55:12,170 [Epoch: 056 Step: 00195700] Batch Translation Loss:  39.461266 => Lr: 0.001000
2025-03-30 14:57:29,208 [Epoch: 056 Step: 00195800] Batch Translation Loss:  41.386868 => Lr: 0.001000
2025-03-30 14:59:53,028 [Epoch: 056 Step: 00195900] Batch Translation Loss:  20.262270 => Lr: 0.001000
2025-03-30 15:02:21,601 [Epoch: 056 Step: 00196000] Batch Translation Loss:  20.240311 => Lr: 0.001000
2025-03-30 15:09:28,139 Saved 518 text references to ./sign_sample_back_to_word\txt_references_196000.txt and 518 text hypotheses to ./sign_sample_back_to_word\txt_hypotheses_196000.txt
2025-03-30 15:12:03,528 [Epoch: 056 Step: 00196100] Batch Translation Loss:  30.996517 => Lr: 0.001000
2025-03-30 15:14:42,936 [Epoch: 056 Step: 00196200] Batch Translation Loss:  20.939138 => Lr: 0.001000
2025-03-30 15:17:21,050 [Epoch: 056 Step: 00196300] Batch Translation Loss:  14.551947 => Lr: 0.001000
2025-03-30 15:20:07,841 [Epoch: 056 Step: 00196400] Batch Translation Loss:  27.323854 => Lr: 0.001000
2025-03-30 15:22:46,897 [Epoch: 056 Step: 00196500] Batch Translation Loss:  34.355129 => Lr: 0.001000
2025-03-30 15:25:35,138 [Epoch: 056 Step: 00196600] Batch Translation Loss:  38.170315 => Lr: 0.001000
2025-03-30 15:28:27,767 [Epoch: 056 Step: 00196700] Batch Translation Loss:  16.735302 => Lr: 0.001000
2025-03-30 15:31:18,888 [Epoch: 056 Step: 00196800] Batch Translation Loss:  56.128201 => Lr: 0.001000
2025-03-30 15:34:23,133 [Epoch: 056 Step: 00196900] Batch Translation Loss:  28.699806 => Lr: 0.001000
2025-03-30 15:37:26,809 [Epoch: 056 Step: 00197000] Batch Translation Loss:  27.034170 => Lr: 0.001000
2025-03-30 15:40:39,610 [Epoch: 056 Step: 00197100] Batch Translation Loss:  34.071320 => Lr: 0.001000
2025-03-30 15:43:57,682 [Epoch: 056 Step: 00197200] Batch Translation Loss:  42.246990 => Lr: 0.001000
2025-03-30 15:47:11,677 [Epoch: 056 Step: 00197300] Batch Translation Loss:  62.307381 => Lr: 0.001000
2025-03-30 15:50:19,609 [Epoch: 056 Step: 00197400] Batch Translation Loss:  20.519598 => Lr: 0.001000
2025-03-30 15:53:24,668 [Epoch: 056 Step: 00197500] Batch Translation Loss:  33.166229 => Lr: 0.001000
2025-03-30 15:56:34,880 [Epoch: 056 Step: 00197600] Batch Translation Loss:  56.368900 => Lr: 0.001000
2025-03-30 15:59:44,664 [Epoch: 056 Step: 00197700] Batch Translation Loss:  55.693008 => Lr: 0.001000
2025-03-30 16:02:56,871 [Epoch: 056 Step: 00197800] Batch Translation Loss:  45.051090 => Lr: 0.001000
2025-03-30 16:06:08,213 [Epoch: 056 Step: 00197900] Batch Translation Loss:  43.336311 => Lr: 0.001000
2025-03-30 16:09:16,499 [Epoch: 056 Step: 00198000] Batch Translation Loss:  39.463329 => Lr: 0.001000
2025-03-30 16:12:23,544 [Epoch: 056 Step: 00198100] Batch Translation Loss:  10.911344 => Lr: 0.001000
2025-03-30 16:15:21,831 [Epoch: 056 Step: 00198200] Batch Translation Loss:  11.561358 => Lr: 0.001000
2025-03-30 16:18:32,454 [Epoch: 056 Step: 00198300] Batch Translation Loss:  49.919594 => Lr: 0.001000
2025-03-30 16:21:34,560 [Epoch: 056 Step: 00198400] Batch Translation Loss:  58.841190 => Lr: 0.001000
2025-03-30 16:24:42,062 [Epoch: 056 Step: 00198500] Batch Translation Loss:  26.545111 => Lr: 0.001000
2025-03-30 16:27:56,789 [Epoch: 056 Step: 00198600] Batch Translation Loss:  44.588390 => Lr: 0.001000
2025-03-30 16:30:38,287 Epoch  56: Total Training Translation Loss 119039.61 
2025-03-30 16:30:38,289 EPOCH 57
2025-03-30 16:30:56,818 [Epoch: 057 Step: 00198700] Batch Translation Loss:  59.067974 => Lr: 0.001000
2025-03-30 16:33:16,674 [Epoch: 057 Step: 00198800] Batch Translation Loss:  22.529779 => Lr: 0.001000
2025-03-30 16:35:35,968 [Epoch: 057 Step: 00198900] Batch Translation Loss:  23.542673 => Lr: 0.001000
2025-03-30 16:37:52,319 [Epoch: 057 Step: 00199000] Batch Translation Loss:  50.970577 => Lr: 0.001000
2025-03-30 16:40:11,302 [Epoch: 057 Step: 00199100] Batch Translation Loss:  47.648087 => Lr: 0.001000
2025-03-30 16:42:32,410 [Epoch: 057 Step: 00199200] Batch Translation Loss:  25.332340 => Lr: 0.001000
2025-03-30 16:45:03,604 [Epoch: 057 Step: 00199300] Batch Translation Loss:  46.944885 => Lr: 0.001000
2025-03-30 16:47:33,763 [Epoch: 057 Step: 00199400] Batch Translation Loss:  77.561584 => Lr: 0.001000
2025-03-30 16:50:03,038 [Epoch: 057 Step: 00199500] Batch Translation Loss:  10.705482 => Lr: 0.001000
2025-03-30 16:56:43,862 Saved 518 text references to ./sign_sample_back_to_word\txt_references_199500.txt and 518 text hypotheses to ./sign_sample_back_to_word\txt_hypotheses_199500.txt
2025-03-30 16:56:43,863 Hooray! New best validation result [eval_metric]!
2025-03-30 16:56:43,864 Saving new checkpoint.
2025-03-30 16:59:18,288 [Epoch: 057 Step: 00199600] Batch Translation Loss:  13.073760 => Lr: 0.001000
2025-03-30 17:02:01,988 [Epoch: 057 Step: 00199700] Batch Translation Loss:  15.233953 => Lr: 0.001000
2025-03-30 17:04:46,033 [Epoch: 057 Step: 00199800] Batch Translation Loss:  50.942940 => Lr: 0.001000
2025-03-30 17:07:38,651 [Epoch: 057 Step: 00199900] Batch Translation Loss:  39.926304 => Lr: 0.001000
2025-03-30 17:10:35,178 [Epoch: 057 Step: 00200000] Batch Translation Loss:  18.284208 => Lr: 0.001000
2025-03-30 17:13:28,739 [Epoch: 057 Step: 00200100] Batch Translation Loss:  13.296509 => Lr: 0.001000
2025-03-30 17:16:22,338 [Epoch: 057 Step: 00200200] Batch Translation Loss:  45.329601 => Lr: 0.001000
2025-03-30 17:19:23,382 [Epoch: 057 Step: 00200300] Batch Translation Loss:  33.779869 => Lr: 0.001000
2025-03-30 17:22:23,242 [Epoch: 057 Step: 00200400] Batch Translation Loss:  47.632751 => Lr: 0.001000
2025-03-30 17:25:21,606 [Epoch: 057 Step: 00200500] Batch Translation Loss:  36.059784 => Lr: 0.001000
2025-03-30 17:28:32,820 [Epoch: 057 Step: 00200600] Batch Translation Loss:  34.618256 => Lr: 0.001000
2025-03-30 17:31:30,486 [Epoch: 057 Step: 00200700] Batch Translation Loss:  42.972065 => Lr: 0.001000
2025-03-30 17:34:46,424 [Epoch: 057 Step: 00200800] Batch Translation Loss:  29.658602 => Lr: 0.001000
2025-03-30 17:37:54,965 [Epoch: 057 Step: 00200900] Batch Translation Loss:  71.392494 => Lr: 0.001000
2025-03-30 17:41:07,704 [Epoch: 057 Step: 00201000] Batch Translation Loss:  21.507526 => Lr: 0.001000
2025-03-30 17:44:10,055 [Epoch: 057 Step: 00201100] Batch Translation Loss:  32.271606 => Lr: 0.001000
2025-03-30 17:47:20,551 [Epoch: 057 Step: 00201200] Batch Translation Loss:  38.179810 => Lr: 0.001000
2025-03-30 17:50:30,778 [Epoch: 057 Step: 00201300] Batch Translation Loss:  37.649242 => Lr: 0.001000
2025-03-30 17:53:37,272 [Epoch: 057 Step: 00201400] Batch Translation Loss:  37.020531 => Lr: 0.001000
2025-03-30 17:56:41,801 [Epoch: 057 Step: 00201500] Batch Translation Loss:  47.533779 => Lr: 0.001000
2025-03-30 17:59:46,989 [Epoch: 057 Step: 00201600] Batch Translation Loss:  69.072792 => Lr: 0.001000
2025-03-30 18:03:14,337 [Epoch: 057 Step: 00201700] Batch Translation Loss:  30.141481 => Lr: 0.001000
2025-03-30 18:07:48,823 [Epoch: 057 Step: 00201800] Batch Translation Loss:  26.007845 => Lr: 0.001000
2025-03-30 18:11:27,381 [Epoch: 057 Step: 00201900] Batch Translation Loss:  45.109043 => Lr: 0.001000
2025-03-30 18:14:53,308 [Epoch: 057 Step: 00202000] Batch Translation Loss:  21.770523 => Lr: 0.001000
2025-03-30 18:18:14,668 [Epoch: 057 Step: 00202100] Batch Translation Loss:  52.299500 => Lr: 0.001000
2025-03-30 18:21:38,645 [Epoch: 057 Step: 00202200] Batch Translation Loss:  45.646164 => Lr: 0.001000
2025-03-30 18:22:47,836 Epoch  57: Total Training Translation Loss 118339.71 
2025-03-30 18:22:47,839 EPOCH 58
2025-03-30 18:24:18,312 [Epoch: 058 Step: 00202300] Batch Translation Loss:  50.553951 => Lr: 0.001000
2025-03-30 18:26:40,267 [Epoch: 058 Step: 00202400] Batch Translation Loss:  43.886700 => Lr: 0.001000
2025-03-30 18:28:55,256 [Epoch: 058 Step: 00202500] Batch Translation Loss:  25.627113 => Lr: 0.001000
2025-03-30 18:31:10,013 [Epoch: 058 Step: 00202600] Batch Translation Loss:  32.663471 => Lr: 0.001000
2025-03-30 18:33:25,216 [Epoch: 058 Step: 00202700] Batch Translation Loss:  37.367626 => Lr: 0.001000
2025-03-30 18:35:43,389 [Epoch: 058 Step: 00202800] Batch Translation Loss:  25.672766 => Lr: 0.001000
2025-03-30 18:38:10,964 [Epoch: 058 Step: 00202900] Batch Translation Loss:  46.934719 => Lr: 0.001000
2025-03-30 18:40:41,888 [Epoch: 058 Step: 00203000] Batch Translation Loss:  47.474861 => Lr: 0.001000
2025-03-30 18:47:23,068 Saved 518 text references to ./sign_sample_back_to_word\txt_references_203000.txt and 518 text hypotheses to ./sign_sample_back_to_word\txt_hypotheses_203000.txt
2025-03-30 18:49:59,956 [Epoch: 058 Step: 00203100] Batch Translation Loss:  26.441460 => Lr: 0.001000
2025-03-30 18:52:32,420 [Epoch: 058 Step: 00203200] Batch Translation Loss:  52.396507 => Lr: 0.001000
2025-03-30 18:55:16,401 [Epoch: 058 Step: 00203300] Batch Translation Loss:  36.639343 => Lr: 0.001000
2025-03-30 18:57:56,535 [Epoch: 058 Step: 00203400] Batch Translation Loss:  40.660244 => Lr: 0.001000
2025-03-30 19:00:32,293 [Epoch: 058 Step: 00203500] Batch Translation Loss:  28.207798 => Lr: 0.001000
2025-03-30 19:03:09,141 [Epoch: 058 Step: 00203600] Batch Translation Loss:   6.493622 => Lr: 0.001000
2025-03-30 19:05:41,776 [Epoch: 058 Step: 00203700] Batch Translation Loss:  32.574352 => Lr: 0.001000
2025-03-30 19:08:34,378 [Epoch: 058 Step: 00203800] Batch Translation Loss:  39.469387 => Lr: 0.001000
2025-03-30 19:11:18,517 [Epoch: 058 Step: 00203900] Batch Translation Loss:  38.131088 => Lr: 0.001000
2025-03-30 19:14:10,015 [Epoch: 058 Step: 00204000] Batch Translation Loss:  47.698490 => Lr: 0.001000
2025-03-30 19:17:07,603 [Epoch: 058 Step: 00204100] Batch Translation Loss:  27.900728 => Lr: 0.001000
2025-03-30 19:20:14,041 [Epoch: 058 Step: 00204200] Batch Translation Loss:  55.092743 => Lr: 0.001000
2025-03-30 19:23:20,939 [Epoch: 058 Step: 00204300] Batch Translation Loss:  20.043211 => Lr: 0.001000
2025-03-30 19:26:23,676 [Epoch: 058 Step: 00204400] Batch Translation Loss:  76.023666 => Lr: 0.001000
2025-03-30 19:29:33,343 [Epoch: 058 Step: 00204500] Batch Translation Loss:  56.423321 => Lr: 0.001000
2025-03-30 19:32:43,186 [Epoch: 058 Step: 00204600] Batch Translation Loss:  45.665913 => Lr: 0.001000
2025-03-30 19:35:57,335 [Epoch: 058 Step: 00204700] Batch Translation Loss:  40.120224 => Lr: 0.001000
2025-03-30 19:39:09,576 [Epoch: 058 Step: 00204800] Batch Translation Loss:  48.206318 => Lr: 0.001000
2025-03-30 19:42:15,692 [Epoch: 058 Step: 00204900] Batch Translation Loss:  40.476440 => Lr: 0.001000
2025-03-30 19:45:19,473 [Epoch: 058 Step: 00205000] Batch Translation Loss:  45.502861 => Lr: 0.001000
2025-03-30 19:48:28,956 [Epoch: 058 Step: 00205100] Batch Translation Loss:  41.595654 => Lr: 0.001000
2025-03-30 19:51:31,167 [Epoch: 058 Step: 00205200] Batch Translation Loss:  21.401094 => Lr: 0.001000
2025-03-30 19:55:05,512 [Epoch: 058 Step: 00205300] Batch Translation Loss:  46.231209 => Lr: 0.001000
2025-03-30 20:02:33,154 [Epoch: 058 Step: 00205400] Batch Translation Loss:  45.061001 => Lr: 0.001000
2025-03-30 20:12:11,424 [Epoch: 058 Step: 00205500] Batch Translation Loss:  35.508171 => Lr: 0.001000
2025-03-30 20:22:13,507 [Epoch: 058 Step: 00205600] Batch Translation Loss:  12.966269 => Lr: 0.001000
2025-03-30 20:31:39,180 [Epoch: 058 Step: 00205700] Batch Translation Loss:  53.974529 => Lr: 0.001000
2025-03-30 20:39:37,559 Epoch  58: Total Training Translation Loss 117538.12 
2025-03-30 20:39:37,561 EPOCH 59
2025-03-30 20:40:46,596 [Epoch: 059 Step: 00205800] Batch Translation Loss:  58.844429 => Lr: 0.001000
2025-03-30 20:47:53,145 [Epoch: 059 Step: 00205900] Batch Translation Loss:  21.862955 => Lr: 0.001000
2025-03-30 20:55:07,318 [Epoch: 059 Step: 00206000] Batch Translation Loss:  41.571693 => Lr: 0.001000
2025-03-30 21:02:39,291 [Epoch: 059 Step: 00206100] Batch Translation Loss:  53.081074 => Lr: 0.001000
2025-03-30 21:10:07,319 [Epoch: 059 Step: 00206200] Batch Translation Loss:  31.620996 => Lr: 0.001000
2025-03-30 21:17:48,191 [Epoch: 059 Step: 00206300] Batch Translation Loss:  33.338688 => Lr: 0.001000
2025-03-30 21:25:43,512 [Epoch: 059 Step: 00206400] Batch Translation Loss:  29.034346 => Lr: 0.001000
2025-03-30 21:33:48,346 [Epoch: 059 Step: 00206500] Batch Translation Loss:   6.483422 => Lr: 0.001000
2025-03-30 21:54:26,559 Saved 518 text references to ./sign_sample_back_to_word\txt_references_206500.txt and 518 text hypotheses to ./sign_sample_back_to_word\txt_hypotheses_206500.txt
2025-03-30 21:54:26,561 Hooray! New best validation result [eval_metric]!
2025-03-30 21:54:26,562 Saving new checkpoint.
2025-03-30 22:02:42,785 [Epoch: 059 Step: 00206600] Batch Translation Loss:  48.191017 => Lr: 0.001000
2025-03-30 22:12:05,287 [Epoch: 059 Step: 00206700] Batch Translation Loss:  28.723639 => Lr: 0.001000
2025-03-30 22:20:34,820 [Epoch: 059 Step: 00206800] Batch Translation Loss:  28.217995 => Lr: 0.001000
2025-03-30 22:28:53,290 [Epoch: 059 Step: 00206900] Batch Translation Loss:  26.763405 => Lr: 0.001000
2025-03-30 22:37:27,352 [Epoch: 059 Step: 00207000] Batch Translation Loss:  38.542141 => Lr: 0.001000
2025-03-30 22:45:56,365 [Epoch: 059 Step: 00207100] Batch Translation Loss:  27.556271 => Lr: 0.001000
2025-03-30 22:53:40,360 [Epoch: 059 Step: 00207200] Batch Translation Loss:  29.373325 => Lr: 0.001000
2025-03-30 23:02:03,117 [Epoch: 059 Step: 00207300] Batch Translation Loss:  26.097204 => Lr: 0.001000
2025-03-30 23:12:00,161 [Epoch: 059 Step: 00207400] Batch Translation Loss:   8.367381 => Lr: 0.001000
2025-03-30 23:21:33,180 [Epoch: 059 Step: 00207500] Batch Translation Loss:  36.617283 => Lr: 0.001000
2025-03-30 23:26:15,784 [Epoch: 059 Step: 00207600] Batch Translation Loss:  45.735706 => Lr: 0.001000
2025-03-30 23:31:28,446 [Epoch: 059 Step: 00207700] Batch Translation Loss:  54.505508 => Lr: 0.001000
2025-03-30 23:36:24,195 [Epoch: 059 Step: 00207800] Batch Translation Loss:  18.476734 => Lr: 0.001000
2025-03-30 23:41:07,706 [Epoch: 059 Step: 00207900] Batch Translation Loss:  51.841068 => Lr: 0.001000
2025-03-30 23:46:04,976 [Epoch: 059 Step: 00208000] Batch Translation Loss:  21.583504 => Lr: 0.001000
2025-03-30 23:50:44,854 [Epoch: 059 Step: 00208100] Batch Translation Loss:  44.680588 => Lr: 0.001000
2025-03-30 23:55:37,424 [Epoch: 059 Step: 00208200] Batch Translation Loss:  40.308815 => Lr: 0.001000
2025-03-31 00:00:37,229 [Epoch: 059 Step: 00208300] Batch Translation Loss:  21.371695 => Lr: 0.001000
2025-03-31 00:05:20,579 [Epoch: 059 Step: 00208400] Batch Translation Loss:  30.574274 => Lr: 0.001000
2025-03-31 00:10:02,095 [Epoch: 059 Step: 00208500] Batch Translation Loss:  26.892927 => Lr: 0.001000
2025-03-31 00:15:07,226 [Epoch: 059 Step: 00208600] Batch Translation Loss:  43.205929 => Lr: 0.001000
2025-03-31 00:19:55,450 [Epoch: 059 Step: 00208700] Batch Translation Loss:  25.125460 => Lr: 0.001000
2025-03-31 00:24:55,740 [Epoch: 059 Step: 00208800] Batch Translation Loss:  19.131502 => Lr: 0.001000
2025-03-31 00:29:56,345 [Epoch: 059 Step: 00208900] Batch Translation Loss:  50.454437 => Lr: 0.001000
2025-03-31 00:34:49,296 [Epoch: 059 Step: 00209000] Batch Translation Loss:  52.454536 => Lr: 0.001000
2025-03-31 00:39:20,638 [Epoch: 059 Step: 00209100] Batch Translation Loss:  64.446465 => Lr: 0.001000
2025-03-31 00:42:27,208 [Epoch: 059 Step: 00209200] Batch Translation Loss:  17.355841 => Lr: 0.001000
2025-03-31 00:47:00,325 [Epoch: 059 Step: 00209300] Batch Translation Loss:  30.985086 => Lr: 0.001000
2025-03-31 00:48:08,788 Epoch  59: Total Training Translation Loss 116870.61 
2025-03-31 00:48:08,791 EPOCH 60
2025-03-31 00:49:53,776 [Epoch: 060 Step: 00209400] Batch Translation Loss:  16.820538 => Lr: 0.001000
2025-03-31 00:52:39,409 [Epoch: 060 Step: 00209500] Batch Translation Loss:  57.271877 => Lr: 0.001000
2025-03-31 00:55:27,930 [Epoch: 060 Step: 00209600] Batch Translation Loss:  19.122900 => Lr: 0.001000
2025-03-31 00:58:10,830 [Epoch: 060 Step: 00209700] Batch Translation Loss:   9.179981 => Lr: 0.001000
2025-03-31 01:00:26,534 [Epoch: 060 Step: 00209800] Batch Translation Loss:  32.856953 => Lr: 0.001000
2025-03-31 01:02:50,765 [Epoch: 060 Step: 00209900] Batch Translation Loss:  29.361525 => Lr: 0.001000
2025-03-31 01:05:31,305 [Epoch: 060 Step: 00210000] Batch Translation Loss:  22.437223 => Lr: 0.001000
2025-03-31 01:12:28,763 Saved 518 text references to ./sign_sample_back_to_word\txt_references_210000.txt and 518 text hypotheses to ./sign_sample_back_to_word\txt_hypotheses_210000.txt
2025-03-31 01:15:12,224 [Epoch: 060 Step: 00210100] Batch Translation Loss:  18.470449 => Lr: 0.001000
2025-03-31 01:17:56,131 [Epoch: 060 Step: 00210200] Batch Translation Loss:  17.978525 => Lr: 0.001000
2025-03-31 01:20:36,764 [Epoch: 060 Step: 00210300] Batch Translation Loss:  41.065044 => Lr: 0.001000
2025-03-31 01:23:22,451 [Epoch: 060 Step: 00210400] Batch Translation Loss:  67.429604 => Lr: 0.001000
2025-03-31 01:26:07,141 [Epoch: 060 Step: 00210500] Batch Translation Loss:  12.689277 => Lr: 0.001000
2025-03-31 01:28:54,253 [Epoch: 060 Step: 00210600] Batch Translation Loss:  31.728045 => Lr: 0.001000
2025-03-31 01:31:44,067 [Epoch: 060 Step: 00210700] Batch Translation Loss:  13.748150 => Lr: 0.001000
2025-03-31 01:34:28,744 [Epoch: 060 Step: 00210800] Batch Translation Loss:  29.601744 => Lr: 0.001000
2025-03-31 01:37:27,882 [Epoch: 060 Step: 00210900] Batch Translation Loss:  53.007587 => Lr: 0.001000
2025-03-31 01:40:32,706 [Epoch: 060 Step: 00211000] Batch Translation Loss:  59.303032 => Lr: 0.001000
2025-03-31 01:43:37,496 [Epoch: 060 Step: 00211100] Batch Translation Loss:  34.228336 => Lr: 0.001000
2025-03-31 01:46:49,156 [Epoch: 060 Step: 00211200] Batch Translation Loss:  42.906757 => Lr: 0.001000
2025-03-31 01:49:55,714 [Epoch: 060 Step: 00211300] Batch Translation Loss:  34.077175 => Lr: 0.001000
2025-03-31 01:53:00,204 [Epoch: 060 Step: 00211400] Batch Translation Loss:  28.630665 => Lr: 0.001000
2025-03-31 01:56:17,146 [Epoch: 060 Step: 00211500] Batch Translation Loss:  33.904842 => Lr: 0.001000
2025-03-31 01:59:19,730 [Epoch: 060 Step: 00211600] Batch Translation Loss:  12.315940 => Lr: 0.001000
2025-03-31 02:02:23,484 [Epoch: 060 Step: 00211700] Batch Translation Loss:  32.811832 => Lr: 0.001000
2025-03-31 02:05:40,608 [Epoch: 060 Step: 00211800] Batch Translation Loss:  20.282091 => Lr: 0.001000
2025-03-31 02:08:38,130 [Epoch: 060 Step: 00211900] Batch Translation Loss:  29.332863 => Lr: 0.001000
2025-03-31 02:11:47,795 [Epoch: 060 Step: 00212000] Batch Translation Loss:  27.971840 => Lr: 0.001000
2025-03-31 02:14:59,969 [Epoch: 060 Step: 00212100] Batch Translation Loss:  35.439449 => Lr: 0.001000
2025-03-31 02:18:06,495 [Epoch: 060 Step: 00212200] Batch Translation Loss:  14.640567 => Lr: 0.001000
2025-03-31 02:21:39,422 [Epoch: 060 Step: 00212300] Batch Translation Loss:  46.903934 => Lr: 0.001000
2025-03-31 02:24:57,184 [Epoch: 060 Step: 00212400] Batch Translation Loss:  19.646152 => Lr: 0.001000
2025-03-31 02:27:58,945 [Epoch: 060 Step: 00212500] Batch Translation Loss:  34.777283 => Lr: 0.001000
2025-03-31 02:31:07,125 [Epoch: 060 Step: 00212600] Batch Translation Loss:  28.690878 => Lr: 0.001000
2025-03-31 02:34:15,424 [Epoch: 060 Step: 00212700] Batch Translation Loss:  11.297848 => Lr: 0.001000
2025-03-31 02:37:25,149 [Epoch: 060 Step: 00212800] Batch Translation Loss:  32.363770 => Lr: 0.001000
2025-03-31 02:39:52,668 Epoch  60: Total Training Translation Loss 116217.71 
2025-03-31 02:39:52,670 EPOCH 61
2025-03-31 02:40:23,268 [Epoch: 061 Step: 00212900] Batch Translation Loss:  35.242249 => Lr: 0.001000
2025-03-31 02:42:52,367 [Epoch: 061 Step: 00213000] Batch Translation Loss:  46.713028 => Lr: 0.001000
2025-03-31 02:45:08,944 [Epoch: 061 Step: 00213100] Batch Translation Loss:  20.637911 => Lr: 0.001000
2025-03-31 02:47:28,480 [Epoch: 061 Step: 00213200] Batch Translation Loss:  26.193218 => Lr: 0.001000
2025-03-31 02:50:07,583 [Epoch: 061 Step: 00213300] Batch Translation Loss:  62.635986 => Lr: 0.001000
2025-03-31 02:52:32,926 [Epoch: 061 Step: 00213400] Batch Translation Loss:  10.819201 => Lr: 0.001000
2025-03-31 02:54:57,466 [Epoch: 061 Step: 00213500] Batch Translation Loss:  21.024643 => Lr: 0.001000
2025-03-31 03:01:54,007 Saved 518 text references to ./sign_sample_back_to_word\txt_references_213500.txt and 518 text hypotheses to ./sign_sample_back_to_word\txt_hypotheses_213500.txt
2025-03-31 03:04:26,384 [Epoch: 061 Step: 00213600] Batch Translation Loss:  24.533413 => Lr: 0.001000
2025-03-31 03:07:14,556 [Epoch: 061 Step: 00213700] Batch Translation Loss:  29.473986 => Lr: 0.001000
2025-03-31 03:09:56,741 [Epoch: 061 Step: 00213800] Batch Translation Loss:  25.112843 => Lr: 0.001000
2025-03-31 03:12:44,551 [Epoch: 061 Step: 00213900] Batch Translation Loss:  37.417999 => Lr: 0.001000
2025-03-31 03:15:36,285 [Epoch: 061 Step: 00214000] Batch Translation Loss:  23.456179 => Lr: 0.001000
2025-03-31 03:18:19,900 [Epoch: 061 Step: 00214100] Batch Translation Loss:  18.721922 => Lr: 0.001000
2025-03-31 03:21:22,964 [Epoch: 061 Step: 00214200] Batch Translation Loss:  63.798569 => Lr: 0.001000
2025-03-31 03:24:09,746 [Epoch: 061 Step: 00214300] Batch Translation Loss:  26.750370 => Lr: 0.001000
2025-03-31 03:26:57,636 [Epoch: 061 Step: 00214400] Batch Translation Loss:  43.214386 => Lr: 0.001000
2025-03-31 03:30:00,591 [Epoch: 061 Step: 00214500] Batch Translation Loss:  37.754765 => Lr: 0.001000
2025-03-31 03:33:00,098 [Epoch: 061 Step: 00214600] Batch Translation Loss:  40.554783 => Lr: 0.001000
2025-03-31 03:36:16,213 [Epoch: 061 Step: 00214700] Batch Translation Loss:  13.914589 => Lr: 0.001000
2025-03-31 03:39:19,066 [Epoch: 061 Step: 00214800] Batch Translation Loss:  14.304689 => Lr: 0.001000
2025-03-31 03:42:25,070 [Epoch: 061 Step: 00214900] Batch Translation Loss:  68.677666 => Lr: 0.001000
2025-03-31 03:45:44,324 [Epoch: 061 Step: 00215000] Batch Translation Loss:  35.789082 => Lr: 0.001000
2025-03-31 03:48:56,623 [Epoch: 061 Step: 00215100] Batch Translation Loss:  27.903822 => Lr: 0.001000
2025-03-31 03:52:06,978 [Epoch: 061 Step: 00215200] Batch Translation Loss:  34.617393 => Lr: 0.001000
2025-03-31 03:55:17,091 [Epoch: 061 Step: 00215300] Batch Translation Loss:   9.060654 => Lr: 0.001000
2025-03-31 03:58:30,770 [Epoch: 061 Step: 00215400] Batch Translation Loss:  45.206120 => Lr: 0.001000
2025-03-31 04:01:50,742 [Epoch: 061 Step: 00215500] Batch Translation Loss:  21.341143 => Lr: 0.001000
2025-03-31 04:05:06,253 [Epoch: 061 Step: 00215600] Batch Translation Loss:  27.006899 => Lr: 0.001000
2025-03-31 04:08:09,426 [Epoch: 061 Step: 00215700] Batch Translation Loss:  18.369518 => Lr: 0.001000
2025-03-31 04:11:26,484 [Epoch: 061 Step: 00215800] Batch Translation Loss:  47.308620 => Lr: 0.001000
2025-03-31 04:14:32,428 [Epoch: 061 Step: 00215900] Batch Translation Loss:  23.840769 => Lr: 0.001000
2025-03-31 04:17:38,604 [Epoch: 061 Step: 00216000] Batch Translation Loss:  37.607700 => Lr: 0.001000
2025-03-31 04:20:47,418 [Epoch: 061 Step: 00216100] Batch Translation Loss:  18.496897 => Lr: 0.001000
2025-03-31 04:23:55,701 [Epoch: 061 Step: 00216200] Batch Translation Loss:  22.783337 => Lr: 0.001000
2025-03-31 04:27:12,339 [Epoch: 061 Step: 00216300] Batch Translation Loss:  36.938690 => Lr: 0.001000
2025-03-31 04:30:27,401 [Epoch: 061 Step: 00216400] Batch Translation Loss:  11.481701 => Lr: 0.001000
2025-03-31 04:31:18,222 Epoch  61: Total Training Translation Loss 115414.93 
2025-03-31 04:31:18,224 EPOCH 62
2025-03-31 04:33:32,169 [Epoch: 062 Step: 00216500] Batch Translation Loss:  35.840019 => Lr: 0.001000
2025-03-31 04:36:33,289 [Epoch: 062 Step: 00216600] Batch Translation Loss:  18.002968 => Lr: 0.001000
2025-03-31 04:39:31,380 [Epoch: 062 Step: 00216700] Batch Translation Loss:  23.618675 => Lr: 0.001000
2025-03-31 04:42:31,742 [Epoch: 062 Step: 00216800] Batch Translation Loss:  52.545158 => Lr: 0.001000
2025-03-31 04:45:38,141 [Epoch: 062 Step: 00216900] Batch Translation Loss:  39.030811 => Lr: 0.001000
2025-03-31 04:48:46,545 [Epoch: 062 Step: 00217000] Batch Translation Loss:  45.360203 => Lr: 0.001000
2025-03-31 04:55:38,190 Saved 518 text references to ./sign_sample_back_to_word\txt_references_217000.txt and 518 text hypotheses to ./sign_sample_back_to_word\txt_hypotheses_217000.txt
2025-03-31 04:55:38,192 Hooray! New best validation result [eval_metric]!
2025-03-31 04:55:38,192 Saving new checkpoint.
2025-03-31 04:58:38,888 [Epoch: 062 Step: 00217100] Batch Translation Loss:  25.848814 => Lr: 0.001000
2025-03-31 05:01:47,634 [Epoch: 062 Step: 00217200] Batch Translation Loss:  47.639633 => Lr: 0.001000
2025-03-31 05:04:52,072 [Epoch: 062 Step: 00217300] Batch Translation Loss:  22.706339 => Lr: 0.001000
2025-03-31 05:07:54,700 [Epoch: 062 Step: 00217400] Batch Translation Loss:  27.310053 => Lr: 0.001000
2025-03-31 05:11:03,718 [Epoch: 062 Step: 00217500] Batch Translation Loss:  31.410383 => Lr: 0.001000
2025-03-31 05:14:17,094 [Epoch: 062 Step: 00217600] Batch Translation Loss:  50.144573 => Lr: 0.001000
2025-03-31 05:17:25,993 [Epoch: 062 Step: 00217700] Batch Translation Loss:  22.119463 => Lr: 0.001000
2025-03-31 05:20:25,655 [Epoch: 062 Step: 00217800] Batch Translation Loss:  24.249437 => Lr: 0.001000
2025-03-31 05:23:53,429 [Epoch: 062 Step: 00217900] Batch Translation Loss:  16.907860 => Lr: 0.001000
2025-03-31 05:26:56,070 [Epoch: 062 Step: 00218000] Batch Translation Loss:  59.989597 => Lr: 0.001000
2025-03-31 05:30:05,540 [Epoch: 062 Step: 00218100] Batch Translation Loss:  10.391884 => Lr: 0.001000
2025-03-31 05:33:13,123 [Epoch: 062 Step: 00218200] Batch Translation Loss:  22.029707 => Lr: 0.001000
2025-03-31 05:36:19,588 [Epoch: 062 Step: 00218300] Batch Translation Loss:  29.422949 => Lr: 0.001000
2025-03-31 05:39:26,079 [Epoch: 062 Step: 00218400] Batch Translation Loss:  17.944635 => Lr: 0.001000
2025-03-31 05:42:43,935 [Epoch: 062 Step: 00218500] Batch Translation Loss:  14.580520 => Lr: 0.001000
2025-03-31 05:45:47,194 [Epoch: 062 Step: 00218600] Batch Translation Loss:  24.330069 => Lr: 0.001000
2025-03-31 05:48:52,374 [Epoch: 062 Step: 00218700] Batch Translation Loss:  34.736282 => Lr: 0.001000
2025-03-31 05:52:11,176 [Epoch: 062 Step: 00218800] Batch Translation Loss:  27.046366 => Lr: 0.001000
2025-03-31 05:55:17,549 [Epoch: 062 Step: 00218900] Batch Translation Loss:  24.949448 => Lr: 0.001000
2025-03-31 05:58:35,922 [Epoch: 062 Step: 00219000] Batch Translation Loss:  68.261406 => Lr: 0.001000
2025-03-31 06:01:51,863 [Epoch: 062 Step: 00219100] Batch Translation Loss:  16.597200 => Lr: 0.001000
2025-03-31 06:04:59,368 [Epoch: 062 Step: 00219200] Batch Translation Loss:  47.824730 => Lr: 0.001000
2025-03-31 06:08:01,029 [Epoch: 062 Step: 00219300] Batch Translation Loss:  30.993486 => Lr: 0.001000
2025-03-31 06:11:07,961 [Epoch: 062 Step: 00219400] Batch Translation Loss:  33.470398 => Lr: 0.001000
2025-03-31 06:14:09,265 [Epoch: 062 Step: 00219500] Batch Translation Loss:  18.098425 => Lr: 0.001000
2025-03-31 06:17:21,718 [Epoch: 062 Step: 00219600] Batch Translation Loss:  38.203094 => Lr: 0.001000
2025-03-31 06:20:36,607 [Epoch: 062 Step: 00219700] Batch Translation Loss:  40.951721 => Lr: 0.001000
2025-03-31 06:23:44,106 [Epoch: 062 Step: 00219800] Batch Translation Loss:  52.583084 => Lr: 0.001000
2025-03-31 06:26:49,460 [Epoch: 062 Step: 00219900] Batch Translation Loss:  18.474613 => Lr: 0.001000
2025-03-31 06:29:15,167 Epoch  62: Total Training Translation Loss 114872.70 
2025-03-31 06:29:15,169 EPOCH 63
2025-03-31 06:29:45,586 [Epoch: 063 Step: 00220000] Batch Translation Loss:  16.341530 => Lr: 0.001000
2025-03-31 06:32:05,126 [Epoch: 063 Step: 00220100] Batch Translation Loss:  69.567566 => Lr: 0.001000
2025-03-31 06:34:23,961 [Epoch: 063 Step: 00220200] Batch Translation Loss:  79.450783 => Lr: 0.001000
2025-03-31 06:36:53,142 [Epoch: 063 Step: 00220300] Batch Translation Loss:  60.434952 => Lr: 0.001000
2025-03-31 06:39:10,142 [Epoch: 063 Step: 00220400] Batch Translation Loss:  53.679630 => Lr: 0.001000
2025-03-31 06:41:31,972 [Epoch: 063 Step: 00220500] Batch Translation Loss:  26.968052 => Lr: 0.001000
2025-03-31 06:48:43,800 Saved 518 text references to ./sign_sample_back_to_word\txt_references_220500.txt and 518 text hypotheses to ./sign_sample_back_to_word\txt_hypotheses_220500.txt
2025-03-31 06:51:13,576 [Epoch: 063 Step: 00220600] Batch Translation Loss:  15.522865 => Lr: 0.001000
2025-03-31 06:53:55,957 [Epoch: 063 Step: 00220700] Batch Translation Loss:  77.420456 => Lr: 0.001000
2025-03-31 06:56:39,313 [Epoch: 063 Step: 00220800] Batch Translation Loss:  25.576286 => Lr: 0.001000
2025-03-31 06:59:21,867 [Epoch: 063 Step: 00220900] Batch Translation Loss:  34.809200 => Lr: 0.001000
2025-03-31 07:02:03,744 [Epoch: 063 Step: 00221000] Batch Translation Loss:  41.289032 => Lr: 0.001000
2025-03-31 07:04:46,984 [Epoch: 063 Step: 00221100] Batch Translation Loss:  44.592724 => Lr: 0.001000
2025-03-31 07:07:29,194 [Epoch: 063 Step: 00221200] Batch Translation Loss:  17.244257 => Lr: 0.001000
2025-03-31 07:10:13,813 [Epoch: 063 Step: 00221300] Batch Translation Loss:  20.056379 => Lr: 0.001000
2025-03-31 07:13:03,401 [Epoch: 063 Step: 00221400] Batch Translation Loss:  25.335699 => Lr: 0.001000
2025-03-31 07:16:04,053 [Epoch: 063 Step: 00221500] Batch Translation Loss:  53.805481 => Lr: 0.001000
2025-03-31 07:19:14,181 [Epoch: 063 Step: 00221600] Batch Translation Loss:  32.839050 => Lr: 0.001000
2025-03-31 07:22:19,744 [Epoch: 063 Step: 00221700] Batch Translation Loss:  27.102823 => Lr: 0.001000
2025-03-31 07:25:35,979 [Epoch: 063 Step: 00221800] Batch Translation Loss:  20.214979 => Lr: 0.001000
2025-03-31 07:28:52,167 [Epoch: 063 Step: 00221900] Batch Translation Loss:  48.487072 => Lr: 0.001000
2025-03-31 07:32:15,170 [Epoch: 063 Step: 00222000] Batch Translation Loss:  20.990107 => Lr: 0.001000
2025-03-31 07:35:28,657 [Epoch: 063 Step: 00222100] Batch Translation Loss:  82.551239 => Lr: 0.001000
2025-03-31 07:38:42,209 [Epoch: 063 Step: 00222200] Batch Translation Loss:  16.979797 => Lr: 0.001000
2025-03-31 07:41:54,268 [Epoch: 063 Step: 00222300] Batch Translation Loss:  27.980904 => Lr: 0.001000
2025-03-31 07:45:08,158 [Epoch: 063 Step: 00222400] Batch Translation Loss:  29.487774 => Lr: 0.001000
2025-03-31 07:48:11,736 [Epoch: 063 Step: 00222500] Batch Translation Loss:  36.052856 => Lr: 0.001000
2025-03-31 07:51:22,248 [Epoch: 063 Step: 00222600] Batch Translation Loss:  17.254438 => Lr: 0.001000
2025-03-31 07:54:33,031 [Epoch: 063 Step: 00222700] Batch Translation Loss:  34.046947 => Lr: 0.001000
2025-03-31 07:57:42,637 [Epoch: 063 Step: 00222800] Batch Translation Loss:  49.193420 => Lr: 0.001000
2025-03-31 08:00:57,446 [Epoch: 063 Step: 00222900] Batch Translation Loss:  58.019844 => Lr: 0.001000
2025-03-31 08:04:14,948 [Epoch: 063 Step: 00223000] Batch Translation Loss:  20.997965 => Lr: 0.001000
2025-03-31 08:07:24,071 [Epoch: 063 Step: 00223100] Batch Translation Loss:  35.658783 => Lr: 0.001000
2025-03-31 08:10:38,629 [Epoch: 063 Step: 00223200] Batch Translation Loss:  50.155098 => Lr: 0.001000
2025-03-31 08:13:48,880 [Epoch: 063 Step: 00223300] Batch Translation Loss:  18.468397 => Lr: 0.001000
2025-03-31 08:16:54,288 [Epoch: 063 Step: 00223400] Batch Translation Loss:  58.365597 => Lr: 0.001000
2025-03-31 08:20:05,041 [Epoch: 063 Step: 00223500] Batch Translation Loss:  19.679880 => Lr: 0.001000
2025-03-31 08:20:49,161 Epoch  63: Total Training Translation Loss 114197.35 
2025-03-31 08:20:49,163 EPOCH 64
2025-03-31 08:22:29,455 [Epoch: 064 Step: 00223600] Batch Translation Loss:  19.706902 => Lr: 0.001000
2025-03-31 08:24:49,234 [Epoch: 064 Step: 00223700] Batch Translation Loss:  45.765060 => Lr: 0.001000
2025-03-31 08:27:18,871 [Epoch: 064 Step: 00223800] Batch Translation Loss:  76.619942 => Lr: 0.001000
2025-03-31 08:29:50,647 [Epoch: 064 Step: 00223900] Batch Translation Loss:  65.679413 => Lr: 0.001000
2025-03-31 08:32:14,444 [Epoch: 064 Step: 00224000] Batch Translation Loss:  53.767975 => Lr: 0.001000
2025-03-31 08:39:24,611 Saved 518 text references to ./sign_sample_back_to_word\txt_references_224000.txt and 518 text hypotheses to ./sign_sample_back_to_word\txt_hypotheses_224000.txt
2025-03-31 08:41:49,586 [Epoch: 064 Step: 00224100] Batch Translation Loss:  21.634235 => Lr: 0.001000
2025-03-31 08:44:26,001 [Epoch: 064 Step: 00224200] Batch Translation Loss:  15.157137 => Lr: 0.001000
2025-03-31 08:47:05,343 [Epoch: 064 Step: 00224300] Batch Translation Loss:  36.449825 => Lr: 0.001000
2025-03-31 08:49:40,972 [Epoch: 064 Step: 00224400] Batch Translation Loss:  16.353682 => Lr: 0.001000
2025-03-31 08:52:29,623 [Epoch: 064 Step: 00224500] Batch Translation Loss:  21.485258 => Lr: 0.001000
2025-03-31 08:55:12,685 [Epoch: 064 Step: 00224600] Batch Translation Loss:  41.602268 => Lr: 0.001000
2025-03-31 08:58:05,860 [Epoch: 064 Step: 00224700] Batch Translation Loss:  30.787117 => Lr: 0.001000
2025-03-31 09:00:54,768 [Epoch: 064 Step: 00224800] Batch Translation Loss:  24.308065 => Lr: 0.001000
2025-03-31 09:03:33,792 [Epoch: 064 Step: 00224900] Batch Translation Loss:  64.623734 => Lr: 0.001000
2025-03-31 09:06:19,285 [Epoch: 064 Step: 00225000] Batch Translation Loss:  40.250263 => Lr: 0.001000
2025-03-31 09:09:14,542 [Epoch: 064 Step: 00225100] Batch Translation Loss:  16.657352 => Lr: 0.001000
2025-03-31 09:12:08,004 [Epoch: 064 Step: 00225200] Batch Translation Loss:  37.310261 => Lr: 0.001000
2025-03-31 09:14:58,997 [Epoch: 064 Step: 00225300] Batch Translation Loss:  21.329641 => Lr: 0.001000
2025-03-31 09:18:01,647 [Epoch: 064 Step: 00225400] Batch Translation Loss:  68.846024 => Lr: 0.001000
2025-03-31 09:21:13,861 [Epoch: 064 Step: 00225500] Batch Translation Loss:  18.594759 => Lr: 0.001000
2025-03-31 09:24:20,944 [Epoch: 064 Step: 00225600] Batch Translation Loss:  18.407404 => Lr: 0.001000
2025-03-31 09:27:26,305 [Epoch: 064 Step: 00225700] Batch Translation Loss:  44.199966 => Lr: 0.001000
2025-03-31 09:30:34,138 [Epoch: 064 Step: 00225800] Batch Translation Loss:  22.019255 => Lr: 0.001000
2025-03-31 09:33:39,737 [Epoch: 064 Step: 00225900] Batch Translation Loss:  34.695118 => Lr: 0.001000
2025-03-31 09:36:58,074 [Epoch: 064 Step: 00226000] Batch Translation Loss:  40.084827 => Lr: 0.001000
2025-03-31 09:39:58,260 [Epoch: 064 Step: 00226100] Batch Translation Loss:  34.164394 => Lr: 0.001000
2025-03-31 09:43:03,186 [Epoch: 064 Step: 00226200] Batch Translation Loss:  22.796246 => Lr: 0.001000
2025-03-31 09:46:06,570 [Epoch: 064 Step: 00226300] Batch Translation Loss:  23.058317 => Lr: 0.001000
2025-03-31 09:49:09,624 [Epoch: 064 Step: 00226400] Batch Translation Loss:  22.100910 => Lr: 0.001000
2025-03-31 09:52:17,276 [Epoch: 064 Step: 00226500] Batch Translation Loss:  30.203068 => Lr: 0.001000
2025-03-31 09:55:28,438 [Epoch: 064 Step: 00226600] Batch Translation Loss:  36.786240 => Lr: 0.001000
2025-03-31 09:58:37,137 [Epoch: 064 Step: 00226700] Batch Translation Loss:  36.142269 => Lr: 0.001000
2025-03-31 10:01:45,747 [Epoch: 064 Step: 00226800] Batch Translation Loss:  48.565746 => Lr: 0.001000
2025-03-31 10:04:57,243 [Epoch: 064 Step: 00226900] Batch Translation Loss:  16.541853 => Lr: 0.001000
2025-03-31 10:08:43,362 [Epoch: 064 Step: 00227000] Batch Translation Loss:  38.961857 => Lr: 0.001000
2025-03-31 10:11:17,201 Epoch  64: Total Training Translation Loss 113582.03 
2025-03-31 10:11:17,203 EPOCH 65
2025-03-31 10:12:16,910 [Epoch: 065 Step: 00227100] Batch Translation Loss:  53.064117 => Lr: 0.001000
2025-03-31 10:14:20,430 [Epoch: 065 Step: 00227200] Batch Translation Loss:  38.741436 => Lr: 0.001000
2025-03-31 10:16:48,104 [Epoch: 065 Step: 00227300] Batch Translation Loss:  17.112329 => Lr: 0.001000
2025-03-31 10:26:41,221 [Epoch: 065 Step: 00227400] Batch Translation Loss:  19.720438 => Lr: 0.001000
2025-03-31 10:41:44,574 [Epoch: 065 Step: 00227500] Batch Translation Loss:  12.154839 => Lr: 0.001000
2025-03-31 11:05:13,870 Saved 518 text references to ./sign_sample_back_to_word\txt_references_227500.txt and 518 text hypotheses to ./sign_sample_back_to_word\txt_hypotheses_227500.txt
2025-03-31 11:21:03,403 [Epoch: 065 Step: 00227600] Batch Translation Loss:  28.675323 => Lr: 0.001000
2025-03-31 11:35:59,430 [Epoch: 065 Step: 00227700] Batch Translation Loss:  33.084846 => Lr: 0.001000
2025-03-31 11:39:00,469 [Epoch: 065 Step: 00227800] Batch Translation Loss:  18.556902 => Lr: 0.001000
2025-03-31 11:41:54,115 [Epoch: 065 Step: 00227900] Batch Translation Loss:  54.034794 => Lr: 0.001000
2025-03-31 11:44:51,234 [Epoch: 065 Step: 00228000] Batch Translation Loss:  57.016598 => Lr: 0.001000
2025-03-31 11:47:50,583 [Epoch: 065 Step: 00228100] Batch Translation Loss:  76.260391 => Lr: 0.001000
2025-03-31 11:51:10,056 [Epoch: 065 Step: 00228200] Batch Translation Loss:  15.418880 => Lr: 0.001000
2025-03-31 11:54:23,437 [Epoch: 065 Step: 00228300] Batch Translation Loss:  29.115004 => Lr: 0.001000
2025-03-31 11:57:40,169 [Epoch: 065 Step: 00228400] Batch Translation Loss:  51.406998 => Lr: 0.001000
2025-03-31 12:00:58,739 [Epoch: 065 Step: 00228500] Batch Translation Loss:  37.218891 => Lr: 0.001000
2025-03-31 12:04:57,971 [Epoch: 065 Step: 00228600] Batch Translation Loss:  41.375591 => Lr: 0.001000
2025-03-31 12:23:37,207 [Epoch: 065 Step: 00228700] Batch Translation Loss:  20.458225 => Lr: 0.001000
2025-03-31 12:28:49,453 [Epoch: 065 Step: 00228800] Batch Translation Loss:  26.534088 => Lr: 0.001000
2025-03-31 12:32:05,991 [Epoch: 065 Step: 00228900] Batch Translation Loss:  20.918381 => Lr: 0.001000
2025-03-31 12:35:30,088 [Epoch: 065 Step: 00229000] Batch Translation Loss:  39.236832 => Lr: 0.001000
2025-03-31 12:38:57,984 [Epoch: 065 Step: 00229100] Batch Translation Loss:  85.737495 => Lr: 0.001000
2025-03-31 12:42:21,164 [Epoch: 065 Step: 00229200] Batch Translation Loss:  25.378975 => Lr: 0.001000
2025-03-31 12:45:35,552 [Epoch: 065 Step: 00229300] Batch Translation Loss:   6.138806 => Lr: 0.001000
2025-03-31 12:49:03,415 [Epoch: 065 Step: 00229400] Batch Translation Loss:  46.441467 => Lr: 0.001000
2025-03-31 12:52:19,331 [Epoch: 065 Step: 00229500] Batch Translation Loss:  34.095619 => Lr: 0.001000
2025-03-31 12:55:40,081 [Epoch: 065 Step: 00229600] Batch Translation Loss:  14.170836 => Lr: 0.001000
2025-03-31 12:59:08,009 [Epoch: 065 Step: 00229700] Batch Translation Loss:  44.373047 => Lr: 0.001000
2025-03-31 13:02:19,391 [Epoch: 065 Step: 00229800] Batch Translation Loss:  13.612946 => Lr: 0.001000
2025-03-31 13:05:38,108 [Epoch: 065 Step: 00229900] Batch Translation Loss:  30.175116 => Lr: 0.001000
2025-03-31 13:08:52,571 [Epoch: 065 Step: 00230000] Batch Translation Loss:  19.024946 => Lr: 0.001000
2025-03-31 13:12:18,385 [Epoch: 065 Step: 00230100] Batch Translation Loss:  28.332066 => Lr: 0.001000
2025-03-31 13:15:51,547 [Epoch: 065 Step: 00230200] Batch Translation Loss:  34.787224 => Lr: 0.001000
2025-03-31 13:31:05,400 [Epoch: 065 Step: 00230300] Batch Translation Loss:  27.781805 => Lr: 0.001000
2025-03-31 13:34:49,808 [Epoch: 065 Step: 00230400] Batch Translation Loss:  36.965443 => Lr: 0.001000
2025-03-31 13:38:13,141 [Epoch: 065 Step: 00230500] Batch Translation Loss:  39.226357 => Lr: 0.001000
2025-03-31 13:41:27,784 [Epoch: 065 Step: 00230600] Batch Translation Loss:  12.752892 => Lr: 0.001000
2025-03-31 13:42:06,690 Epoch  65: Total Training Translation Loss 112870.52 
2025-03-31 13:42:06,693 EPOCH 66
2025-03-31 13:44:04,730 [Epoch: 066 Step: 00230700] Batch Translation Loss:  45.058014 => Lr: 0.001000
2025-03-31 13:46:37,566 [Epoch: 066 Step: 00230800] Batch Translation Loss:  46.965652 => Lr: 0.001000
2025-03-31 13:49:15,792 [Epoch: 066 Step: 00230900] Batch Translation Loss:  25.206772 => Lr: 0.001000
2025-03-31 13:52:02,620 [Epoch: 066 Step: 00231000] Batch Translation Loss:  42.298176 => Lr: 0.001000
2025-03-31 13:59:47,389 Saved 518 text references to ./sign_sample_back_to_word\txt_references_231000.txt and 518 text hypotheses to ./sign_sample_back_to_word\txt_hypotheses_231000.txt
2025-03-31 14:02:33,286 [Epoch: 066 Step: 00231100] Batch Translation Loss:   8.987258 => Lr: 0.001000
2025-03-31 14:05:21,669 [Epoch: 066 Step: 00231200] Batch Translation Loss:  28.603882 => Lr: 0.001000
2025-03-31 14:08:10,772 [Epoch: 066 Step: 00231300] Batch Translation Loss:  27.170822 => Lr: 0.001000
2025-03-31 14:11:12,922 [Epoch: 066 Step: 00231400] Batch Translation Loss:  36.602749 => Lr: 0.001000
2025-03-31 14:14:15,676 [Epoch: 066 Step: 00231500] Batch Translation Loss:  57.207558 => Lr: 0.001000
2025-03-31 14:17:09,540 [Epoch: 066 Step: 00231600] Batch Translation Loss:  13.534191 => Lr: 0.001000
2025-03-31 14:20:05,316 [Epoch: 066 Step: 00231700] Batch Translation Loss:  36.854645 => Lr: 0.001000
2025-03-31 14:22:57,093 [Epoch: 066 Step: 00231800] Batch Translation Loss:  30.947809 => Lr: 0.001000
2025-03-31 14:26:17,742 [Epoch: 066 Step: 00231900] Batch Translation Loss:  18.434999 => Lr: 0.001000
2025-03-31 14:29:33,879 [Epoch: 066 Step: 00232000] Batch Translation Loss:  36.473816 => Lr: 0.001000
2025-03-31 14:32:52,619 [Epoch: 066 Step: 00232100] Batch Translation Loss:  29.212488 => Lr: 0.001000
2025-03-31 14:36:14,677 [Epoch: 066 Step: 00232200] Batch Translation Loss:  20.150396 => Lr: 0.001000
2025-03-31 14:39:36,306 [Epoch: 066 Step: 00232300] Batch Translation Loss:  38.573940 => Lr: 0.001000
2025-03-31 14:43:04,318 [Epoch: 066 Step: 00232400] Batch Translation Loss:  52.625412 => Lr: 0.001000
2025-03-31 14:46:21,813 [Epoch: 066 Step: 00232500] Batch Translation Loss:  38.033138 => Lr: 0.001000
2025-03-31 14:50:00,053 [Epoch: 066 Step: 00232600] Batch Translation Loss:  20.442657 => Lr: 0.001000
2025-03-31 14:53:27,066 [Epoch: 066 Step: 00232700] Batch Translation Loss:  55.544666 => Lr: 0.001000
2025-03-31 14:56:51,318 [Epoch: 066 Step: 00232800] Batch Translation Loss:  27.946075 => Lr: 0.001000
2025-03-31 15:00:14,048 [Epoch: 066 Step: 00232900] Batch Translation Loss:  27.248165 => Lr: 0.001000
2025-03-31 15:03:47,640 [Epoch: 066 Step: 00233000] Batch Translation Loss:  17.856260 => Lr: 0.001000
2025-03-31 15:07:16,448 [Epoch: 066 Step: 00233100] Batch Translation Loss:  27.389128 => Lr: 0.001000
2025-03-31 15:10:50,160 [Epoch: 066 Step: 00233200] Batch Translation Loss:  37.335960 => Lr: 0.001000
2025-03-31 15:14:20,322 [Epoch: 066 Step: 00233300] Batch Translation Loss:  26.695934 => Lr: 0.001000
2025-03-31 15:17:37,329 [Epoch: 066 Step: 00233400] Batch Translation Loss:  23.861097 => Lr: 0.001000
2025-03-31 15:30:34,008 [Epoch: 066 Step: 00233500] Batch Translation Loss:  57.260704 => Lr: 0.001000
2025-03-31 15:34:41,933 [Epoch: 066 Step: 00233600] Batch Translation Loss:  31.630527 => Lr: 0.001000
2025-03-31 15:39:18,080 [Epoch: 066 Step: 00233700] Batch Translation Loss:  35.329082 => Lr: 0.001000
2025-03-31 15:43:48,844 [Epoch: 066 Step: 00233800] Batch Translation Loss:  26.715193 => Lr: 0.001000
2025-03-31 15:48:42,666 [Epoch: 066 Step: 00233900] Batch Translation Loss:  27.302603 => Lr: 0.001000
2025-03-31 15:53:43,146 [Epoch: 066 Step: 00234000] Batch Translation Loss:  29.250402 => Lr: 0.001000
2025-03-31 15:57:11,454 [Epoch: 066 Step: 00234100] Batch Translation Loss:  14.511689 => Lr: 0.001000
2025-03-31 15:59:33,615 Epoch  66: Total Training Translation Loss 112168.97 
2025-03-31 15:59:33,618 EPOCH 67
2025-03-31 16:00:25,895 [Epoch: 067 Step: 00234200] Batch Translation Loss:  18.998444 => Lr: 0.001000
2025-03-31 16:03:14,878 [Epoch: 067 Step: 00234300] Batch Translation Loss:  39.823025 => Lr: 0.001000
2025-03-31 16:05:57,452 [Epoch: 067 Step: 00234400] Batch Translation Loss:  24.423222 => Lr: 0.001000
2025-03-31 16:08:43,770 [Epoch: 067 Step: 00234500] Batch Translation Loss:  24.892792 => Lr: 0.001000
2025-03-31 16:16:11,760 Saved 518 text references to ./sign_sample_back_to_word\txt_references_234500.txt and 518 text hypotheses to ./sign_sample_back_to_word\txt_hypotheses_234500.txt
2025-03-31 16:16:11,761 Hooray! New best validation result [eval_metric]!
2025-03-31 16:16:11,762 Saving new checkpoint.
2025-03-31 16:18:53,829 [Epoch: 067 Step: 00234600] Batch Translation Loss:  43.159393 => Lr: 0.001000
2025-03-31 16:21:25,808 [Epoch: 067 Step: 00234700] Batch Translation Loss:  54.198009 => Lr: 0.001000
2025-03-31 16:25:03,683 [Epoch: 067 Step: 00234800] Batch Translation Loss:  25.190397 => Lr: 0.001000
2025-03-31 16:28:15,928 [Epoch: 067 Step: 00234900] Batch Translation Loss:  29.660978 => Lr: 0.001000
2025-03-31 16:31:37,102 [Epoch: 067 Step: 00235000] Batch Translation Loss:  53.287640 => Lr: 0.001000
2025-03-31 16:34:43,655 [Epoch: 067 Step: 00235100] Batch Translation Loss:  34.409283 => Lr: 0.001000
2025-03-31 16:37:40,347 [Epoch: 067 Step: 00235200] Batch Translation Loss:  25.020567 => Lr: 0.001000
2025-03-31 16:40:43,043 [Epoch: 067 Step: 00235300] Batch Translation Loss:  56.629070 => Lr: 0.001000
2025-03-31 16:43:42,592 [Epoch: 067 Step: 00235400] Batch Translation Loss:  38.182449 => Lr: 0.001000
2025-03-31 16:46:45,517 [Epoch: 067 Step: 00235500] Batch Translation Loss:  10.880854 => Lr: 0.001000
2025-03-31 16:49:53,309 [Epoch: 067 Step: 00235600] Batch Translation Loss:  21.987888 => Lr: 0.001000
2025-03-31 16:52:57,964 [Epoch: 067 Step: 00235700] Batch Translation Loss:  15.854037 => Lr: 0.001000
2025-03-31 16:56:04,388 [Epoch: 067 Step: 00235800] Batch Translation Loss:  40.335514 => Lr: 0.001000
2025-03-31 16:59:22,937 [Epoch: 067 Step: 00235900] Batch Translation Loss:  35.936737 => Lr: 0.001000
2025-03-31 17:02:39,718 [Epoch: 067 Step: 00236000] Batch Translation Loss:  44.243004 => Lr: 0.001000
2025-03-31 17:05:56,679 [Epoch: 067 Step: 00236100] Batch Translation Loss:  52.803608 => Lr: 0.001000
2025-03-31 17:09:15,535 [Epoch: 067 Step: 00236200] Batch Translation Loss:  16.527124 => Lr: 0.001000
2025-03-31 17:12:27,341 [Epoch: 067 Step: 00236300] Batch Translation Loss:  24.998907 => Lr: 0.001000
2025-03-31 17:15:46,301 [Epoch: 067 Step: 00236400] Batch Translation Loss:  19.619190 => Lr: 0.001000
2025-03-31 17:18:55,954 [Epoch: 067 Step: 00236500] Batch Translation Loss:  30.695147 => Lr: 0.001000
2025-03-31 17:22:14,603 [Epoch: 067 Step: 00236600] Batch Translation Loss:  31.073673 => Lr: 0.001000
2025-03-31 17:25:27,236 [Epoch: 067 Step: 00236700] Batch Translation Loss:  82.688316 => Lr: 0.001000
2025-03-31 17:28:46,022 [Epoch: 067 Step: 00236800] Batch Translation Loss:  26.233782 => Lr: 0.001000
2025-03-31 17:31:55,284 [Epoch: 067 Step: 00236900] Batch Translation Loss:  12.202579 => Lr: 0.001000
2025-03-31 17:35:06,497 [Epoch: 067 Step: 00237000] Batch Translation Loss:  46.981972 => Lr: 0.001000
2025-03-31 17:38:25,909 [Epoch: 067 Step: 00237100] Batch Translation Loss:  53.176666 => Lr: 0.001000
2025-03-31 17:41:49,806 [Epoch: 067 Step: 00237200] Batch Translation Loss:  55.643826 => Lr: 0.001000
2025-03-31 17:44:58,364 [Epoch: 067 Step: 00237300] Batch Translation Loss:  25.396862 => Lr: 0.001000
2025-03-31 17:48:05,095 [Epoch: 067 Step: 00237400] Batch Translation Loss:  19.833828 => Lr: 0.001000
2025-03-31 17:51:22,965 [Epoch: 067 Step: 00237500] Batch Translation Loss:  58.962799 => Lr: 0.001000
2025-03-31 17:54:35,017 [Epoch: 067 Step: 00237600] Batch Translation Loss:  62.730671 => Lr: 0.001000
2025-03-31 17:57:48,091 [Epoch: 067 Step: 00237700] Batch Translation Loss:  28.748964 => Lr: 0.001000
2025-03-31 17:58:21,857 Epoch  67: Total Training Translation Loss 111570.23 
2025-03-31 17:58:21,861 EPOCH 68
2025-03-31 18:00:22,388 [Epoch: 068 Step: 00237800] Batch Translation Loss:  32.909122 => Lr: 0.001000
2025-03-31 18:02:40,143 [Epoch: 068 Step: 00237900] Batch Translation Loss:  55.216621 => Lr: 0.001000
2025-03-31 18:05:07,459 [Epoch: 068 Step: 00238000] Batch Translation Loss:  39.724628 => Lr: 0.001000
2025-03-31 18:12:17,032 Saved 518 text references to ./sign_sample_back_to_word\txt_references_238000.txt and 518 text hypotheses to ./sign_sample_back_to_word\txt_hypotheses_238000.txt
2025-03-31 18:14:53,831 [Epoch: 068 Step: 00238100] Batch Translation Loss:  18.225489 => Lr: 0.001000
2025-03-31 18:17:24,811 [Epoch: 068 Step: 00238200] Batch Translation Loss:  24.437275 => Lr: 0.001000
2025-03-31 18:20:02,052 [Epoch: 068 Step: 00238300] Batch Translation Loss:  34.592102 => Lr: 0.001000
2025-03-31 18:22:25,808 [Epoch: 068 Step: 00238400] Batch Translation Loss:  31.141262 => Lr: 0.001000
2025-03-31 18:25:01,784 [Epoch: 068 Step: 00238500] Batch Translation Loss:  33.014477 => Lr: 0.001000
2025-03-31 18:27:38,984 [Epoch: 068 Step: 00238600] Batch Translation Loss:  56.884884 => Lr: 0.001000
2025-03-31 18:30:19,330 [Epoch: 068 Step: 00238700] Batch Translation Loss:  23.952600 => Lr: 0.001000
2025-03-31 18:33:01,303 [Epoch: 068 Step: 00238800] Batch Translation Loss:  39.465641 => Lr: 0.001000
2025-03-31 18:35:41,140 [Epoch: 068 Step: 00238900] Batch Translation Loss:  27.645607 => Lr: 0.001000
2025-03-31 18:38:27,923 [Epoch: 068 Step: 00239000] Batch Translation Loss:  41.668438 => Lr: 0.001000
2025-03-31 18:41:22,995 [Epoch: 068 Step: 00239100] Batch Translation Loss:  48.153313 => Lr: 0.001000
2025-03-31 18:44:05,505 [Epoch: 068 Step: 00239200] Batch Translation Loss:  14.218416 => Lr: 0.001000
2025-03-31 18:47:01,545 [Epoch: 068 Step: 00239300] Batch Translation Loss:  13.130568 => Lr: 0.001000
2025-03-31 18:49:50,092 [Epoch: 068 Step: 00239400] Batch Translation Loss:  14.044948 => Lr: 0.001000
2025-03-31 18:52:53,872 [Epoch: 068 Step: 00239500] Batch Translation Loss:  12.237529 => Lr: 0.001000
2025-03-31 18:55:58,811 [Epoch: 068 Step: 00239600] Batch Translation Loss:  29.161823 => Lr: 0.001000
2025-03-31 18:59:04,793 [Epoch: 068 Step: 00239700] Batch Translation Loss:  25.325417 => Lr: 0.001000
2025-03-31 19:02:12,636 [Epoch: 068 Step: 00239800] Batch Translation Loss:  22.456673 => Lr: 0.001000
2025-03-31 19:05:15,672 [Epoch: 068 Step: 00239900] Batch Translation Loss:  23.490379 => Lr: 0.001000
2025-03-31 19:08:25,747 [Epoch: 068 Step: 00240000] Batch Translation Loss:  23.472866 => Lr: 0.001000
2025-03-31 19:11:33,848 [Epoch: 068 Step: 00240100] Batch Translation Loss:  16.518993 => Lr: 0.001000
2025-03-31 19:14:37,385 [Epoch: 068 Step: 00240200] Batch Translation Loss:  13.870304 => Lr: 0.001000
2025-03-31 19:17:31,011 [Epoch: 068 Step: 00240300] Batch Translation Loss:  75.758904 => Lr: 0.001000
2025-03-31 19:20:40,431 [Epoch: 068 Step: 00240400] Batch Translation Loss:  20.173094 => Lr: 0.001000
2025-03-31 19:23:56,982 [Epoch: 068 Step: 00240500] Batch Translation Loss:  47.539059 => Lr: 0.001000
2025-03-31 19:27:20,723 [Epoch: 068 Step: 00240600] Batch Translation Loss:  38.677322 => Lr: 0.001000
2025-03-31 19:30:18,363 [Epoch: 068 Step: 00240700] Batch Translation Loss:  26.231346 => Lr: 0.001000
2025-03-31 19:33:25,405 [Epoch: 068 Step: 00240800] Batch Translation Loss:  25.051094 => Lr: 0.001000
2025-03-31 19:36:39,054 [Epoch: 068 Step: 00240900] Batch Translation Loss:  50.561241 => Lr: 0.001000
2025-03-31 19:39:46,750 [Epoch: 068 Step: 00241000] Batch Translation Loss:  22.168104 => Lr: 0.001000
2025-03-31 19:42:52,474 [Epoch: 068 Step: 00241100] Batch Translation Loss:  37.473995 => Lr: 0.001000
2025-03-31 19:46:04,560 [Epoch: 068 Step: 00241200] Batch Translation Loss:  38.576469 => Lr: 0.001000
2025-03-31 19:48:06,629 Epoch  68: Total Training Translation Loss 110919.54 
2025-03-31 19:48:06,632 EPOCH 69
2025-03-31 19:48:57,688 [Epoch: 069 Step: 00241300] Batch Translation Loss:  27.727955 => Lr: 0.001000
2025-03-31 19:51:18,876 [Epoch: 069 Step: 00241400] Batch Translation Loss:  21.714628 => Lr: 0.001000
2025-03-31 19:53:34,179 [Epoch: 069 Step: 00241500] Batch Translation Loss:  22.139381 => Lr: 0.001000
2025-03-31 20:00:21,076 Saved 518 text references to ./sign_sample_back_to_word\txt_references_241500.txt and 518 text hypotheses to ./sign_sample_back_to_word\txt_hypotheses_241500.txt
2025-03-31 20:02:45,317 [Epoch: 069 Step: 00241600] Batch Translation Loss:  42.382820 => Lr: 0.001000
2025-03-31 20:05:16,937 [Epoch: 069 Step: 00241700] Batch Translation Loss:  15.507835 => Lr: 0.001000
2025-03-31 20:07:51,988 [Epoch: 069 Step: 00241800] Batch Translation Loss:  40.396084 => Lr: 0.001000
2025-03-31 20:10:09,148 [Epoch: 069 Step: 00241900] Batch Translation Loss:  16.562313 => Lr: 0.001000
2025-03-31 20:12:43,498 [Epoch: 069 Step: 00242000] Batch Translation Loss:  17.238695 => Lr: 0.001000
2025-03-31 20:15:11,500 [Epoch: 069 Step: 00242100] Batch Translation Loss:  43.602104 => Lr: 0.001000
2025-03-31 20:17:53,246 [Epoch: 069 Step: 00242200] Batch Translation Loss:  49.733013 => Lr: 0.001000
2025-03-31 20:20:31,041 [Epoch: 069 Step: 00242300] Batch Translation Loss:  22.951017 => Lr: 0.001000
2025-03-31 20:23:31,030 [Epoch: 069 Step: 00242400] Batch Translation Loss:  30.896671 => Lr: 0.001000
2025-03-31 20:26:08,999 [Epoch: 069 Step: 00242500] Batch Translation Loss:  67.336487 => Lr: 0.001000
2025-03-31 20:29:02,531 [Epoch: 069 Step: 00242600] Batch Translation Loss:  67.941940 => Lr: 0.001000
2025-03-31 20:31:50,564 [Epoch: 069 Step: 00242700] Batch Translation Loss:  44.298824 => Lr: 0.001000
2025-03-31 20:34:47,006 [Epoch: 069 Step: 00242800] Batch Translation Loss:  22.250654 => Lr: 0.001000
2025-03-31 20:37:41,902 [Epoch: 069 Step: 00242900] Batch Translation Loss:  71.207642 => Lr: 0.001000
2025-03-31 20:40:40,122 [Epoch: 069 Step: 00243000] Batch Translation Loss:  58.121677 => Lr: 0.001000
2025-03-31 20:43:47,172 [Epoch: 069 Step: 00243100] Batch Translation Loss:  31.324268 => Lr: 0.001000
2025-03-31 20:46:58,377 [Epoch: 069 Step: 00243200] Batch Translation Loss:  19.463261 => Lr: 0.001000
2025-03-31 20:50:08,609 [Epoch: 069 Step: 00243300] Batch Translation Loss:  48.229809 => Lr: 0.001000
2025-03-31 20:53:39,577 [Epoch: 069 Step: 00243400] Batch Translation Loss:  59.588390 => Lr: 0.001000
2025-03-31 20:56:48,715 [Epoch: 069 Step: 00243500] Batch Translation Loss:  49.484478 => Lr: 0.001000
2025-03-31 21:00:04,024 [Epoch: 069 Step: 00243600] Batch Translation Loss:  21.959064 => Lr: 0.001000
2025-03-31 21:03:23,371 [Epoch: 069 Step: 00243700] Batch Translation Loss:  43.485626 => Lr: 0.001000
2025-03-31 21:06:37,901 [Epoch: 069 Step: 00243800] Batch Translation Loss:  17.629610 => Lr: 0.001000
2025-03-31 21:09:48,406 [Epoch: 069 Step: 00243900] Batch Translation Loss:   4.000353 => Lr: 0.001000
2025-03-31 21:13:04,523 [Epoch: 069 Step: 00244000] Batch Translation Loss:  27.933077 => Lr: 0.001000
2025-03-31 21:16:11,706 [Epoch: 069 Step: 00244100] Batch Translation Loss:  20.056061 => Lr: 0.001000
2025-03-31 21:19:20,014 [Epoch: 069 Step: 00244200] Batch Translation Loss:  27.014086 => Lr: 0.001000
2025-03-31 21:22:29,566 [Epoch: 069 Step: 00244300] Batch Translation Loss:  40.766041 => Lr: 0.001000
2025-03-31 21:25:49,352 [Epoch: 069 Step: 00244400] Batch Translation Loss:   7.575684 => Lr: 0.001000
2025-03-31 21:28:59,186 [Epoch: 069 Step: 00244500] Batch Translation Loss:  44.009731 => Lr: 0.001000
2025-03-31 21:32:20,824 [Epoch: 069 Step: 00244600] Batch Translation Loss:  38.350986 => Lr: 0.001000
2025-03-31 21:35:36,306 [Epoch: 069 Step: 00244700] Batch Translation Loss:  16.653669 => Lr: 0.001000
2025-03-31 21:38:52,307 [Epoch: 069 Step: 00244800] Batch Translation Loss:  42.416458 => Lr: 0.001000
2025-03-31 21:39:13,955 Epoch  69: Total Training Translation Loss 110297.57 
2025-03-31 21:39:13,957 EPOCH 70
2025-03-31 21:41:14,732 [Epoch: 070 Step: 00244900] Batch Translation Loss:  13.886056 => Lr: 0.001000
2025-03-31 21:43:41,529 [Epoch: 070 Step: 00245000] Batch Translation Loss:  26.619774 => Lr: 0.001000
2025-03-31 21:50:26,888 Saved 518 text references to ./sign_sample_back_to_word\txt_references_245000.txt and 518 text hypotheses to ./sign_sample_back_to_word\txt_hypotheses_245000.txt
2025-03-31 21:52:47,547 [Epoch: 070 Step: 00245100] Batch Translation Loss:  26.854347 => Lr: 0.001000
2025-03-31 21:55:18,197 [Epoch: 070 Step: 00245200] Batch Translation Loss:  20.803526 => Lr: 0.001000
2025-03-31 21:57:52,017 [Epoch: 070 Step: 00245300] Batch Translation Loss:  16.048382 => Lr: 0.001000
2025-03-31 22:00:26,990 [Epoch: 070 Step: 00245400] Batch Translation Loss:  26.106880 => Lr: 0.001000
2025-03-31 22:03:07,526 [Epoch: 070 Step: 00245500] Batch Translation Loss:  12.336657 => Lr: 0.001000
2025-03-31 22:05:46,240 [Epoch: 070 Step: 00245600] Batch Translation Loss:  19.879204 => Lr: 0.001000
2025-03-31 22:08:27,041 [Epoch: 070 Step: 00245700] Batch Translation Loss:  34.771244 => Lr: 0.001000
2025-03-31 22:11:06,456 [Epoch: 070 Step: 00245800] Batch Translation Loss:  44.400864 => Lr: 0.001000
2025-03-31 22:13:48,099 [Epoch: 070 Step: 00245900] Batch Translation Loss:  23.585821 => Lr: 0.001000
2025-03-31 22:16:34,209 [Epoch: 070 Step: 00246000] Batch Translation Loss:  29.947258 => Lr: 0.001000
2025-03-31 22:19:09,901 [Epoch: 070 Step: 00246100] Batch Translation Loss:  29.849218 => Lr: 0.001000
2025-03-31 22:22:10,244 [Epoch: 070 Step: 00246200] Batch Translation Loss:  29.613750 => Lr: 0.001000
2025-03-31 22:24:58,685 [Epoch: 070 Step: 00246300] Batch Translation Loss:  31.688107 => Lr: 0.001000
2025-03-31 22:27:50,810 [Epoch: 070 Step: 00246400] Batch Translation Loss:  31.167671 => Lr: 0.001000
2025-03-31 22:30:52,553 [Epoch: 070 Step: 00246500] Batch Translation Loss:  23.152344 => Lr: 0.001000
2025-03-31 22:33:57,186 [Epoch: 070 Step: 00246600] Batch Translation Loss:  47.405472 => Lr: 0.001000
2025-03-31 22:37:04,021 [Epoch: 070 Step: 00246700] Batch Translation Loss:  50.921444 => Lr: 0.001000
2025-03-31 22:40:18,171 [Epoch: 070 Step: 00246800] Batch Translation Loss:  12.707761 => Lr: 0.001000
2025-03-31 22:43:26,496 [Epoch: 070 Step: 00246900] Batch Translation Loss:  44.999420 => Lr: 0.001000
2025-03-31 22:46:46,097 [Epoch: 070 Step: 00247000] Batch Translation Loss:  20.479084 => Lr: 0.001000
2025-03-31 22:49:54,104 [Epoch: 070 Step: 00247100] Batch Translation Loss:  95.507111 => Lr: 0.001000
2025-03-31 22:53:14,296 [Epoch: 070 Step: 00247200] Batch Translation Loss:  13.910979 => Lr: 0.001000
2025-03-31 22:56:29,195 [Epoch: 070 Step: 00247300] Batch Translation Loss:  31.986370 => Lr: 0.001000
2025-03-31 22:59:40,841 [Epoch: 070 Step: 00247400] Batch Translation Loss:  24.279684 => Lr: 0.001000
2025-03-31 23:02:42,671 [Epoch: 070 Step: 00247500] Batch Translation Loss:  10.568680 => Lr: 0.001000
2025-03-31 23:05:41,610 [Epoch: 070 Step: 00247600] Batch Translation Loss:  17.533983 => Lr: 0.001000
2025-03-31 23:08:42,969 [Epoch: 070 Step: 00247700] Batch Translation Loss:  18.746002 => Lr: 0.001000
2025-03-31 23:11:47,101 [Epoch: 070 Step: 00247800] Batch Translation Loss:  33.800457 => Lr: 0.001000
2025-03-31 23:14:51,825 [Epoch: 070 Step: 00247900] Batch Translation Loss:  32.783134 => Lr: 0.001000
2025-03-31 23:18:36,806 [Epoch: 070 Step: 00248000] Batch Translation Loss:  41.137058 => Lr: 0.001000
2025-03-31 23:22:15,263 [Epoch: 070 Step: 00248100] Batch Translation Loss:  17.502552 => Lr: 0.001000
2025-03-31 23:25:42,533 [Epoch: 070 Step: 00248200] Batch Translation Loss:  22.126356 => Lr: 0.001000
2025-03-31 23:28:54,983 [Epoch: 070 Step: 00248300] Batch Translation Loss:  40.466438 => Lr: 0.001000
2025-03-31 23:30:44,757 Epoch  70: Total Training Translation Loss 109635.96 
2025-03-31 23:30:44,760 EPOCH 71
2025-03-31 23:31:39,860 [Epoch: 071 Step: 00248400] Batch Translation Loss:  53.042057 => Lr: 0.001000
2025-03-31 23:34:03,611 [Epoch: 071 Step: 00248500] Batch Translation Loss:  47.243401 => Lr: 0.001000
2025-03-31 23:40:52,207 Saved 518 text references to ./sign_sample_back_to_word\txt_references_248500.txt and 518 text hypotheses to ./sign_sample_back_to_word\txt_hypotheses_248500.txt
2025-03-31 23:43:31,601 [Epoch: 071 Step: 00248600] Batch Translation Loss:  24.172693 => Lr: 0.001000
2025-03-31 23:45:57,635 [Epoch: 071 Step: 00248700] Batch Translation Loss:  23.763649 => Lr: 0.001000
2025-03-31 23:48:31,838 [Epoch: 071 Step: 00248800] Batch Translation Loss:  23.956474 => Lr: 0.001000
2025-03-31 23:51:01,747 [Epoch: 071 Step: 00248900] Batch Translation Loss:  35.315918 => Lr: 0.001000
2025-03-31 23:53:34,636 [Epoch: 071 Step: 00249000] Batch Translation Loss:  12.873481 => Lr: 0.001000
2025-03-31 23:55:58,759 [Epoch: 071 Step: 00249100] Batch Translation Loss:   9.420163 => Lr: 0.001000
2025-03-31 23:58:32,875 [Epoch: 071 Step: 00249200] Batch Translation Loss:  18.319336 => Lr: 0.001000
2025-04-01 00:01:11,939 [Epoch: 071 Step: 00249300] Batch Translation Loss:  21.953184 => Lr: 0.001000
2025-04-01 00:03:56,601 [Epoch: 071 Step: 00249400] Batch Translation Loss:  51.796055 => Lr: 0.001000
2025-04-01 00:06:39,370 [Epoch: 071 Step: 00249500] Batch Translation Loss:  18.540304 => Lr: 0.001000
2025-04-01 00:09:24,345 [Epoch: 071 Step: 00249600] Batch Translation Loss:  39.445099 => Lr: 0.001000
2025-04-01 00:12:15,955 [Epoch: 071 Step: 00249700] Batch Translation Loss:  27.330172 => Lr: 0.001000
2025-04-01 00:15:13,382 [Epoch: 071 Step: 00249800] Batch Translation Loss:  42.948662 => Lr: 0.001000
2025-04-01 00:18:02,732 [Epoch: 071 Step: 00249900] Batch Translation Loss:  43.146854 => Lr: 0.001000
2025-04-01 00:21:09,209 [Epoch: 071 Step: 00250000] Batch Translation Loss:  31.677044 => Lr: 0.001000
2025-04-01 00:24:05,832 [Epoch: 071 Step: 00250100] Batch Translation Loss:  26.974274 => Lr: 0.001000
2025-04-01 00:27:12,440 [Epoch: 071 Step: 00250200] Batch Translation Loss:   9.435325 => Lr: 0.001000
2025-04-01 00:30:31,426 [Epoch: 071 Step: 00250300] Batch Translation Loss:  50.163376 => Lr: 0.001000
2025-04-01 00:33:42,058 [Epoch: 071 Step: 00250400] Batch Translation Loss:   5.196885 => Lr: 0.001000
2025-04-01 00:36:54,793 [Epoch: 071 Step: 00250500] Batch Translation Loss:  25.349520 => Lr: 0.001000
2025-04-01 00:40:04,977 [Epoch: 071 Step: 00250600] Batch Translation Loss:  13.734266 => Lr: 0.001000
2025-04-01 00:43:08,169 [Epoch: 071 Step: 00250700] Batch Translation Loss:  47.508480 => Lr: 0.001000
2025-04-01 00:46:21,132 [Epoch: 071 Step: 00250800] Batch Translation Loss:  11.413589 => Lr: 0.001000
2025-04-01 00:49:32,423 [Epoch: 071 Step: 00250900] Batch Translation Loss:  19.220797 => Lr: 0.001000
2025-04-01 00:52:40,824 [Epoch: 071 Step: 00251000] Batch Translation Loss:  32.546631 => Lr: 0.001000
2025-04-01 00:55:53,932 [Epoch: 071 Step: 00251100] Batch Translation Loss:  28.045061 => Lr: 0.001000
2025-04-01 00:58:56,049 [Epoch: 071 Step: 00251200] Batch Translation Loss:  38.591366 => Lr: 0.001000
2025-04-01 01:02:06,808 [Epoch: 071 Step: 00251300] Batch Translation Loss:  22.143503 => Lr: 0.001000
2025-04-01 01:05:13,306 [Epoch: 071 Step: 00251400] Batch Translation Loss:  36.824512 => Lr: 0.001000
2025-04-01 01:08:20,848 [Epoch: 071 Step: 00251500] Batch Translation Loss:  67.056641 => Lr: 0.001000
2025-04-01 01:11:35,363 [Epoch: 071 Step: 00251600] Batch Translation Loss:  30.680164 => Lr: 0.001000
2025-04-01 01:14:46,661 [Epoch: 071 Step: 00251700] Batch Translation Loss:  29.459663 => Lr: 0.001000
2025-04-01 01:17:55,052 [Epoch: 071 Step: 00251800] Batch Translation Loss:  12.662345 => Lr: 0.001000
2025-04-01 01:21:07,441 [Epoch: 071 Step: 00251900] Batch Translation Loss:  38.105190 => Lr: 0.001000
2025-04-01 01:21:20,363 Epoch  71: Total Training Translation Loss 108915.90 
2025-04-01 01:21:20,365 EPOCH 72
2025-04-01 01:23:30,630 [Epoch: 072 Step: 00252000] Batch Translation Loss:  34.789921 => Lr: 0.001000
2025-04-01 01:30:12,402 Saved 518 text references to ./sign_sample_back_to_word\txt_references_252000.txt and 518 text hypotheses to ./sign_sample_back_to_word\txt_hypotheses_252000.txt
2025-04-01 01:32:38,302 [Epoch: 072 Step: 00252100] Batch Translation Loss:   9.865633 => Lr: 0.001000
2025-04-01 01:35:05,154 [Epoch: 072 Step: 00252200] Batch Translation Loss:  42.106915 => Lr: 0.001000
2025-04-01 01:37:36,134 [Epoch: 072 Step: 00252300] Batch Translation Loss:  61.865238 => Lr: 0.001000
2025-04-01 01:40:08,010 [Epoch: 072 Step: 00252400] Batch Translation Loss:  32.330414 => Lr: 0.001000
2025-04-01 01:42:38,041 [Epoch: 072 Step: 00252500] Batch Translation Loss:  26.543287 => Lr: 0.001000
2025-04-01 01:45:13,548 [Epoch: 072 Step: 00252600] Batch Translation Loss:  56.471844 => Lr: 0.001000
2025-04-01 01:47:43,770 [Epoch: 072 Step: 00252700] Batch Translation Loss:  29.988268 => Lr: 0.001000
2025-04-01 01:50:19,993 [Epoch: 072 Step: 00252800] Batch Translation Loss:  26.612976 => Lr: 0.001000
2025-04-01 01:52:55,549 [Epoch: 072 Step: 00252900] Batch Translation Loss:  39.031811 => Lr: 0.001000
2025-04-01 01:55:37,700 [Epoch: 072 Step: 00253000] Batch Translation Loss:  35.212669 => Lr: 0.001000
2025-04-01 01:58:22,473 [Epoch: 072 Step: 00253100] Batch Translation Loss:  44.397114 => Lr: 0.001000
2025-04-01 02:01:20,042 [Epoch: 072 Step: 00253200] Batch Translation Loss:  15.167623 => Lr: 0.001000
2025-04-01 02:04:11,781 [Epoch: 072 Step: 00253300] Batch Translation Loss:  35.213573 => Lr: 0.001000
2025-04-01 02:07:08,935 [Epoch: 072 Step: 00253400] Batch Translation Loss:  39.647083 => Lr: 0.001000
2025-04-01 02:10:02,134 [Epoch: 072 Step: 00253500] Batch Translation Loss:  17.280844 => Lr: 0.001000
2025-04-01 02:13:05,594 [Epoch: 072 Step: 00253600] Batch Translation Loss:  20.795082 => Lr: 0.001000
2025-04-01 02:16:04,849 [Epoch: 072 Step: 00253700] Batch Translation Loss:  19.965652 => Lr: 0.001000
2025-04-01 02:19:12,343 [Epoch: 072 Step: 00253800] Batch Translation Loss:  18.121616 => Lr: 0.001000
2025-04-01 02:22:14,481 [Epoch: 072 Step: 00253900] Batch Translation Loss:  26.442970 => Lr: 0.001000
2025-04-01 02:25:21,509 [Epoch: 072 Step: 00254000] Batch Translation Loss:  16.107452 => Lr: 0.001000
2025-04-01 02:28:20,340 [Epoch: 072 Step: 00254100] Batch Translation Loss:  13.978106 => Lr: 0.001000
2025-04-01 02:31:23,463 [Epoch: 072 Step: 00254200] Batch Translation Loss:  12.187318 => Lr: 0.001000
2025-04-01 02:34:26,867 [Epoch: 072 Step: 00254300] Batch Translation Loss:  59.413952 => Lr: 0.001000
2025-04-01 02:37:37,909 [Epoch: 072 Step: 00254400] Batch Translation Loss:  33.650730 => Lr: 0.001000
2025-04-01 02:40:38,325 [Epoch: 072 Step: 00254500] Batch Translation Loss:  18.047216 => Lr: 0.001000
2025-04-01 02:43:51,301 [Epoch: 072 Step: 00254600] Batch Translation Loss:  33.927582 => Lr: 0.001000
2025-04-01 02:46:52,071 [Epoch: 072 Step: 00254700] Batch Translation Loss:  22.011127 => Lr: 0.001000
2025-04-01 02:49:57,245 [Epoch: 072 Step: 00254800] Batch Translation Loss:  42.468178 => Lr: 0.001000
2025-04-01 02:53:07,774 [Epoch: 072 Step: 00254900] Batch Translation Loss:  56.095161 => Lr: 0.001000
2025-04-01 02:56:08,848 [Epoch: 072 Step: 00255000] Batch Translation Loss:   8.482793 => Lr: 0.001000
2025-04-01 02:59:16,049 [Epoch: 072 Step: 00255100] Batch Translation Loss:  51.905273 => Lr: 0.001000
2025-04-01 03:02:26,331 [Epoch: 072 Step: 00255200] Batch Translation Loss:  21.792402 => Lr: 0.001000
2025-04-01 03:05:39,228 [Epoch: 072 Step: 00255300] Batch Translation Loss:  27.562859 => Lr: 0.001000
2025-04-01 03:08:55,082 [Epoch: 072 Step: 00255400] Batch Translation Loss:  32.971741 => Lr: 0.001000
2025-04-01 03:10:42,273 Epoch  72: Total Training Translation Loss 108353.53 
2025-04-01 03:10:42,275 EPOCH 73
2025-04-01 03:11:43,641 [Epoch: 073 Step: 00255500] Batch Translation Loss:  31.075106 => Lr: 0.001000
2025-04-01 03:18:23,684 Saved 518 text references to ./sign_sample_back_to_word\txt_references_255500.txt and 518 text hypotheses to ./sign_sample_back_to_word\txt_hypotheses_255500.txt
2025-04-01 03:20:49,597 [Epoch: 073 Step: 00255600] Batch Translation Loss:  24.337954 => Lr: 0.001000
2025-04-01 03:23:38,650 [Epoch: 073 Step: 00255700] Batch Translation Loss:  25.533413 => Lr: 0.001000
2025-04-01 03:26:40,832 [Epoch: 073 Step: 00255800] Batch Translation Loss:  39.351990 => Lr: 0.001000
2025-04-01 03:29:42,466 [Epoch: 073 Step: 00255900] Batch Translation Loss:  49.316505 => Lr: 0.001000
2025-04-01 03:32:49,017 [Epoch: 073 Step: 00256000] Batch Translation Loss:  40.822735 => Lr: 0.001000
2025-04-01 03:35:57,769 [Epoch: 073 Step: 00256100] Batch Translation Loss:   6.520306 => Lr: 0.001000
2025-04-01 03:39:07,750 [Epoch: 073 Step: 00256200] Batch Translation Loss:  24.019444 => Lr: 0.001000
2025-04-01 03:42:15,425 [Epoch: 073 Step: 00256300] Batch Translation Loss:  34.383362 => Lr: 0.001000
2025-04-01 03:45:12,397 [Epoch: 073 Step: 00256400] Batch Translation Loss:  40.751671 => Lr: 0.001000
2025-04-01 03:48:28,039 [Epoch: 073 Step: 00256500] Batch Translation Loss:  24.762678 => Lr: 0.001000
2025-04-01 03:51:28,034 [Epoch: 073 Step: 00256600] Batch Translation Loss:  37.112015 => Lr: 0.001000
2025-04-01 03:54:27,962 [Epoch: 073 Step: 00256700] Batch Translation Loss:  22.591942 => Lr: 0.001000
2025-04-01 03:57:32,001 [Epoch: 073 Step: 00256800] Batch Translation Loss:  18.831184 => Lr: 0.001000
2025-04-01 04:00:36,155 [Epoch: 073 Step: 00256900] Batch Translation Loss:  29.395140 => Lr: 0.001000
2025-04-01 04:03:46,291 [Epoch: 073 Step: 00257000] Batch Translation Loss:  13.429072 => Lr: 0.001000
2025-04-01 04:06:43,820 [Epoch: 073 Step: 00257100] Batch Translation Loss:  22.076130 => Lr: 0.001000
2025-04-01 04:09:47,266 [Epoch: 073 Step: 00257200] Batch Translation Loss:  41.790951 => Lr: 0.001000
2025-04-01 04:13:03,932 [Epoch: 073 Step: 00257300] Batch Translation Loss:  12.829369 => Lr: 0.001000
2025-04-01 04:16:09,739 [Epoch: 073 Step: 00257400] Batch Translation Loss:  31.807686 => Lr: 0.001000
2025-04-01 04:19:24,382 [Epoch: 073 Step: 00257500] Batch Translation Loss:  25.756969 => Lr: 0.001000
2025-04-01 04:22:42,584 [Epoch: 073 Step: 00257600] Batch Translation Loss:   7.688202 => Lr: 0.001000
2025-04-01 04:25:43,339 [Epoch: 073 Step: 00257700] Batch Translation Loss:  62.681393 => Lr: 0.001000
2025-04-01 04:28:52,361 [Epoch: 073 Step: 00257800] Batch Translation Loss:  10.667726 => Lr: 0.001000
2025-04-01 04:32:01,718 [Epoch: 073 Step: 00257900] Batch Translation Loss:  25.707491 => Lr: 0.001000
2025-04-01 04:35:10,759 [Epoch: 073 Step: 00258000] Batch Translation Loss:  23.986168 => Lr: 0.001000
2025-04-01 04:38:19,126 [Epoch: 073 Step: 00258100] Batch Translation Loss:  37.851578 => Lr: 0.001000
2025-04-01 04:41:24,510 [Epoch: 073 Step: 00258200] Batch Translation Loss:   9.735071 => Lr: 0.001000
2025-04-01 04:44:40,066 [Epoch: 073 Step: 00258300] Batch Translation Loss:  22.404711 => Lr: 0.001000
2025-04-01 04:47:48,503 [Epoch: 073 Step: 00258400] Batch Translation Loss:  32.764229 => Lr: 0.001000
2025-04-01 04:51:04,816 [Epoch: 073 Step: 00258500] Batch Translation Loss:   8.010497 => Lr: 0.001000
2025-04-01 04:54:13,727 [Epoch: 073 Step: 00258600] Batch Translation Loss:  32.533478 => Lr: 0.001000
2025-04-01 04:57:19,284 [Epoch: 073 Step: 00258700] Batch Translation Loss:   4.233612 => Lr: 0.001000
2025-04-01 05:00:24,717 [Epoch: 073 Step: 00258800] Batch Translation Loss:  33.258869 => Lr: 0.001000
2025-04-01 05:03:34,797 [Epoch: 073 Step: 00258900] Batch Translation Loss:  47.991837 => Lr: 0.001000
2025-04-01 05:06:43,718 [Epoch: 073 Step: 00259000] Batch Translation Loss:  22.108938 => Lr: 0.001000
2025-04-01 05:13:23,642 Saved 518 text references to ./sign_sample_back_to_word\txt_references_259000.txt and 518 text hypotheses to ./sign_sample_back_to_word\txt_hypotheses_259000.txt
2025-04-01 05:13:32,234 Epoch  73: Total Training Translation Loss 107675.91 
2025-04-01 05:13:32,237 EPOCH 74
2025-04-01 05:15:50,287 [Epoch: 074 Step: 00259100] Batch Translation Loss:  33.379143 => Lr: 0.001000
2025-04-01 05:18:25,968 [Epoch: 074 Step: 00259200] Batch Translation Loss:  39.112457 => Lr: 0.001000
2025-04-01 05:20:56,567 [Epoch: 074 Step: 00259300] Batch Translation Loss:  13.133153 => Lr: 0.001000
2025-04-01 05:23:44,607 [Epoch: 074 Step: 00259400] Batch Translation Loss:  25.419966 => Lr: 0.001000
2025-04-01 05:26:12,932 [Epoch: 074 Step: 00259500] Batch Translation Loss:  26.864361 => Lr: 0.001000
2025-04-01 05:28:53,483 [Epoch: 074 Step: 00259600] Batch Translation Loss:  27.501598 => Lr: 0.001000
2025-04-01 05:31:28,268 [Epoch: 074 Step: 00259700] Batch Translation Loss:  23.016729 => Lr: 0.001000
2025-04-01 05:34:04,072 [Epoch: 074 Step: 00259800] Batch Translation Loss:  15.957779 => Lr: 0.001000
2025-04-01 05:36:43,836 [Epoch: 074 Step: 00259900] Batch Translation Loss:  24.661524 => Lr: 0.001000
2025-04-01 05:39:32,469 [Epoch: 074 Step: 00260000] Batch Translation Loss:  18.807278 => Lr: 0.001000
2025-04-01 05:42:17,748 [Epoch: 074 Step: 00260100] Batch Translation Loss:  10.669751 => Lr: 0.001000
2025-04-01 05:44:58,876 [Epoch: 074 Step: 00260200] Batch Translation Loss:  29.556852 => Lr: 0.001000
2025-04-01 05:47:52,487 [Epoch: 074 Step: 00260300] Batch Translation Loss:  25.292946 => Lr: 0.001000
2025-04-01 05:50:40,228 [Epoch: 074 Step: 00260400] Batch Translation Loss:  45.656105 => Lr: 0.001000
2025-04-01 05:53:36,832 [Epoch: 074 Step: 00260500] Batch Translation Loss:  35.286015 => Lr: 0.001000
2025-04-01 05:56:38,829 [Epoch: 074 Step: 00260600] Batch Translation Loss:  12.534302 => Lr: 0.001000
2025-04-01 05:59:39,754 [Epoch: 074 Step: 00260700] Batch Translation Loss:  23.091713 => Lr: 0.001000
2025-04-01 06:02:37,916 [Epoch: 074 Step: 00260800] Batch Translation Loss:  82.289871 => Lr: 0.001000
2025-04-01 06:05:49,356 [Epoch: 074 Step: 00260900] Batch Translation Loss:  14.718085 => Lr: 0.001000
2025-04-01 06:08:45,320 [Epoch: 074 Step: 00261000] Batch Translation Loss:  16.828587 => Lr: 0.001000
2025-04-01 06:11:51,170 [Epoch: 074 Step: 00261100] Batch Translation Loss:  12.174777 => Lr: 0.001000
2025-04-01 06:14:58,750 [Epoch: 074 Step: 00261200] Batch Translation Loss:  11.529176 => Lr: 0.001000
2025-04-01 06:18:08,830 [Epoch: 074 Step: 00261300] Batch Translation Loss:  42.668118 => Lr: 0.001000
2025-04-01 06:21:15,903 [Epoch: 074 Step: 00261400] Batch Translation Loss:  22.379494 => Lr: 0.001000
2025-04-01 06:24:22,770 [Epoch: 074 Step: 00261500] Batch Translation Loss:  39.892910 => Lr: 0.001000
2025-04-01 06:27:30,908 [Epoch: 074 Step: 00261600] Batch Translation Loss:  27.322983 => Lr: 0.001000
2025-04-01 06:30:35,207 [Epoch: 074 Step: 00261700] Batch Translation Loss:  20.974537 => Lr: 0.001000
2025-04-01 06:33:43,512 [Epoch: 074 Step: 00261800] Batch Translation Loss:  25.666477 => Lr: 0.001000
2025-04-01 06:36:59,035 [Epoch: 074 Step: 00261900] Batch Translation Loss:  30.549723 => Lr: 0.001000
2025-04-01 06:40:11,850 [Epoch: 074 Step: 00262000] Batch Translation Loss:  16.510136 => Lr: 0.001000
2025-04-01 06:43:18,971 [Epoch: 074 Step: 00262100] Batch Translation Loss:  23.409456 => Lr: 0.001000
2025-04-01 06:46:34,398 [Epoch: 074 Step: 00262200] Batch Translation Loss:   9.438351 => Lr: 0.001000
2025-04-01 06:49:46,888 [Epoch: 074 Step: 00262300] Batch Translation Loss:  11.960814 => Lr: 0.001000
2025-04-01 06:52:57,353 [Epoch: 074 Step: 00262400] Batch Translation Loss:  39.407143 => Lr: 0.001000
2025-04-01 06:56:02,774 [Epoch: 074 Step: 00262500] Batch Translation Loss:  21.471157 => Lr: 0.001000
2025-04-01 07:02:43,822 Saved 518 text references to ./sign_sample_back_to_word\txt_references_262500.txt and 518 text hypotheses to ./sign_sample_back_to_word\txt_hypotheses_262500.txt
2025-04-01 07:04:18,252 Epoch  74: Total Training Translation Loss 107195.30 
2025-04-01 07:04:18,254 EPOCH 75
2025-04-01 07:05:33,495 [Epoch: 075 Step: 00262600] Batch Translation Loss:  19.201347 => Lr: 0.001000
2025-04-01 07:08:02,552 [Epoch: 075 Step: 00262700] Batch Translation Loss:   9.640846 => Lr: 0.001000
2025-04-01 07:10:29,657 [Epoch: 075 Step: 00262800] Batch Translation Loss:  28.647882 => Lr: 0.001000
2025-04-01 07:12:56,820 [Epoch: 075 Step: 00262900] Batch Translation Loss:  27.281229 => Lr: 0.001000
2025-04-01 07:15:23,834 [Epoch: 075 Step: 00263000] Batch Translation Loss:  37.853901 => Lr: 0.001000
2025-04-01 07:17:51,846 [Epoch: 075 Step: 00263100] Batch Translation Loss:  28.420156 => Lr: 0.001000
2025-04-01 07:20:34,842 [Epoch: 075 Step: 00263200] Batch Translation Loss:  23.175505 => Lr: 0.001000
2025-04-01 07:23:10,990 [Epoch: 075 Step: 00263300] Batch Translation Loss:  15.602225 => Lr: 0.001000
2025-04-01 07:25:54,842 [Epoch: 075 Step: 00263400] Batch Translation Loss:  34.010521 => Lr: 0.001000
2025-04-01 07:28:31,046 [Epoch: 075 Step: 00263500] Batch Translation Loss:  18.339298 => Lr: 0.001000
2025-04-01 07:31:08,299 [Epoch: 075 Step: 00263600] Batch Translation Loss:  31.153290 => Lr: 0.001000
2025-04-01 07:33:49,847 [Epoch: 075 Step: 00263700] Batch Translation Loss:  24.461014 => Lr: 0.001000
2025-04-01 07:36:48,255 [Epoch: 075 Step: 00263800] Batch Translation Loss:  27.261305 => Lr: 0.001000
2025-04-01 07:39:36,022 [Epoch: 075 Step: 00263900] Batch Translation Loss:  21.913752 => Lr: 0.001000
2025-04-01 07:42:23,493 [Epoch: 075 Step: 00264000] Batch Translation Loss:  41.816711 => Lr: 0.001000
2025-04-01 07:45:14,916 [Epoch: 075 Step: 00264100] Batch Translation Loss:  41.056072 => Lr: 0.001000
2025-04-01 07:48:09,172 [Epoch: 075 Step: 00264200] Batch Translation Loss:  47.215740 => Lr: 0.001000
2025-04-01 07:51:18,137 [Epoch: 075 Step: 00264300] Batch Translation Loss:  32.762642 => Lr: 0.001000
2025-04-01 07:54:27,677 [Epoch: 075 Step: 00264400] Batch Translation Loss:  39.639179 => Lr: 0.001000
2025-04-01 07:57:29,344 [Epoch: 075 Step: 00264500] Batch Translation Loss:  33.680737 => Lr: 0.001000
2025-04-01 08:00:47,132 [Epoch: 075 Step: 00264600] Batch Translation Loss:  15.636929 => Lr: 0.001000
2025-04-01 08:03:53,353 [Epoch: 075 Step: 00264700] Batch Translation Loss:  19.306879 => Lr: 0.001000
2025-04-01 08:07:00,845 [Epoch: 075 Step: 00264800] Batch Translation Loss:  39.575993 => Lr: 0.001000
2025-04-01 08:10:07,277 [Epoch: 075 Step: 00264900] Batch Translation Loss:   8.739464 => Lr: 0.001000
2025-04-01 08:13:16,325 [Epoch: 075 Step: 00265000] Batch Translation Loss:  41.296047 => Lr: 0.001000
2025-04-01 08:16:52,456 [Epoch: 075 Step: 00265100] Batch Translation Loss:  58.454391 => Lr: 0.001000
2025-04-01 08:20:16,040 [Epoch: 075 Step: 00265200] Batch Translation Loss:  12.739782 => Lr: 0.001000
2025-04-01 08:23:45,352 [Epoch: 075 Step: 00265300] Batch Translation Loss:  31.608097 => Lr: 0.001000
2025-04-01 08:26:58,924 [Epoch: 075 Step: 00265400] Batch Translation Loss:  38.583298 => Lr: 0.001000
2025-04-01 08:30:09,795 [Epoch: 075 Step: 00265500] Batch Translation Loss:  43.764305 => Lr: 0.001000
2025-04-01 08:33:26,271 [Epoch: 075 Step: 00265600] Batch Translation Loss:  30.101271 => Lr: 0.001000
2025-04-01 08:36:39,010 [Epoch: 075 Step: 00265700] Batch Translation Loss:  77.172943 => Lr: 0.001000
2025-04-01 08:39:52,155 [Epoch: 075 Step: 00265800] Batch Translation Loss:   8.063352 => Lr: 0.001000
2025-04-01 08:43:03,070 [Epoch: 075 Step: 00265900] Batch Translation Loss:  16.805313 => Lr: 0.001000
2025-04-01 08:46:13,757 [Epoch: 075 Step: 00266000] Batch Translation Loss:  28.948801 => Lr: 0.001000
2025-04-01 08:53:00,361 Saved 518 text references to ./sign_sample_back_to_word\txt_references_266000.txt and 518 text hypotheses to ./sign_sample_back_to_word\txt_hypotheses_266000.txt
2025-04-01 08:56:25,567 [Epoch: 075 Step: 00266100] Batch Translation Loss:  43.225677 => Lr: 0.001000
2025-04-01 08:56:25,598 Epoch  75: Total Training Translation Loss 106670.67 
2025-04-01 08:56:25,601 EPOCH 76
2025-04-01 08:58:54,414 [Epoch: 076 Step: 00266200] Batch Translation Loss:  14.177214 => Lr: 0.001000
2025-04-01 09:01:28,137 [Epoch: 076 Step: 00266300] Batch Translation Loss:  35.541065 => Lr: 0.001000
2025-04-01 09:03:58,985 [Epoch: 076 Step: 00266400] Batch Translation Loss:  13.385476 => Lr: 0.001000
2025-04-01 09:06:35,127 [Epoch: 076 Step: 00266500] Batch Translation Loss:  31.159416 => Lr: 0.001000
2025-04-01 09:09:09,815 [Epoch: 076 Step: 00266600] Batch Translation Loss:  36.595795 => Lr: 0.001000
2025-04-01 09:11:34,468 [Epoch: 076 Step: 00266700] Batch Translation Loss:  16.137197 => Lr: 0.001000
2025-04-01 09:14:06,565 [Epoch: 076 Step: 00266800] Batch Translation Loss:  43.476566 => Lr: 0.001000
2025-04-01 09:16:38,560 [Epoch: 076 Step: 00266900] Batch Translation Loss:  69.317764 => Lr: 0.001000
2025-04-01 09:19:17,228 [Epoch: 076 Step: 00267000] Batch Translation Loss:  17.125401 => Lr: 0.001000
2025-04-01 09:22:06,734 [Epoch: 076 Step: 00267100] Batch Translation Loss:   6.187371 => Lr: 0.001000
2025-04-01 09:24:51,706 [Epoch: 076 Step: 00267200] Batch Translation Loss:  15.337681 => Lr: 0.001000
2025-04-01 09:27:39,249 [Epoch: 076 Step: 00267300] Batch Translation Loss:  37.539574 => Lr: 0.001000
2025-04-01 09:30:33,916 [Epoch: 076 Step: 00267400] Batch Translation Loss:  14.176708 => Lr: 0.001000
2025-04-01 09:33:27,492 [Epoch: 076 Step: 00267500] Batch Translation Loss:  33.612644 => Lr: 0.001000
2025-04-01 09:36:26,201 [Epoch: 076 Step: 00267600] Batch Translation Loss:  39.221596 => Lr: 0.001000
2025-04-01 09:39:23,624 [Epoch: 076 Step: 00267700] Batch Translation Loss:  26.804539 => Lr: 0.001000
2025-04-01 09:42:22,070 [Epoch: 076 Step: 00267800] Batch Translation Loss:  34.153625 => Lr: 0.001000
2025-04-01 09:45:19,835 [Epoch: 076 Step: 00267900] Batch Translation Loss:  24.687885 => Lr: 0.001000
2025-04-01 09:48:34,390 [Epoch: 076 Step: 00268000] Batch Translation Loss:   6.139641 => Lr: 0.001000
2025-04-01 09:51:48,893 [Epoch: 076 Step: 00268100] Batch Translation Loss:  21.359293 => Lr: 0.001000
2025-04-01 09:54:52,752 [Epoch: 076 Step: 00268200] Batch Translation Loss:  36.870617 => Lr: 0.001000
2025-04-01 09:58:09,961 [Epoch: 076 Step: 00268300] Batch Translation Loss:   9.883081 => Lr: 0.001000
2025-04-01 10:01:25,733 [Epoch: 076 Step: 00268400] Batch Translation Loss:  19.371717 => Lr: 0.001000
2025-04-01 10:04:34,150 [Epoch: 076 Step: 00268500] Batch Translation Loss:  17.140322 => Lr: 0.001000
2025-04-01 10:07:48,334 [Epoch: 076 Step: 00268600] Batch Translation Loss:  28.145782 => Lr: 0.001000
2025-04-01 10:11:03,194 [Epoch: 076 Step: 00268700] Batch Translation Loss:  35.485504 => Lr: 0.001000
2025-04-01 10:14:21,783 [Epoch: 076 Step: 00268800] Batch Translation Loss:  17.320393 => Lr: 0.001000
2025-04-01 10:17:27,978 [Epoch: 076 Step: 00268900] Batch Translation Loss:  41.180740 => Lr: 0.001000
2025-04-01 10:20:37,872 [Epoch: 076 Step: 00269000] Batch Translation Loss:  27.070826 => Lr: 0.001000
2025-04-01 10:23:49,242 [Epoch: 076 Step: 00269100] Batch Translation Loss:  15.027888 => Lr: 0.001000
2025-04-01 10:27:01,548 [Epoch: 076 Step: 00269200] Batch Translation Loss:  57.523647 => Lr: 0.001000
2025-04-01 10:30:13,972 [Epoch: 076 Step: 00269300] Batch Translation Loss:  34.387787 => Lr: 0.001000
2025-04-01 10:33:25,053 [Epoch: 076 Step: 00269400] Batch Translation Loss:  36.975143 => Lr: 0.001000
2025-04-01 10:36:47,278 [Epoch: 076 Step: 00269500] Batch Translation Loss:  43.491676 => Lr: 0.001000
2025-04-01 10:43:34,991 Saved 518 text references to ./sign_sample_back_to_word\txt_references_269500.txt and 518 text hypotheses to ./sign_sample_back_to_word\txt_hypotheses_269500.txt
2025-04-01 10:46:46,361 [Epoch: 076 Step: 00269600] Batch Translation Loss:  29.492575 => Lr: 0.001000
2025-04-01 10:48:17,595 Epoch  76: Total Training Translation Loss 105822.26 
2025-04-01 10:48:17,598 EPOCH 77
2025-04-01 10:49:36,986 [Epoch: 077 Step: 00269700] Batch Translation Loss:  13.497437 => Lr: 0.001000
2025-04-01 10:52:05,553 [Epoch: 077 Step: 00269800] Batch Translation Loss:  45.732178 => Lr: 0.001000
2025-04-01 10:54:48,559 [Epoch: 077 Step: 00269900] Batch Translation Loss:  19.482141 => Lr: 0.001000
2025-04-01 10:57:28,856 [Epoch: 077 Step: 00270000] Batch Translation Loss:  55.982189 => Lr: 0.001000
2025-04-01 11:00:10,360 [Epoch: 077 Step: 00270100] Batch Translation Loss:  36.554440 => Lr: 0.001000
2025-04-01 11:02:50,108 [Epoch: 077 Step: 00270200] Batch Translation Loss:   9.634698 => Lr: 0.001000
2025-04-01 11:05:24,993 [Epoch: 077 Step: 00270300] Batch Translation Loss:  13.461275 => Lr: 0.001000
2025-04-01 11:08:03,938 [Epoch: 077 Step: 00270400] Batch Translation Loss:  36.748268 => Lr: 0.001000
2025-04-01 11:10:48,459 [Epoch: 077 Step: 00270500] Batch Translation Loss:  50.062725 => Lr: 0.001000
2025-04-01 11:13:43,681 [Epoch: 077 Step: 00270600] Batch Translation Loss:  31.664772 => Lr: 0.001000
2025-04-01 11:16:48,362 [Epoch: 077 Step: 00270700] Batch Translation Loss:  54.469837 => Lr: 0.001000
2025-04-01 11:19:41,556 [Epoch: 077 Step: 00270800] Batch Translation Loss:  38.847897 => Lr: 0.001000
2025-04-01 11:22:36,817 [Epoch: 077 Step: 00270900] Batch Translation Loss:  19.711559 => Lr: 0.001000
2025-04-01 11:25:28,728 [Epoch: 077 Step: 00271000] Batch Translation Loss:  30.470339 => Lr: 0.001000
2025-04-01 11:28:28,437 [Epoch: 077 Step: 00271100] Batch Translation Loss:  16.661587 => Lr: 0.001000
2025-04-01 11:31:31,642 [Epoch: 077 Step: 00271200] Batch Translation Loss:  19.102781 => Lr: 0.001000
2025-04-01 11:34:45,877 [Epoch: 077 Step: 00271300] Batch Translation Loss:  42.298855 => Lr: 0.001000
2025-04-01 11:37:53,891 [Epoch: 077 Step: 00271400] Batch Translation Loss:  25.881065 => Lr: 0.001000
2025-04-01 11:40:56,349 [Epoch: 077 Step: 00271500] Batch Translation Loss:  16.981855 => Lr: 0.001000
2025-04-01 11:44:07,223 [Epoch: 077 Step: 00271600] Batch Translation Loss:  40.759941 => Lr: 0.001000
2025-04-01 11:47:10,884 [Epoch: 077 Step: 00271700] Batch Translation Loss:   8.925890 => Lr: 0.001000
2025-04-01 11:50:20,155 [Epoch: 077 Step: 00271800] Batch Translation Loss:  29.389111 => Lr: 0.001000
2025-04-01 11:53:23,763 [Epoch: 077 Step: 00271900] Batch Translation Loss:  14.169686 => Lr: 0.001000
2025-04-01 11:56:31,297 [Epoch: 077 Step: 00272000] Batch Translation Loss:  30.825722 => Lr: 0.001000
2025-04-01 11:59:47,471 [Epoch: 077 Step: 00272100] Batch Translation Loss:  22.931599 => Lr: 0.001000
2025-04-01 12:02:59,540 [Epoch: 077 Step: 00272200] Batch Translation Loss:  25.870026 => Lr: 0.001000
2025-04-01 12:06:05,330 [Epoch: 077 Step: 00272300] Batch Translation Loss:  12.705365 => Lr: 0.001000
2025-04-01 12:09:15,377 [Epoch: 077 Step: 00272400] Batch Translation Loss:  27.349216 => Lr: 0.001000
2025-04-01 12:12:28,540 [Epoch: 077 Step: 00272500] Batch Translation Loss:  21.708845 => Lr: 0.001000
2025-04-01 12:15:38,631 [Epoch: 077 Step: 00272600] Batch Translation Loss:  30.563547 => Lr: 0.001000
2025-04-01 12:18:49,898 [Epoch: 077 Step: 00272700] Batch Translation Loss:  39.729542 => Lr: 0.001000
2025-04-01 12:22:13,207 [Epoch: 077 Step: 00272800] Batch Translation Loss:  21.275726 => Lr: 0.001000
2025-04-01 12:25:27,847 [Epoch: 077 Step: 00272900] Batch Translation Loss:  41.298031 => Lr: 0.001000
2025-04-01 12:28:37,482 [Epoch: 077 Step: 00273000] Batch Translation Loss:  11.161947 => Lr: 0.001000
2025-04-01 12:35:28,211 Saved 518 text references to ./sign_sample_back_to_word\txt_references_273000.txt and 518 text hypotheses to ./sign_sample_back_to_word\txt_hypotheses_273000.txt
2025-04-01 12:38:53,091 [Epoch: 077 Step: 00273100] Batch Translation Loss:  10.889846 => Lr: 0.001000
2025-04-01 12:42:09,686 Epoch  77: Total Training Translation Loss 105357.89 
2025-04-01 12:42:09,688 EPOCH 78
2025-04-01 12:42:15,977 [Epoch: 078 Step: 00273200] Batch Translation Loss:  61.756474 => Lr: 0.001000
2025-04-01 12:44:40,063 [Epoch: 078 Step: 00273300] Batch Translation Loss:  42.048473 => Lr: 0.001000
2025-04-01 12:47:20,478 [Epoch: 078 Step: 00273400] Batch Translation Loss:  22.541660 => Lr: 0.001000
2025-04-01 12:49:50,262 [Epoch: 078 Step: 00273500] Batch Translation Loss:  27.446054 => Lr: 0.001000
2025-04-01 12:52:25,553 [Epoch: 078 Step: 00273600] Batch Translation Loss:  17.807962 => Lr: 0.001000
2025-04-01 12:55:00,959 [Epoch: 078 Step: 00273700] Batch Translation Loss:  19.612589 => Lr: 0.001000
2025-04-01 12:57:29,517 [Epoch: 078 Step: 00273800] Batch Translation Loss:  32.904373 => Lr: 0.001000
2025-04-01 13:00:05,978 [Epoch: 078 Step: 00273900] Batch Translation Loss:  31.739288 => Lr: 0.001000
2025-04-01 13:02:48,764 [Epoch: 078 Step: 00274000] Batch Translation Loss:  13.773303 => Lr: 0.001000
2025-04-01 13:05:30,840 [Epoch: 078 Step: 00274100] Batch Translation Loss:  29.116671 => Lr: 0.001000
2025-04-01 13:08:14,035 [Epoch: 078 Step: 00274200] Batch Translation Loss:  30.958361 => Lr: 0.001000
2025-04-01 13:11:03,746 [Epoch: 078 Step: 00274300] Batch Translation Loss:  32.476479 => Lr: 0.001000
2025-04-01 13:13:47,463 [Epoch: 078 Step: 00274400] Batch Translation Loss:  28.056637 => Lr: 0.001000
2025-04-01 13:16:39,627 [Epoch: 078 Step: 00274500] Batch Translation Loss:  42.521988 => Lr: 0.001000
2025-04-01 13:19:30,039 [Epoch: 078 Step: 00274600] Batch Translation Loss:  19.068823 => Lr: 0.001000
2025-04-01 13:22:32,843 [Epoch: 078 Step: 00274700] Batch Translation Loss:  42.388256 => Lr: 0.001000
2025-04-01 13:25:32,030 [Epoch: 078 Step: 00274800] Batch Translation Loss:  29.718693 => Lr: 0.001000
2025-04-01 13:28:23,851 [Epoch: 078 Step: 00274900] Batch Translation Loss:  20.257122 => Lr: 0.001000
2025-04-01 13:31:27,667 [Epoch: 078 Step: 00275000] Batch Translation Loss:  21.307753 => Lr: 0.001000
2025-04-01 13:34:37,316 [Epoch: 078 Step: 00275100] Batch Translation Loss:  22.688269 => Lr: 0.001000
2025-04-01 13:37:46,775 [Epoch: 078 Step: 00275200] Batch Translation Loss:  21.950924 => Lr: 0.001000
2025-04-01 13:40:43,657 [Epoch: 078 Step: 00275300] Batch Translation Loss:  29.481356 => Lr: 0.001000
2025-04-01 13:43:56,696 [Epoch: 078 Step: 00275400] Batch Translation Loss:  35.761631 => Lr: 0.001000
2025-04-01 13:47:06,475 [Epoch: 078 Step: 00275500] Batch Translation Loss:  31.362890 => Lr: 0.001000
2025-04-01 13:50:13,316 [Epoch: 078 Step: 00275600] Batch Translation Loss:  28.510134 => Lr: 0.001000
2025-04-01 13:53:28,010 [Epoch: 078 Step: 00275700] Batch Translation Loss:  30.004272 => Lr: 0.001000
2025-04-01 13:56:36,356 [Epoch: 078 Step: 00275800] Batch Translation Loss:  27.906721 => Lr: 0.001000
2025-04-01 13:59:43,979 [Epoch: 078 Step: 00275900] Batch Translation Loss:  14.468424 => Lr: 0.001000
2025-04-01 14:02:57,880 [Epoch: 078 Step: 00276000] Batch Translation Loss:  23.709194 => Lr: 0.001000
2025-04-01 14:06:07,167 [Epoch: 078 Step: 00276100] Batch Translation Loss:  40.629704 => Lr: 0.001000
2025-04-01 14:09:18,883 [Epoch: 078 Step: 00276200] Batch Translation Loss:  21.360140 => Lr: 0.001000
2025-04-01 14:12:22,686 [Epoch: 078 Step: 00276300] Batch Translation Loss:  22.244287 => Lr: 0.001000
2025-04-01 14:15:39,962 [Epoch: 078 Step: 00276400] Batch Translation Loss:  37.792980 => Lr: 0.001000
2025-04-01 14:18:47,112 [Epoch: 078 Step: 00276500] Batch Translation Loss:  26.697886 => Lr: 0.001000
2025-04-01 14:25:35,841 Saved 518 text references to ./sign_sample_back_to_word\txt_references_276500.txt and 518 text hypotheses to ./sign_sample_back_to_word\txt_hypotheses_276500.txt
2025-04-01 14:29:05,305 [Epoch: 078 Step: 00276600] Batch Translation Loss:  27.434629 => Lr: 0.001000
2025-04-01 14:32:23,298 [Epoch: 078 Step: 00276700] Batch Translation Loss:  22.867275 => Lr: 0.001000
2025-04-01 14:33:44,287 Epoch  78: Total Training Translation Loss 104751.01 
2025-04-01 14:33:44,289 EPOCH 79
2025-04-01 14:35:13,931 [Epoch: 079 Step: 00276800] Batch Translation Loss:  16.409369 => Lr: 0.001000
2025-04-01 14:37:38,368 [Epoch: 079 Step: 00276900] Batch Translation Loss:  29.469034 => Lr: 0.001000
2025-04-01 14:40:13,011 [Epoch: 079 Step: 00277000] Batch Translation Loss:  15.490938 => Lr: 0.001000
2025-04-01 14:42:49,997 [Epoch: 079 Step: 00277100] Batch Translation Loss:  39.185215 => Lr: 0.001000
2025-04-01 14:45:25,072 [Epoch: 079 Step: 00277200] Batch Translation Loss:  27.582033 => Lr: 0.001000
2025-04-01 14:48:04,151 [Epoch: 079 Step: 00277300] Batch Translation Loss:  22.928480 => Lr: 0.001000
2025-04-01 14:50:40,717 [Epoch: 079 Step: 00277400] Batch Translation Loss:  25.911987 => Lr: 0.001000
2025-04-01 14:53:20,666 [Epoch: 079 Step: 00277500] Batch Translation Loss:  54.826851 => Lr: 0.001000
2025-04-01 14:56:09,285 [Epoch: 079 Step: 00277600] Batch Translation Loss:  23.474058 => Lr: 0.001000
2025-04-01 14:58:54,281 [Epoch: 079 Step: 00277700] Batch Translation Loss:  31.200787 => Lr: 0.001000
2025-04-01 15:01:55,850 [Epoch: 079 Step: 00277800] Batch Translation Loss:  17.751188 => Lr: 0.001000
2025-04-01 15:04:45,219 [Epoch: 079 Step: 00277900] Batch Translation Loss:  21.181599 => Lr: 0.001000
2025-04-01 15:07:30,005 [Epoch: 079 Step: 00278000] Batch Translation Loss:  42.593929 => Lr: 0.001000
2025-04-01 15:10:20,430 [Epoch: 079 Step: 00278100] Batch Translation Loss:  26.751310 => Lr: 0.001000
2025-04-01 15:13:33,068 [Epoch: 079 Step: 00278200] Batch Translation Loss:  54.935993 => Lr: 0.001000
2025-04-01 15:16:36,958 [Epoch: 079 Step: 00278300] Batch Translation Loss:  11.081024 => Lr: 0.001000
2025-04-01 15:19:36,154 [Epoch: 079 Step: 00278400] Batch Translation Loss:  22.765625 => Lr: 0.001000
2025-04-01 15:22:51,955 [Epoch: 079 Step: 00278500] Batch Translation Loss:  18.435352 => Lr: 0.001000
2025-04-01 15:25:50,365 [Epoch: 079 Step: 00278600] Batch Translation Loss:  12.067061 => Lr: 0.001000
2025-04-01 15:29:01,231 [Epoch: 079 Step: 00278700] Batch Translation Loss:  13.331754 => Lr: 0.001000
2025-04-01 15:32:17,339 [Epoch: 079 Step: 00278800] Batch Translation Loss:  33.294098 => Lr: 0.001000
2025-04-01 15:35:25,205 [Epoch: 079 Step: 00278900] Batch Translation Loss:  46.452503 => Lr: 0.001000
2025-04-01 15:38:35,948 [Epoch: 079 Step: 00279000] Batch Translation Loss:  25.345230 => Lr: 0.001000
2025-04-01 15:41:49,143 [Epoch: 079 Step: 00279100] Batch Translation Loss:  61.080547 => Lr: 0.001000
2025-04-01 15:44:55,234 [Epoch: 079 Step: 00279200] Batch Translation Loss:  39.660263 => Lr: 0.001000
2025-04-01 15:48:01,267 [Epoch: 079 Step: 00279300] Batch Translation Loss:  19.397272 => Lr: 0.001000
2025-04-01 15:51:12,245 [Epoch: 079 Step: 00279400] Batch Translation Loss:  13.900291 => Lr: 0.001000
2025-04-01 15:54:21,693 [Epoch: 079 Step: 00279500] Batch Translation Loss:  12.577881 => Lr: 0.001000
2025-04-01 15:57:25,647 [Epoch: 079 Step: 00279600] Batch Translation Loss:  51.285759 => Lr: 0.001000
2025-04-01 16:00:37,619 [Epoch: 079 Step: 00279700] Batch Translation Loss:  60.955914 => Lr: 0.001000
2025-04-01 16:03:44,438 [Epoch: 079 Step: 00279800] Batch Translation Loss:  24.822744 => Lr: 0.001000
2025-04-01 16:06:57,932 [Epoch: 079 Step: 00279900] Batch Translation Loss:  27.577574 => Lr: 0.001000
2025-04-01 16:10:02,496 [Epoch: 079 Step: 00280000] Batch Translation Loss:  18.600019 => Lr: 0.001000
2025-04-01 16:16:51,663 Saved 518 text references to ./sign_sample_back_to_word\txt_references_280000.txt and 518 text hypotheses to ./sign_sample_back_to_word\txt_hypotheses_280000.txt
2025-04-01 16:20:01,497 [Epoch: 079 Step: 00280100] Batch Translation Loss:   7.812420 => Lr: 0.001000
2025-04-01 16:23:12,915 [Epoch: 079 Step: 00280200] Batch Translation Loss:  26.543169 => Lr: 0.001000
2025-04-01 16:26:09,080 Epoch  79: Total Training Translation Loss 104323.84 
2025-04-01 16:26:09,082 EPOCH 80
2025-04-01 16:26:22,568 [Epoch: 080 Step: 00280300] Batch Translation Loss:  30.919178 => Lr: 0.001000
2025-04-01 16:28:43,565 [Epoch: 080 Step: 00280400] Batch Translation Loss:  33.082253 => Lr: 0.001000
2025-04-01 16:31:17,693 [Epoch: 080 Step: 00280500] Batch Translation Loss:  20.387537 => Lr: 0.001000
2025-04-01 16:33:51,703 [Epoch: 080 Step: 00280600] Batch Translation Loss:  37.710835 => Lr: 0.001000
2025-04-01 16:36:31,653 [Epoch: 080 Step: 00280700] Batch Translation Loss:  49.526482 => Lr: 0.001000
2025-04-01 16:39:14,186 [Epoch: 080 Step: 00280800] Batch Translation Loss:  25.238792 => Lr: 0.001000
2025-04-01 16:41:51,675 [Epoch: 080 Step: 00280900] Batch Translation Loss:  21.375984 => Lr: 0.001000
2025-04-01 16:44:26,043 [Epoch: 080 Step: 00281000] Batch Translation Loss:  15.647054 => Lr: 0.001000
2025-04-01 16:47:04,188 [Epoch: 080 Step: 00281100] Batch Translation Loss:  27.902752 => Lr: 0.001000
2025-04-01 16:49:53,983 [Epoch: 080 Step: 00281200] Batch Translation Loss:  34.675259 => Lr: 0.001000
2025-04-01 16:52:40,216 [Epoch: 080 Step: 00281300] Batch Translation Loss:  26.987030 => Lr: 0.001000
2025-04-01 16:55:29,282 [Epoch: 080 Step: 00281400] Batch Translation Loss:  23.119303 => Lr: 0.001000
2025-04-01 16:58:16,714 [Epoch: 080 Step: 00281500] Batch Translation Loss:  51.230583 => Lr: 0.001000
2025-04-01 17:01:15,637 [Epoch: 080 Step: 00281600] Batch Translation Loss:  22.271049 => Lr: 0.001000
2025-04-01 17:04:20,440 [Epoch: 080 Step: 00281700] Batch Translation Loss:  11.909480 => Lr: 0.001000
2025-04-01 17:07:27,448 [Epoch: 080 Step: 00281800] Batch Translation Loss:  34.790333 => Lr: 0.001000
2025-04-01 17:10:21,813 [Epoch: 080 Step: 00281900] Batch Translation Loss:  51.697128 => Lr: 0.001000
2025-04-01 17:13:26,885 [Epoch: 080 Step: 00282000] Batch Translation Loss:  42.194149 => Lr: 0.001000
2025-04-01 17:16:41,266 [Epoch: 080 Step: 00282100] Batch Translation Loss:  26.819197 => Lr: 0.001000
2025-04-01 17:19:54,981 [Epoch: 080 Step: 00282200] Batch Translation Loss:  23.662773 => Lr: 0.001000
2025-04-01 17:23:07,978 [Epoch: 080 Step: 00282300] Batch Translation Loss:  49.034584 => Lr: 0.001000
2025-04-01 17:26:16,875 [Epoch: 080 Step: 00282400] Batch Translation Loss:  26.076822 => Lr: 0.001000
2025-04-01 17:29:32,271 [Epoch: 080 Step: 00282500] Batch Translation Loss:  28.672209 => Lr: 0.001000
2025-04-01 17:32:44,398 [Epoch: 080 Step: 00282600] Batch Translation Loss:  21.962227 => Lr: 0.001000
2025-04-01 17:35:51,709 [Epoch: 080 Step: 00282700] Batch Translation Loss:  25.623201 => Lr: 0.001000
2025-04-01 17:39:07,972 [Epoch: 080 Step: 00282800] Batch Translation Loss:  23.562881 => Lr: 0.001000
2025-04-01 17:42:28,387 [Epoch: 080 Step: 00282900] Batch Translation Loss:  29.342581 => Lr: 0.001000
2025-04-01 17:45:45,241 [Epoch: 080 Step: 00283000] Batch Translation Loss:  24.957909 => Lr: 0.001000
2025-04-01 17:49:01,041 [Epoch: 080 Step: 00283100] Batch Translation Loss:  13.764973 => Lr: 0.001000
2025-04-01 17:52:09,637 [Epoch: 080 Step: 00283200] Batch Translation Loss:  22.629492 => Lr: 0.001000
2025-04-01 17:55:19,752 [Epoch: 080 Step: 00283300] Batch Translation Loss:  33.115280 => Lr: 0.001000
2025-04-01 17:58:24,981 [Epoch: 080 Step: 00283400] Batch Translation Loss:  24.665110 => Lr: 0.001000
2025-04-01 18:01:40,336 [Epoch: 080 Step: 00283500] Batch Translation Loss:  25.762047 => Lr: 0.001000
2025-04-01 18:08:30,250 Saved 518 text references to ./sign_sample_back_to_word\txt_references_283500.txt and 518 text hypotheses to ./sign_sample_back_to_word\txt_hypotheses_283500.txt
2025-04-01 18:08:30,252 Hooray! New best validation result [eval_metric]!
2025-04-01 18:08:30,252 Saving new checkpoint.
2025-04-01 18:11:39,529 [Epoch: 080 Step: 00283600] Batch Translation Loss:  19.648808 => Lr: 0.001000
2025-04-01 18:14:46,499 [Epoch: 080 Step: 00283700] Batch Translation Loss:  19.410898 => Lr: 0.001000
2025-04-01 18:17:57,556 [Epoch: 080 Step: 00283800] Batch Translation Loss:  21.581335 => Lr: 0.001000
2025-04-01 18:19:08,670 Epoch  80: Total Training Translation Loss 103704.00 
2025-04-01 18:19:08,672 EPOCH 81
2025-04-01 18:20:44,094 [Epoch: 081 Step: 00283900] Batch Translation Loss:  31.774378 => Lr: 0.001000
2025-04-01 18:23:12,334 [Epoch: 081 Step: 00284000] Batch Translation Loss:  31.338993 => Lr: 0.001000
2025-04-01 18:25:50,677 [Epoch: 081 Step: 00284100] Batch Translation Loss:  20.139769 => Lr: 0.001000
2025-04-01 18:28:18,292 [Epoch: 081 Step: 00284200] Batch Translation Loss:  25.165470 => Lr: 0.001000
2025-04-01 18:30:52,784 [Epoch: 081 Step: 00284300] Batch Translation Loss:  17.394735 => Lr: 0.001000
2025-04-01 18:33:24,189 [Epoch: 081 Step: 00284400] Batch Translation Loss:  27.294456 => Lr: 0.001000
2025-04-01 18:36:10,880 [Epoch: 081 Step: 00284500] Batch Translation Loss:  55.064449 => Lr: 0.001000
2025-04-01 18:38:45,969 [Epoch: 081 Step: 00284600] Batch Translation Loss:  24.928175 => Lr: 0.001000
2025-04-01 18:41:22,137 [Epoch: 081 Step: 00284700] Batch Translation Loss:  24.197601 => Lr: 0.001000
2025-04-01 18:44:06,243 [Epoch: 081 Step: 00284800] Batch Translation Loss:  24.691751 => Lr: 0.001000
2025-04-01 18:47:08,275 [Epoch: 081 Step: 00284900] Batch Translation Loss:  12.970057 => Lr: 0.001000
2025-04-01 18:49:55,781 [Epoch: 081 Step: 00285000] Batch Translation Loss:  44.333015 => Lr: 0.001000
2025-04-01 18:52:46,264 [Epoch: 081 Step: 00285100] Batch Translation Loss:  49.148830 => Lr: 0.001000
2025-04-01 18:55:48,857 [Epoch: 081 Step: 00285200] Batch Translation Loss:  51.607838 => Lr: 0.001000
2025-04-01 18:58:51,740 [Epoch: 081 Step: 00285300] Batch Translation Loss:  14.550484 => Lr: 0.001000
2025-04-01 19:01:50,652 [Epoch: 081 Step: 00285400] Batch Translation Loss:  26.273180 => Lr: 0.001000
2025-04-01 19:04:59,699 [Epoch: 081 Step: 00285500] Batch Translation Loss:  27.623148 => Lr: 0.001000
2025-04-01 19:07:59,677 [Epoch: 081 Step: 00285600] Batch Translation Loss:  40.406326 => Lr: 0.001000
2025-04-01 19:11:05,652 [Epoch: 081 Step: 00285700] Batch Translation Loss:  41.727375 => Lr: 0.001000
2025-04-01 19:14:08,943 [Epoch: 081 Step: 00285800] Batch Translation Loss:  25.678972 => Lr: 0.001000
2025-04-01 19:17:24,570 [Epoch: 081 Step: 00285900] Batch Translation Loss:  53.513039 => Lr: 0.001000
2025-04-01 19:20:39,937 [Epoch: 081 Step: 00286000] Batch Translation Loss:  16.652725 => Lr: 0.001000
2025-04-01 19:23:48,530 [Epoch: 081 Step: 00286100] Batch Translation Loss:  13.195498 => Lr: 0.001000
2025-04-01 19:27:05,612 [Epoch: 081 Step: 00286200] Batch Translation Loss:  54.815163 => Lr: 0.001000
2025-04-01 19:30:14,634 [Epoch: 081 Step: 00286300] Batch Translation Loss:  41.093071 => Lr: 0.001000
2025-04-01 19:33:18,877 [Epoch: 081 Step: 00286400] Batch Translation Loss:  22.036621 => Lr: 0.001000
2025-04-01 19:36:28,054 [Epoch: 081 Step: 00286500] Batch Translation Loss:  44.576038 => Lr: 0.001000
2025-04-01 19:39:42,068 [Epoch: 081 Step: 00286600] Batch Translation Loss:  63.116058 => Lr: 0.001000
2025-04-01 19:42:58,857 [Epoch: 081 Step: 00286700] Batch Translation Loss:  31.420383 => Lr: 0.001000
2025-04-01 19:46:19,590 [Epoch: 081 Step: 00286800] Batch Translation Loss:  20.278027 => Lr: 0.001000
2025-04-01 19:49:32,502 [Epoch: 081 Step: 00286900] Batch Translation Loss:  22.540812 => Lr: 0.001000
2025-04-01 19:52:45,009 [Epoch: 081 Step: 00287000] Batch Translation Loss:  60.025230 => Lr: 0.001000
2025-04-01 19:59:35,335 Saved 518 text references to ./sign_sample_back_to_word\txt_references_287000.txt and 518 text hypotheses to ./sign_sample_back_to_word\txt_hypotheses_287000.txt
2025-04-01 20:02:43,370 [Epoch: 081 Step: 00287100] Batch Translation Loss:  23.746841 => Lr: 0.001000
2025-04-01 20:06:01,218 [Epoch: 081 Step: 00287200] Batch Translation Loss:  27.873987 => Lr: 0.001000
2025-04-01 20:09:08,169 [Epoch: 081 Step: 00287300] Batch Translation Loss:  61.411251 => Lr: 0.001000
2025-04-01 20:11:56,381 Epoch  81: Total Training Translation Loss 103193.96 
2025-04-01 20:11:56,384 EPOCH 82
2025-04-01 20:12:15,812 [Epoch: 082 Step: 00287400] Batch Translation Loss:  17.317610 => Lr: 0.001000
2025-04-01 20:14:46,394 [Epoch: 082 Step: 00287500] Batch Translation Loss:  42.171894 => Lr: 0.001000
2025-04-01 20:17:18,518 [Epoch: 082 Step: 00287600] Batch Translation Loss:  17.289684 => Lr: 0.001000
2025-04-01 20:19:47,465 [Epoch: 082 Step: 00287700] Batch Translation Loss:  24.924765 => Lr: 0.001000
2025-04-01 20:22:27,946 [Epoch: 082 Step: 00287800] Batch Translation Loss:   7.352143 => Lr: 0.001000
2025-04-01 20:24:59,497 [Epoch: 082 Step: 00287900] Batch Translation Loss:  27.952320 => Lr: 0.001000
2025-04-01 20:27:36,791 [Epoch: 082 Step: 00288000] Batch Translation Loss:  42.571125 => Lr: 0.001000
2025-04-01 20:30:08,233 [Epoch: 082 Step: 00288100] Batch Translation Loss:  53.336151 => Lr: 0.001000
2025-04-01 20:32:46,777 [Epoch: 082 Step: 00288200] Batch Translation Loss:  29.343943 => Lr: 0.001000
2025-04-01 20:35:32,285 [Epoch: 082 Step: 00288300] Batch Translation Loss:  54.988922 => Lr: 0.001000
2025-04-01 20:38:18,137 [Epoch: 082 Step: 00288400] Batch Translation Loss:  26.911346 => Lr: 0.001000
2025-04-01 20:41:01,173 [Epoch: 082 Step: 00288500] Batch Translation Loss:  47.547363 => Lr: 0.001000
2025-04-01 20:43:50,845 [Epoch: 082 Step: 00288600] Batch Translation Loss:  28.419138 => Lr: 0.001000
2025-04-01 20:46:44,557 [Epoch: 082 Step: 00288700] Batch Translation Loss:  19.769125 => Lr: 0.001000
2025-04-01 20:49:39,800 [Epoch: 082 Step: 00288800] Batch Translation Loss:  21.417759 => Lr: 0.001000
2025-04-01 20:52:45,803 [Epoch: 082 Step: 00288900] Batch Translation Loss:  24.394505 => Lr: 0.001000
2025-04-01 20:55:48,902 [Epoch: 082 Step: 00289000] Batch Translation Loss:  32.837700 => Lr: 0.001000
2025-04-01 20:58:54,569 [Epoch: 082 Step: 00289100] Batch Translation Loss:   9.394042 => Lr: 0.001000
2025-04-01 21:01:52,231 [Epoch: 082 Step: 00289200] Batch Translation Loss:  34.470875 => Lr: 0.001000
2025-04-01 21:05:03,977 [Epoch: 082 Step: 00289300] Batch Translation Loss:  19.650036 => Lr: 0.001000
2025-04-01 21:08:17,868 [Epoch: 082 Step: 00289400] Batch Translation Loss:  33.218590 => Lr: 0.001000
2025-04-01 21:11:31,132 [Epoch: 082 Step: 00289500] Batch Translation Loss:  27.917187 => Lr: 0.001000
2025-04-01 21:14:49,029 [Epoch: 082 Step: 00289600] Batch Translation Loss:  35.442272 => Lr: 0.001000
2025-04-01 21:18:06,219 [Epoch: 082 Step: 00289700] Batch Translation Loss:  51.035980 => Lr: 0.001000
2025-04-01 21:21:16,014 [Epoch: 082 Step: 00289800] Batch Translation Loss:  23.762749 => Lr: 0.001000
2025-04-01 21:24:15,979 [Epoch: 082 Step: 00289900] Batch Translation Loss:  12.544885 => Lr: 0.001000
2025-04-01 21:27:21,424 [Epoch: 082 Step: 00290000] Batch Translation Loss:  20.338160 => Lr: 0.001000
2025-04-01 21:30:27,724 [Epoch: 082 Step: 00290100] Batch Translation Loss:  18.552412 => Lr: 0.001000
2025-04-01 21:33:41,164 [Epoch: 082 Step: 00290200] Batch Translation Loss:  19.245001 => Lr: 0.001000
2025-04-01 21:36:56,350 [Epoch: 082 Step: 00290300] Batch Translation Loss:  17.607853 => Lr: 0.001000
2025-04-01 21:40:11,778 [Epoch: 082 Step: 00290400] Batch Translation Loss:  31.850239 => Lr: 0.001000
2025-04-01 21:43:40,610 [Epoch: 082 Step: 00290500] Batch Translation Loss:  19.656107 => Lr: 0.001000
2025-04-01 21:50:30,456 Saved 518 text references to ./sign_sample_back_to_word\txt_references_290500.txt and 518 text hypotheses to ./sign_sample_back_to_word\txt_hypotheses_290500.txt
2025-04-01 21:53:46,984 [Epoch: 082 Step: 00290600] Batch Translation Loss:  23.396780 => Lr: 0.001000
2025-04-01 21:57:07,416 [Epoch: 082 Step: 00290700] Batch Translation Loss:  47.310143 => Lr: 0.001000
2025-04-01 22:00:24,777 [Epoch: 082 Step: 00290800] Batch Translation Loss:  46.028267 => Lr: 0.001000
2025-04-01 22:03:47,293 [Epoch: 082 Step: 00290900] Batch Translation Loss:  14.851401 => Lr: 0.001000
2025-04-01 22:04:57,661 Epoch  82: Total Training Translation Loss 102569.43 
2025-04-01 22:04:57,664 EPOCH 83
2025-04-01 22:06:31,698 [Epoch: 083 Step: 00291000] Batch Translation Loss:  40.224697 => Lr: 0.001000
2025-04-01 22:08:55,740 [Epoch: 083 Step: 00291100] Batch Translation Loss:  10.085976 => Lr: 0.001000
2025-04-01 22:11:45,837 [Epoch: 083 Step: 00291200] Batch Translation Loss:  44.814964 => Lr: 0.001000
2025-04-01 22:14:31,502 [Epoch: 083 Step: 00291300] Batch Translation Loss:  20.946211 => Lr: 0.001000
2025-04-01 22:17:16,185 [Epoch: 083 Step: 00291400] Batch Translation Loss:  28.442900 => Lr: 0.001000
2025-04-01 22:19:57,571 [Epoch: 083 Step: 00291500] Batch Translation Loss:  31.776438 => Lr: 0.001000
2025-04-01 22:22:43,461 [Epoch: 083 Step: 00291600] Batch Translation Loss:  45.609333 => Lr: 0.001000
2025-04-01 22:25:53,554 [Epoch: 083 Step: 00291700] Batch Translation Loss:  32.701111 => Lr: 0.001000
2025-04-01 22:28:51,716 [Epoch: 083 Step: 00291800] Batch Translation Loss:  39.053070 => Lr: 0.001000
2025-04-01 22:31:57,236 [Epoch: 083 Step: 00291900] Batch Translation Loss:  45.773750 => Lr: 0.001000
2025-04-01 22:34:56,621 [Epoch: 083 Step: 00292000] Batch Translation Loss:  19.005922 => Lr: 0.001000
2025-04-01 22:37:49,901 [Epoch: 083 Step: 00292100] Batch Translation Loss:  35.430527 => Lr: 0.001000
2025-04-01 22:40:39,131 [Epoch: 083 Step: 00292200] Batch Translation Loss:  64.240997 => Lr: 0.001000
2025-04-01 22:43:36,740 [Epoch: 083 Step: 00292300] Batch Translation Loss:  13.862266 => Lr: 0.001000
2025-04-01 22:46:33,668 [Epoch: 083 Step: 00292400] Batch Translation Loss:  26.747955 => Lr: 0.001000
2025-04-01 22:49:38,752 [Epoch: 083 Step: 00292500] Batch Translation Loss:  12.737556 => Lr: 0.001000
2025-04-01 22:52:31,554 [Epoch: 083 Step: 00292600] Batch Translation Loss:  32.706478 => Lr: 0.001000
2025-04-01 22:55:48,461 [Epoch: 083 Step: 00292700] Batch Translation Loss:  29.832077 => Lr: 0.001000
2025-04-01 22:58:56,196 [Epoch: 083 Step: 00292800] Batch Translation Loss:  30.848480 => Lr: 0.001000
2025-04-01 23:02:06,267 [Epoch: 083 Step: 00292900] Batch Translation Loss:  25.911694 => Lr: 0.001000
2025-04-01 23:05:17,850 [Epoch: 083 Step: 00293000] Batch Translation Loss:   9.042307 => Lr: 0.001000
2025-04-01 23:08:30,833 [Epoch: 083 Step: 00293100] Batch Translation Loss:  13.410905 => Lr: 0.001000
2025-04-01 23:11:46,101 [Epoch: 083 Step: 00293200] Batch Translation Loss:  41.817688 => Lr: 0.001000
2025-04-01 23:14:56,322 [Epoch: 083 Step: 00293300] Batch Translation Loss:  32.924496 => Lr: 0.001000
2025-04-01 23:18:06,919 [Epoch: 083 Step: 00293400] Batch Translation Loss:  18.065935 => Lr: 0.001000
2025-04-01 23:21:27,014 [Epoch: 083 Step: 00293500] Batch Translation Loss:  35.128780 => Lr: 0.001000
2025-04-01 23:24:48,233 [Epoch: 083 Step: 00293600] Batch Translation Loss:  33.283298 => Lr: 0.001000
2025-04-01 23:28:02,768 [Epoch: 083 Step: 00293700] Batch Translation Loss:  13.778375 => Lr: 0.001000
2025-04-01 23:31:36,357 [Epoch: 083 Step: 00293800] Batch Translation Loss:  25.742229 => Lr: 0.001000
2025-04-01 23:35:12,385 [Epoch: 083 Step: 00293900] Batch Translation Loss:  36.381207 => Lr: 0.001000
2025-04-01 23:38:45,518 [Epoch: 083 Step: 00294000] Batch Translation Loss:  25.113123 => Lr: 0.001000
2025-04-01 23:45:47,271 Saved 518 text references to ./sign_sample_back_to_word\txt_references_294000.txt and 518 text hypotheses to ./sign_sample_back_to_word\txt_hypotheses_294000.txt
2025-04-01 23:45:47,273 Hooray! New best validation result [eval_metric]!
2025-04-01 23:45:47,273 Saving new checkpoint.
2025-04-01 23:49:11,872 [Epoch: 083 Step: 00294100] Batch Translation Loss:  11.605986 => Lr: 0.001000
2025-04-01 23:52:30,447 [Epoch: 083 Step: 00294200] Batch Translation Loss:  25.496984 => Lr: 0.001000
2025-04-01 23:56:02,954 [Epoch: 083 Step: 00294300] Batch Translation Loss:  36.197643 => Lr: 0.001000
2025-04-01 23:59:24,238 [Epoch: 083 Step: 00294400] Batch Translation Loss:  19.469725 => Lr: 0.001000
2025-04-02 00:02:16,760 Epoch  83: Total Training Translation Loss 102166.24 
2025-04-02 00:02:16,763 EPOCH 84
2025-04-02 00:02:46,923 [Epoch: 084 Step: 00294500] Batch Translation Loss:  35.698734 => Lr: 0.001000
2025-04-02 00:05:36,918 [Epoch: 084 Step: 00294600] Batch Translation Loss:  67.522308 => Lr: 0.001000
2025-04-02 00:08:13,870 [Epoch: 084 Step: 00294700] Batch Translation Loss:  10.449088 => Lr: 0.001000
2025-04-02 00:10:50,440 [Epoch: 084 Step: 00294800] Batch Translation Loss:  16.073299 => Lr: 0.001000
2025-04-02 00:13:24,104 [Epoch: 084 Step: 00294900] Batch Translation Loss:  22.187477 => Lr: 0.001000
2025-04-02 00:15:53,514 [Epoch: 084 Step: 00295000] Batch Translation Loss:  17.911369 => Lr: 0.001000
2025-04-02 00:18:32,781 [Epoch: 084 Step: 00295100] Batch Translation Loss:  33.034519 => Lr: 0.001000
2025-04-02 00:21:17,508 [Epoch: 084 Step: 00295200] Batch Translation Loss:   9.677462 => Lr: 0.001000
2025-04-02 00:23:59,845 [Epoch: 084 Step: 00295300] Batch Translation Loss:  22.898329 => Lr: 0.001000
2025-04-02 00:26:45,228 [Epoch: 084 Step: 00295400] Batch Translation Loss:  63.623203 => Lr: 0.001000
2025-04-02 00:29:28,450 [Epoch: 084 Step: 00295500] Batch Translation Loss:  24.472395 => Lr: 0.001000
2025-04-02 00:32:19,844 [Epoch: 084 Step: 00295600] Batch Translation Loss:  16.247889 => Lr: 0.001000
2025-04-02 00:35:13,309 [Epoch: 084 Step: 00295700] Batch Translation Loss:  16.295553 => Lr: 0.001000
2025-04-02 00:38:09,978 [Epoch: 084 Step: 00295800] Batch Translation Loss:  22.253805 => Lr: 0.001000
2025-04-02 00:41:02,168 [Epoch: 084 Step: 00295900] Batch Translation Loss:  52.927120 => Lr: 0.001000
2025-04-02 00:43:55,344 [Epoch: 084 Step: 00296000] Batch Translation Loss:  14.602049 => Lr: 0.001000
2025-04-02 00:47:00,362 [Epoch: 084 Step: 00296100] Batch Translation Loss:  15.813560 => Lr: 0.001000
2025-04-02 00:50:11,483 [Epoch: 084 Step: 00296200] Batch Translation Loss:  13.905025 => Lr: 0.001000
2025-04-02 00:53:18,865 [Epoch: 084 Step: 00296300] Batch Translation Loss:  41.334389 => Lr: 0.001000
2025-04-02 00:56:27,123 [Epoch: 084 Step: 00296400] Batch Translation Loss:  16.290684 => Lr: 0.001000
2025-04-02 00:59:35,094 [Epoch: 084 Step: 00296500] Batch Translation Loss:  22.937531 => Lr: 0.001000
2025-04-02 01:02:49,739 [Epoch: 084 Step: 00296600] Batch Translation Loss:  15.990360 => Lr: 0.001000
2025-04-02 01:06:14,540 [Epoch: 084 Step: 00296700] Batch Translation Loss:  25.283993 => Lr: 0.001000
2025-04-02 01:09:24,326 [Epoch: 084 Step: 00296800] Batch Translation Loss:  12.395525 => Lr: 0.001000
2025-04-02 01:12:45,499 [Epoch: 084 Step: 00296900] Batch Translation Loss:  21.468874 => Lr: 0.001000
2025-04-02 01:15:59,155 [Epoch: 084 Step: 00297000] Batch Translation Loss:  23.641264 => Lr: 0.001000
2025-04-02 01:19:04,709 [Epoch: 084 Step: 00297100] Batch Translation Loss:  42.146290 => Lr: 0.001000
2025-04-02 01:22:15,880 [Epoch: 084 Step: 00297200] Batch Translation Loss:  23.295734 => Lr: 0.001000
2025-04-02 01:25:21,664 [Epoch: 084 Step: 00297300] Batch Translation Loss:  46.555016 => Lr: 0.001000
2025-04-02 01:28:31,639 [Epoch: 084 Step: 00297400] Batch Translation Loss:  20.387016 => Lr: 0.001000
2025-04-02 01:31:47,198 [Epoch: 084 Step: 00297500] Batch Translation Loss:  30.906195 => Lr: 0.001000
2025-04-02 01:38:25,472 Saved 518 text references to ./sign_sample_back_to_word\txt_references_297500.txt and 518 text hypotheses to ./sign_sample_back_to_word\txt_hypotheses_297500.txt
2025-04-02 01:41:22,335 [Epoch: 084 Step: 00297600] Batch Translation Loss:  31.425379 => Lr: 0.001000
2025-04-02 01:44:26,855 [Epoch: 084 Step: 00297700] Batch Translation Loss:  16.647654 => Lr: 0.001000
2025-04-02 01:47:29,960 [Epoch: 084 Step: 00297800] Batch Translation Loss:  35.411736 => Lr: 0.001000
2025-04-02 01:50:29,747 [Epoch: 084 Step: 00297900] Batch Translation Loss:   7.483966 => Lr: 0.001000
2025-04-02 01:53:43,466 [Epoch: 084 Step: 00298000] Batch Translation Loss:  21.232069 => Lr: 0.001000
2025-04-02 01:54:52,496 Epoch  84: Total Training Translation Loss 101555.04 
2025-04-02 01:54:52,498 EPOCH 85
2025-04-02 01:56:47,791 [Epoch: 085 Step: 00298100] Batch Translation Loss:  28.986605 => Lr: 0.001000
2025-04-02 01:59:35,610 [Epoch: 085 Step: 00298200] Batch Translation Loss:  21.455441 => Lr: 0.001000
2025-04-02 02:02:29,482 [Epoch: 085 Step: 00298300] Batch Translation Loss:  14.480011 => Lr: 0.001000
2025-04-02 02:05:13,593 [Epoch: 085 Step: 00298400] Batch Translation Loss:  17.740808 => Lr: 0.001000
2025-04-02 02:07:56,236 [Epoch: 085 Step: 00298500] Batch Translation Loss:   6.744784 => Lr: 0.001000
2025-04-02 02:10:45,531 [Epoch: 085 Step: 00298600] Batch Translation Loss:  21.352760 => Lr: 0.001000
2025-04-02 02:13:25,323 [Epoch: 085 Step: 00298700] Batch Translation Loss:  46.789154 => Lr: 0.001000
2025-04-02 02:16:10,697 [Epoch: 085 Step: 00298800] Batch Translation Loss:  15.453911 => Lr: 0.001000
2025-04-02 02:18:49,489 [Epoch: 085 Step: 00298900] Batch Translation Loss:  37.242039 => Lr: 0.001000
2025-04-02 02:21:44,974 [Epoch: 085 Step: 00299000] Batch Translation Loss:  35.703049 => Lr: 0.001000
2025-04-02 02:24:32,698 [Epoch: 085 Step: 00299100] Batch Translation Loss:  31.393026 => Lr: 0.001000
2025-04-02 02:27:21,081 [Epoch: 085 Step: 00299200] Batch Translation Loss:  32.927189 => Lr: 0.001000
2025-04-02 02:30:13,457 [Epoch: 085 Step: 00299300] Batch Translation Loss:  22.519653 => Lr: 0.001000
2025-04-02 02:32:57,244 [Epoch: 085 Step: 00299400] Batch Translation Loss:  13.971653 => Lr: 0.001000
2025-04-02 02:35:46,224 [Epoch: 085 Step: 00299500] Batch Translation Loss:  25.180849 => Lr: 0.001000
2025-04-02 02:38:33,030 [Epoch: 085 Step: 00299600] Batch Translation Loss:  20.319361 => Lr: 0.001000
2025-04-02 02:41:32,266 [Epoch: 085 Step: 00299700] Batch Translation Loss:  59.129192 => Lr: 0.001000
2025-04-02 02:44:34,546 [Epoch: 085 Step: 00299800] Batch Translation Loss:  47.098080 => Lr: 0.001000
2025-04-02 02:47:31,438 [Epoch: 085 Step: 00299900] Batch Translation Loss:  22.977047 => Lr: 0.001000
2025-04-02 02:50:51,816 [Epoch: 085 Step: 00300000] Batch Translation Loss:  22.614017 => Lr: 0.001000
2025-04-02 02:53:58,998 [Epoch: 085 Step: 00300100] Batch Translation Loss:  26.284922 => Lr: 0.001000
2025-04-02 02:57:12,504 [Epoch: 085 Step: 00300200] Batch Translation Loss:  21.726357 => Lr: 0.001000
2025-04-02 03:00:16,677 [Epoch: 085 Step: 00300300] Batch Translation Loss:  30.398340 => Lr: 0.001000
2025-04-02 03:03:20,267 [Epoch: 085 Step: 00300400] Batch Translation Loss:  30.615246 => Lr: 0.001000
2025-04-02 03:06:25,754 [Epoch: 085 Step: 00300500] Batch Translation Loss:  52.085278 => Lr: 0.001000
2025-04-02 03:09:32,771 [Epoch: 085 Step: 00300600] Batch Translation Loss:  28.963327 => Lr: 0.001000
2025-04-02 03:12:26,360 [Epoch: 085 Step: 00300700] Batch Translation Loss:  11.856040 => Lr: 0.001000
2025-04-02 03:15:32,406 [Epoch: 085 Step: 00300800] Batch Translation Loss:  24.472336 => Lr: 0.001000
2025-04-02 03:18:31,211 [Epoch: 085 Step: 00300900] Batch Translation Loss:  49.127178 => Lr: 0.001000
2025-04-02 03:21:34,917 [Epoch: 085 Step: 00301000] Batch Translation Loss:  18.295343 => Lr: 0.001000
2025-04-02 03:28:15,827 Saved 518 text references to ./sign_sample_back_to_word\txt_references_301000.txt and 518 text hypotheses to ./sign_sample_back_to_word\txt_hypotheses_301000.txt
2025-04-02 03:31:19,406 [Epoch: 085 Step: 00301100] Batch Translation Loss:  23.243849 => Lr: 0.001000
2025-04-02 03:34:23,713 [Epoch: 085 Step: 00301200] Batch Translation Loss:  37.945568 => Lr: 0.001000
2025-04-02 03:37:30,788 [Epoch: 085 Step: 00301300] Batch Translation Loss:  44.254761 => Lr: 0.001000
2025-04-02 03:40:39,700 [Epoch: 085 Step: 00301400] Batch Translation Loss:  20.008434 => Lr: 0.001000
2025-04-02 03:43:51,263 [Epoch: 085 Step: 00301500] Batch Translation Loss:  32.460934 => Lr: 0.001000
2025-04-02 03:46:21,588 Epoch  85: Total Training Translation Loss 100958.53 
2025-04-02 03:46:21,590 EPOCH 86
2025-04-02 03:46:56,344 [Epoch: 086 Step: 00301600] Batch Translation Loss:  28.431738 => Lr: 0.001000
2025-04-02 03:49:44,945 [Epoch: 086 Step: 00301700] Batch Translation Loss:  26.292837 => Lr: 0.001000
2025-04-02 03:52:32,710 [Epoch: 086 Step: 00301800] Batch Translation Loss:  16.666037 => Lr: 0.001000
2025-04-02 03:55:23,226 [Epoch: 086 Step: 00301900] Batch Translation Loss:  45.258312 => Lr: 0.001000
2025-04-02 03:58:11,605 [Epoch: 086 Step: 00302000] Batch Translation Loss:  26.999275 => Lr: 0.001000
2025-04-02 04:01:06,598 [Epoch: 086 Step: 00302100] Batch Translation Loss:  32.563953 => Lr: 0.001000
2025-04-02 04:04:02,048 [Epoch: 086 Step: 00302200] Batch Translation Loss:  27.496630 => Lr: 0.001000
2025-04-02 04:06:56,281 [Epoch: 086 Step: 00302300] Batch Translation Loss:  35.408421 => Lr: 0.001000
2025-04-02 04:09:44,034 [Epoch: 086 Step: 00302400] Batch Translation Loss:  33.430256 => Lr: 0.001000
2025-04-02 04:12:42,737 [Epoch: 086 Step: 00302500] Batch Translation Loss:  44.742138 => Lr: 0.001000
2025-04-02 04:15:26,879 [Epoch: 086 Step: 00302600] Batch Translation Loss:  10.904938 => Lr: 0.001000
2025-04-02 04:18:23,606 [Epoch: 086 Step: 00302700] Batch Translation Loss:  12.497761 => Lr: 0.001000
2025-04-02 04:21:16,279 [Epoch: 086 Step: 00302800] Batch Translation Loss:  38.629566 => Lr: 0.001000
2025-04-02 04:24:18,346 [Epoch: 086 Step: 00302900] Batch Translation Loss:  53.956059 => Lr: 0.001000
2025-04-02 04:27:13,178 [Epoch: 086 Step: 00303000] Batch Translation Loss:  43.421703 => Lr: 0.001000
2025-04-02 04:30:07,507 [Epoch: 086 Step: 00303100] Batch Translation Loss:  45.992294 => Lr: 0.001000
2025-04-02 04:33:04,257 [Epoch: 086 Step: 00303200] Batch Translation Loss:  30.030758 => Lr: 0.001000
2025-04-02 04:35:56,416 [Epoch: 086 Step: 00303300] Batch Translation Loss:  26.360270 => Lr: 0.001000
2025-04-02 04:39:02,208 [Epoch: 086 Step: 00303400] Batch Translation Loss:   4.504216 => Lr: 0.001000
2025-04-02 04:42:13,545 [Epoch: 086 Step: 00303500] Batch Translation Loss:  41.211033 => Lr: 0.001000
2025-04-02 04:45:19,369 [Epoch: 086 Step: 00303600] Batch Translation Loss:  23.133749 => Lr: 0.001000
2025-04-02 04:48:31,505 [Epoch: 086 Step: 00303700] Batch Translation Loss:   8.167137 => Lr: 0.001000
2025-04-02 04:51:47,179 [Epoch: 086 Step: 00303800] Batch Translation Loss:  15.725514 => Lr: 0.001000
2025-04-02 04:54:52,620 [Epoch: 086 Step: 00303900] Batch Translation Loss:  25.319077 => Lr: 0.001000
2025-04-02 04:58:04,545 [Epoch: 086 Step: 00304000] Batch Translation Loss:  28.557577 => Lr: 0.001000
2025-04-02 05:01:14,913 [Epoch: 086 Step: 00304100] Batch Translation Loss:  26.910397 => Lr: 0.001000
2025-04-02 05:04:21,512 [Epoch: 086 Step: 00304200] Batch Translation Loss:  55.054272 => Lr: 0.001000
2025-04-02 05:07:27,551 [Epoch: 086 Step: 00304300] Batch Translation Loss:   8.311999 => Lr: 0.001000
2025-04-02 05:10:32,308 [Epoch: 086 Step: 00304400] Batch Translation Loss:  22.548035 => Lr: 0.001000
2025-04-02 05:13:40,243 [Epoch: 086 Step: 00304500] Batch Translation Loss:  39.299984 => Lr: 0.001000
2025-04-02 05:20:19,854 Saved 518 text references to ./sign_sample_back_to_word\txt_references_304500.txt and 518 text hypotheses to ./sign_sample_back_to_word\txt_hypotheses_304500.txt
2025-04-02 05:23:25,067 [Epoch: 086 Step: 00304600] Batch Translation Loss:  42.320335 => Lr: 0.001000
2025-04-02 05:26:31,971 [Epoch: 086 Step: 00304700] Batch Translation Loss:  21.751818 => Lr: 0.001000
2025-04-02 05:29:39,925 [Epoch: 086 Step: 00304800] Batch Translation Loss:  28.092960 => Lr: 0.001000
2025-04-02 05:32:41,436 [Epoch: 086 Step: 00304900] Batch Translation Loss:  20.135801 => Lr: 0.001000
2025-04-02 05:35:48,794 [Epoch: 086 Step: 00305000] Batch Translation Loss:  30.566053 => Lr: 0.001000
2025-04-02 05:38:56,959 [Epoch: 086 Step: 00305100] Batch Translation Loss:  33.775528 => Lr: 0.001000
2025-04-02 05:39:48,543 Epoch  86: Total Training Translation Loss 100455.25 
2025-04-02 05:39:48,547 EPOCH 87
2025-04-02 05:41:41,643 [Epoch: 087 Step: 00305200] Batch Translation Loss:  21.303268 => Lr: 0.001000
2025-04-02 05:44:11,142 [Epoch: 087 Step: 00305300] Batch Translation Loss:  47.020351 => Lr: 0.001000
2025-04-02 05:46:45,519 [Epoch: 087 Step: 00305400] Batch Translation Loss:   7.705459 => Lr: 0.001000
2025-04-02 05:49:22,925 [Epoch: 087 Step: 00305500] Batch Translation Loss:  26.158224 => Lr: 0.001000
2025-04-02 05:52:09,692 [Epoch: 087 Step: 00305600] Batch Translation Loss:  29.579775 => Lr: 0.001000
2025-04-02 05:54:56,031 [Epoch: 087 Step: 00305700] Batch Translation Loss:  64.709381 => Lr: 0.001000
2025-04-02 05:57:44,170 [Epoch: 087 Step: 00305800] Batch Translation Loss:  24.734955 => Lr: 0.001000
2025-04-02 06:00:36,443 [Epoch: 087 Step: 00305900] Batch Translation Loss:  15.062454 => Lr: 0.001000
2025-04-02 06:03:19,162 [Epoch: 087 Step: 00306000] Batch Translation Loss:  32.512054 => Lr: 0.001000
2025-04-02 06:06:04,777 [Epoch: 087 Step: 00306100] Batch Translation Loss:  45.299534 => Lr: 0.001000
2025-04-02 06:09:07,718 [Epoch: 087 Step: 00306200] Batch Translation Loss:  42.449730 => Lr: 0.001000
2025-04-02 06:12:04,945 [Epoch: 087 Step: 00306300] Batch Translation Loss:  32.037819 => Lr: 0.001000
2025-04-02 06:14:57,671 [Epoch: 087 Step: 00306400] Batch Translation Loss:  26.816809 => Lr: 0.001000
2025-04-02 06:17:47,528 [Epoch: 087 Step: 00306500] Batch Translation Loss:  19.097080 => Lr: 0.001000
2025-04-02 06:20:48,273 [Epoch: 087 Step: 00306600] Batch Translation Loss:  37.827316 => Lr: 0.001000
2025-04-02 06:23:47,915 [Epoch: 087 Step: 00306700] Batch Translation Loss:  26.158924 => Lr: 0.001000
2025-04-02 06:26:38,330 [Epoch: 087 Step: 00306800] Batch Translation Loss:  24.922714 => Lr: 0.001000
2025-04-02 06:29:40,710 [Epoch: 087 Step: 00306900] Batch Translation Loss:  10.721913 => Lr: 0.001000
2025-04-02 06:32:42,568 [Epoch: 087 Step: 00307000] Batch Translation Loss:  27.332212 => Lr: 0.001000
2025-04-02 06:35:48,432 [Epoch: 087 Step: 00307100] Batch Translation Loss:  48.304371 => Lr: 0.001000
2025-04-02 06:38:57,574 [Epoch: 087 Step: 00307200] Batch Translation Loss:  13.534536 => Lr: 0.001000
2025-04-02 06:42:06,816 [Epoch: 087 Step: 00307300] Batch Translation Loss:  19.984333 => Lr: 0.001000
2025-04-02 06:45:10,742 [Epoch: 087 Step: 00307400] Batch Translation Loss:  17.563747 => Lr: 0.001000
2025-04-02 06:48:18,414 [Epoch: 087 Step: 00307500] Batch Translation Loss:  18.874647 => Lr: 0.001000
2025-04-02 06:51:22,938 [Epoch: 087 Step: 00307600] Batch Translation Loss:  34.830048 => Lr: 0.001000
2025-04-02 06:54:34,440 [Epoch: 087 Step: 00307700] Batch Translation Loss:  32.245014 => Lr: 0.001000
2025-04-02 06:57:36,893 [Epoch: 087 Step: 00307800] Batch Translation Loss:  31.696014 => Lr: 0.001000
2025-04-02 07:00:41,429 [Epoch: 087 Step: 00307900] Batch Translation Loss:  22.699511 => Lr: 0.001000
2025-04-02 07:03:51,825 [Epoch: 087 Step: 00308000] Batch Translation Loss:  40.589470 => Lr: 0.001000
2025-04-02 07:10:32,249 Saved 518 text references to ./sign_sample_back_to_word\txt_references_308000.txt and 518 text hypotheses to ./sign_sample_back_to_word\txt_hypotheses_308000.txt
2025-04-02 07:13:41,300 [Epoch: 087 Step: 00308100] Batch Translation Loss:  23.031134 => Lr: 0.001000
2025-04-02 07:16:50,820 [Epoch: 087 Step: 00308200] Batch Translation Loss:  35.438339 => Lr: 0.001000
2025-04-02 07:20:00,432 [Epoch: 087 Step: 00308300] Batch Translation Loss:  13.516904 => Lr: 0.001000
2025-04-02 07:23:03,004 [Epoch: 087 Step: 00308400] Batch Translation Loss:  39.723751 => Lr: 0.001000
2025-04-02 07:26:03,422 [Epoch: 087 Step: 00308500] Batch Translation Loss:  32.368835 => Lr: 0.001000
2025-04-02 07:29:01,328 [Epoch: 087 Step: 00308600] Batch Translation Loss:  27.500269 => Lr: 0.001000
2025-04-02 07:31:23,648 Epoch  87: Total Training Translation Loss 99822.25 
2025-04-02 07:31:23,651 EPOCH 88
2025-04-02 07:32:04,302 [Epoch: 088 Step: 00308700] Batch Translation Loss:  25.524834 => Lr: 0.001000
2025-04-02 07:34:55,903 [Epoch: 088 Step: 00308800] Batch Translation Loss:   5.056906 => Lr: 0.001000
2025-04-02 07:37:28,059 [Epoch: 088 Step: 00308900] Batch Translation Loss:  20.260632 => Lr: 0.001000
2025-04-02 07:40:15,966 [Epoch: 088 Step: 00309000] Batch Translation Loss:   4.519600 => Lr: 0.001000
2025-04-02 07:43:11,085 [Epoch: 088 Step: 00309100] Batch Translation Loss:  30.966770 => Lr: 0.001000
2025-04-02 07:45:54,138 [Epoch: 088 Step: 00309200] Batch Translation Loss:  19.988466 => Lr: 0.001000
2025-04-02 07:48:50,390 [Epoch: 088 Step: 00309300] Batch Translation Loss:   8.433000 => Lr: 0.001000
2025-04-02 07:51:45,567 [Epoch: 088 Step: 00309400] Batch Translation Loss:  36.366283 => Lr: 0.001000
2025-04-02 07:54:36,562 [Epoch: 088 Step: 00309500] Batch Translation Loss:  22.901415 => Lr: 0.001000
2025-04-02 07:57:24,816 [Epoch: 088 Step: 00309600] Batch Translation Loss:  26.704067 => Lr: 0.001000
2025-04-02 08:00:12,169 [Epoch: 088 Step: 00309700] Batch Translation Loss:  17.263485 => Lr: 0.001000
2025-04-02 08:03:03,419 [Epoch: 088 Step: 00309800] Batch Translation Loss:  16.320236 => Lr: 0.001000
2025-04-02 08:05:47,742 [Epoch: 088 Step: 00309900] Batch Translation Loss:  22.897770 => Lr: 0.001000
2025-04-02 08:08:27,556 [Epoch: 088 Step: 00310000] Batch Translation Loss:  24.958233 => Lr: 0.001000
2025-04-02 08:11:20,130 [Epoch: 088 Step: 00310100] Batch Translation Loss:  71.075096 => Lr: 0.001000
2025-04-02 08:14:18,357 [Epoch: 088 Step: 00310200] Batch Translation Loss:  31.529800 => Lr: 0.001000
2025-04-02 08:17:13,661 [Epoch: 088 Step: 00310300] Batch Translation Loss:  23.399134 => Lr: 0.001000
2025-04-02 08:20:04,980 [Epoch: 088 Step: 00310400] Batch Translation Loss:  21.255856 => Lr: 0.001000
2025-04-02 08:23:07,823 [Epoch: 088 Step: 00310500] Batch Translation Loss:  32.658821 => Lr: 0.001000
2025-04-02 08:26:04,723 [Epoch: 088 Step: 00310600] Batch Translation Loss:  18.776493 => Lr: 0.001000
2025-04-02 08:29:13,615 [Epoch: 088 Step: 00310700] Batch Translation Loss:  27.248642 => Lr: 0.001000
2025-04-02 08:32:26,953 [Epoch: 088 Step: 00310800] Batch Translation Loss:  81.192604 => Lr: 0.001000
2025-04-02 08:35:33,480 [Epoch: 088 Step: 00310900] Batch Translation Loss:  60.747086 => Lr: 0.001000
2025-04-02 08:38:42,236 [Epoch: 088 Step: 00311000] Batch Translation Loss:  19.481276 => Lr: 0.001000
2025-04-02 08:41:45,965 [Epoch: 088 Step: 00311100] Batch Translation Loss:  26.115341 => Lr: 0.001000
2025-04-02 08:44:53,222 [Epoch: 088 Step: 00311200] Batch Translation Loss:  18.337719 => Lr: 0.001000
2025-04-02 08:47:53,921 [Epoch: 088 Step: 00311300] Batch Translation Loss:  26.952295 => Lr: 0.001000
2025-04-02 08:50:56,412 [Epoch: 088 Step: 00311400] Batch Translation Loss:  38.335907 => Lr: 0.001000
2025-04-02 08:54:06,523 [Epoch: 088 Step: 00311500] Batch Translation Loss:  17.764507 => Lr: 0.001000
2025-04-02 09:00:46,261 Saved 518 text references to ./sign_sample_back_to_word\txt_references_311500.txt and 518 text hypotheses to ./sign_sample_back_to_word\txt_hypotheses_311500.txt
2025-04-02 09:03:58,582 [Epoch: 088 Step: 00311600] Batch Translation Loss:  16.840158 => Lr: 0.001000
2025-04-02 09:07:00,749 [Epoch: 088 Step: 00311700] Batch Translation Loss:  11.736350 => Lr: 0.001000
2025-04-02 09:10:06,667 [Epoch: 088 Step: 00311800] Batch Translation Loss:  25.146082 => Lr: 0.001000
2025-04-02 09:13:08,376 [Epoch: 088 Step: 00311900] Batch Translation Loss:  63.132271 => Lr: 0.001000
2025-04-02 09:16:16,659 [Epoch: 088 Step: 00312000] Batch Translation Loss:   4.604561 => Lr: 0.001000
2025-04-02 09:19:19,363 [Epoch: 088 Step: 00312100] Batch Translation Loss:  15.411655 => Lr: 0.001000
2025-04-02 09:22:21,955 [Epoch: 088 Step: 00312200] Batch Translation Loss:  31.695227 => Lr: 0.001000
2025-04-02 09:23:07,179 Epoch  88: Total Training Translation Loss 99585.80 
2025-04-02 09:23:07,181 EPOCH 89
2025-04-02 09:24:58,484 [Epoch: 089 Step: 00312300] Batch Translation Loss:  19.315252 => Lr: 0.001000
2025-04-02 09:27:27,803 [Epoch: 089 Step: 00312400] Batch Translation Loss:  15.575928 => Lr: 0.001000
2025-04-02 09:30:01,842 [Epoch: 089 Step: 00312500] Batch Translation Loss:  41.458557 => Lr: 0.001000
2025-04-02 09:32:40,876 [Epoch: 089 Step: 00312600] Batch Translation Loss:  35.340794 => Lr: 0.001000
2025-04-02 09:35:18,883 [Epoch: 089 Step: 00312700] Batch Translation Loss:  28.874601 => Lr: 0.001000
2025-04-02 09:38:24,828 [Epoch: 089 Step: 00312800] Batch Translation Loss:  19.882904 => Lr: 0.001000
2025-04-02 09:41:12,960 [Epoch: 089 Step: 00312900] Batch Translation Loss:  19.531933 => Lr: 0.001000
2025-04-02 09:44:09,771 [Epoch: 089 Step: 00313000] Batch Translation Loss:  26.858694 => Lr: 0.001000
2025-04-02 09:47:01,803 [Epoch: 089 Step: 00313100] Batch Translation Loss:  20.723860 => Lr: 0.001000
2025-04-02 09:49:43,861 [Epoch: 089 Step: 00313200] Batch Translation Loss:  18.020424 => Lr: 0.001000
2025-04-02 09:52:29,808 [Epoch: 089 Step: 00313300] Batch Translation Loss:  19.960882 => Lr: 0.001000
2025-04-02 09:55:12,414 [Epoch: 089 Step: 00313400] Batch Translation Loss:  25.894247 => Lr: 0.001000
2025-04-02 09:57:57,703 [Epoch: 089 Step: 00313500] Batch Translation Loss:  15.474707 => Lr: 0.001000
2025-04-02 10:00:48,119 [Epoch: 089 Step: 00313600] Batch Translation Loss:  20.010176 => Lr: 0.001000
2025-04-02 10:03:48,075 [Epoch: 089 Step: 00313700] Batch Translation Loss:  44.616966 => Lr: 0.001000
2025-04-02 10:06:42,984 [Epoch: 089 Step: 00313800] Batch Translation Loss:  20.553717 => Lr: 0.001000
2025-04-02 10:09:47,434 [Epoch: 089 Step: 00313900] Batch Translation Loss:  29.263704 => Lr: 0.001000
2025-04-02 10:12:45,656 [Epoch: 089 Step: 00314000] Batch Translation Loss:  49.695343 => Lr: 0.001000
2025-04-02 10:15:49,391 [Epoch: 089 Step: 00314100] Batch Translation Loss:  30.115538 => Lr: 0.001000
2025-04-02 10:18:48,612 [Epoch: 089 Step: 00314200] Batch Translation Loss:  17.800871 => Lr: 0.001000
2025-04-02 10:21:52,913 [Epoch: 089 Step: 00314300] Batch Translation Loss:  12.276578 => Lr: 0.001000
2025-04-02 10:24:58,443 [Epoch: 089 Step: 00314400] Batch Translation Loss:  46.501045 => Lr: 0.001000
2025-04-02 10:27:56,318 [Epoch: 089 Step: 00314500] Batch Translation Loss:  49.162888 => Lr: 0.001000
2025-04-02 10:30:59,488 [Epoch: 089 Step: 00314600] Batch Translation Loss:  57.621292 => Lr: 0.001000
2025-04-02 10:34:00,048 [Epoch: 089 Step: 00314700] Batch Translation Loss:  27.103556 => Lr: 0.001000
2025-04-02 10:36:57,994 [Epoch: 089 Step: 00314800] Batch Translation Loss:  34.188293 => Lr: 0.001000
2025-04-02 10:40:11,849 [Epoch: 089 Step: 00314900] Batch Translation Loss:  54.271854 => Lr: 0.001000
2025-04-02 10:43:29,391 [Epoch: 089 Step: 00315000] Batch Translation Loss:  67.050644 => Lr: 0.001000
2025-04-02 10:50:38,619 Saved 518 text references to ./sign_sample_back_to_word\txt_references_315000.txt and 518 text hypotheses to ./sign_sample_back_to_word\txt_hypotheses_315000.txt
2025-04-02 10:53:46,335 [Epoch: 089 Step: 00315100] Batch Translation Loss:  34.568150 => Lr: 0.001000
2025-04-02 10:56:53,019 [Epoch: 089 Step: 00315200] Batch Translation Loss:  42.650917 => Lr: 0.001000
2025-04-02 10:59:59,847 [Epoch: 089 Step: 00315300] Batch Translation Loss:  13.841804 => Lr: 0.001000
2025-04-02 11:03:24,885 [Epoch: 089 Step: 00315400] Batch Translation Loss:  44.935986 => Lr: 0.001000
2025-04-02 11:06:39,198 [Epoch: 089 Step: 00315500] Batch Translation Loss:  64.571167 => Lr: 0.001000
2025-04-02 11:09:52,129 [Epoch: 089 Step: 00315600] Batch Translation Loss:  14.859908 => Lr: 0.001000
2025-04-02 11:12:57,039 [Epoch: 089 Step: 00315700] Batch Translation Loss:  11.251996 => Lr: 0.001000
2025-04-02 11:15:09,123 Epoch  89: Total Training Translation Loss 98882.12 
2025-04-02 11:15:09,127 EPOCH 90
2025-04-02 11:15:50,884 [Epoch: 090 Step: 00315800] Batch Translation Loss:  29.253143 => Lr: 0.001000
2025-04-02 11:18:10,928 [Epoch: 090 Step: 00315900] Batch Translation Loss:  40.704239 => Lr: 0.001000
2025-04-02 11:20:39,680 [Epoch: 090 Step: 00316000] Batch Translation Loss:  32.944489 => Lr: 0.001000
2025-04-02 11:23:06,528 [Epoch: 090 Step: 00316100] Batch Translation Loss:  26.751265 => Lr: 0.001000
2025-04-02 11:25:43,788 [Epoch: 090 Step: 00316200] Batch Translation Loss:  12.186312 => Lr: 0.001000
2025-04-02 11:28:24,377 [Epoch: 090 Step: 00316300] Batch Translation Loss:  13.513874 => Lr: 0.001000
2025-04-02 11:31:05,823 [Epoch: 090 Step: 00316400] Batch Translation Loss:   6.943422 => Lr: 0.001000
2025-04-02 11:33:49,489 [Epoch: 090 Step: 00316500] Batch Translation Loss:  32.029758 => Lr: 0.001000
2025-04-02 11:36:31,624 [Epoch: 090 Step: 00316600] Batch Translation Loss:  42.905399 => Lr: 0.001000
2025-04-02 11:39:20,789 [Epoch: 090 Step: 00316700] Batch Translation Loss:  38.435673 => Lr: 0.001000
2025-04-02 11:42:03,349 [Epoch: 090 Step: 00316800] Batch Translation Loss:  19.614803 => Lr: 0.001000
2025-04-02 11:44:57,798 [Epoch: 090 Step: 00316900] Batch Translation Loss:  18.348543 => Lr: 0.001000
2025-04-02 11:47:33,809 [Epoch: 090 Step: 00317000] Batch Translation Loss:  18.691841 => Lr: 0.001000
2025-04-02 11:50:21,733 [Epoch: 090 Step: 00317100] Batch Translation Loss:  13.747895 => Lr: 0.001000
2025-04-02 11:53:17,104 [Epoch: 090 Step: 00317200] Batch Translation Loss:  20.356888 => Lr: 0.001000
2025-04-02 11:56:10,493 [Epoch: 090 Step: 00317300] Batch Translation Loss:  47.998142 => Lr: 0.001000
2025-04-02 11:59:06,615 [Epoch: 090 Step: 00317400] Batch Translation Loss:  11.671732 => Lr: 0.001000
2025-04-02 12:02:06,087 [Epoch: 090 Step: 00317500] Batch Translation Loss:  39.042927 => Lr: 0.001000
2025-04-02 12:05:10,991 [Epoch: 090 Step: 00317600] Batch Translation Loss:  41.254459 => Lr: 0.001000
2025-04-02 12:08:26,361 [Epoch: 090 Step: 00317700] Batch Translation Loss:  21.100710 => Lr: 0.001000
2025-04-02 12:11:29,675 [Epoch: 090 Step: 00317800] Batch Translation Loss:  40.583786 => Lr: 0.001000
2025-04-02 12:14:28,931 [Epoch: 090 Step: 00317900] Batch Translation Loss:  20.948578 => Lr: 0.001000
2025-04-02 12:17:40,039 [Epoch: 090 Step: 00318000] Batch Translation Loss:  14.431787 => Lr: 0.001000
2025-04-02 12:20:41,813 [Epoch: 090 Step: 00318100] Batch Translation Loss:  12.930720 => Lr: 0.001000
2025-04-02 12:23:53,556 [Epoch: 090 Step: 00318200] Batch Translation Loss:  11.724774 => Lr: 0.001000
2025-04-02 12:26:54,314 [Epoch: 090 Step: 00318300] Batch Translation Loss:  17.883484 => Lr: 0.001000
2025-04-02 12:30:04,136 [Epoch: 090 Step: 00318400] Batch Translation Loss:  47.845020 => Lr: 0.001000
2025-04-02 12:33:07,284 [Epoch: 090 Step: 00318500] Batch Translation Loss:  43.971775 => Lr: 0.001000
2025-04-02 12:39:48,440 Saved 518 text references to ./sign_sample_back_to_word\txt_references_318500.txt and 518 text hypotheses to ./sign_sample_back_to_word\txt_hypotheses_318500.txt
2025-04-02 12:42:51,780 [Epoch: 090 Step: 00318600] Batch Translation Loss:  26.917707 => Lr: 0.001000
2025-04-02 12:45:58,880 [Epoch: 090 Step: 00318700] Batch Translation Loss:  50.294117 => Lr: 0.001000
2025-04-02 12:49:03,478 [Epoch: 090 Step: 00318800] Batch Translation Loss:  21.190874 => Lr: 0.001000
2025-04-02 12:52:24,288 [Epoch: 090 Step: 00318900] Batch Translation Loss:   9.003386 => Lr: 0.001000
2025-04-02 12:55:35,104 [Epoch: 090 Step: 00319000] Batch Translation Loss:  22.286598 => Lr: 0.001000
2025-04-02 12:58:39,043 [Epoch: 090 Step: 00319100] Batch Translation Loss:  19.014252 => Lr: 0.001000
2025-04-02 13:01:43,058 [Epoch: 090 Step: 00319200] Batch Translation Loss:  28.300097 => Lr: 0.001000
2025-04-02 13:04:55,187 [Epoch: 090 Step: 00319300] Batch Translation Loss:  15.722158 => Lr: 0.001000
2025-04-02 13:05:26,643 Epoch  90: Total Training Translation Loss 98337.82 
2025-04-02 13:05:26,645 EPOCH 91
2025-04-02 13:07:28,381 [Epoch: 091 Step: 00319400] Batch Translation Loss:  29.372581 => Lr: 0.001000
2025-04-02 13:09:54,237 [Epoch: 091 Step: 00319500] Batch Translation Loss:  19.163427 => Lr: 0.001000
2025-04-02 13:12:38,234 [Epoch: 091 Step: 00319600] Batch Translation Loss:  20.273764 => Lr: 0.001000
2025-04-02 13:15:09,192 [Epoch: 091 Step: 00319700] Batch Translation Loss:  30.106188 => Lr: 0.001000
2025-04-02 13:17:43,113 [Epoch: 091 Step: 00319800] Batch Translation Loss:  27.463444 => Lr: 0.001000
2025-04-02 13:20:14,433 [Epoch: 091 Step: 00319900] Batch Translation Loss:  25.462851 => Lr: 0.001000
2025-04-02 13:22:48,044 [Epoch: 091 Step: 00320000] Batch Translation Loss:  19.231573 => Lr: 0.001000
2025-04-02 13:25:27,630 [Epoch: 091 Step: 00320100] Batch Translation Loss:  86.703751 => Lr: 0.001000
2025-04-02 13:28:13,768 [Epoch: 091 Step: 00320200] Batch Translation Loss:  49.570080 => Lr: 0.001000
2025-04-02 13:30:50,819 [Epoch: 091 Step: 00320300] Batch Translation Loss:  87.145561 => Lr: 0.001000
2025-04-02 13:33:46,644 [Epoch: 091 Step: 00320400] Batch Translation Loss:  20.547081 => Lr: 0.001000
2025-04-02 13:36:46,437 [Epoch: 091 Step: 00320500] Batch Translation Loss:  13.192252 => Lr: 0.001000
2025-04-02 13:39:22,138 [Epoch: 091 Step: 00320600] Batch Translation Loss:  13.915652 => Lr: 0.001000
2025-04-02 13:42:17,320 [Epoch: 091 Step: 00320700] Batch Translation Loss:  14.181953 => Lr: 0.001000
2025-04-02 13:45:03,723 [Epoch: 091 Step: 00320800] Batch Translation Loss:  14.298679 => Lr: 0.001000
2025-04-02 13:48:05,334 [Epoch: 091 Step: 00320900] Batch Translation Loss:  25.358454 => Lr: 0.001000
2025-04-02 13:51:00,798 [Epoch: 091 Step: 00321000] Batch Translation Loss:  29.744310 => Lr: 0.001000
2025-04-02 13:53:56,990 [Epoch: 091 Step: 00321100] Batch Translation Loss:  37.490070 => Lr: 0.001000
2025-04-02 13:56:54,220 [Epoch: 091 Step: 00321200] Batch Translation Loss:  27.966679 => Lr: 0.001000
2025-04-02 13:59:59,961 [Epoch: 091 Step: 00321300] Batch Translation Loss:  23.852972 => Lr: 0.001000
2025-04-02 14:03:01,506 [Epoch: 091 Step: 00321400] Batch Translation Loss:  16.599270 => Lr: 0.001000
2025-04-02 14:06:12,202 [Epoch: 091 Step: 00321500] Batch Translation Loss:  65.541191 => Lr: 0.001000
2025-04-02 14:09:18,637 [Epoch: 091 Step: 00321600] Batch Translation Loss:  41.986622 => Lr: 0.001000
2025-04-02 14:12:23,483 [Epoch: 091 Step: 00321700] Batch Translation Loss:  69.531662 => Lr: 0.001000
2025-04-02 14:15:28,772 [Epoch: 091 Step: 00321800] Batch Translation Loss:  18.120686 => Lr: 0.001000
2025-04-02 14:18:27,638 [Epoch: 091 Step: 00321900] Batch Translation Loss:  10.830283 => Lr: 0.001000
2025-04-02 14:21:35,397 [Epoch: 091 Step: 00322000] Batch Translation Loss:  39.809628 => Lr: 0.001000
2025-04-02 14:28:16,094 Saved 518 text references to ./sign_sample_back_to_word\txt_references_322000.txt and 518 text hypotheses to ./sign_sample_back_to_word\txt_hypotheses_322000.txt
2025-04-02 14:31:30,398 [Epoch: 091 Step: 00322100] Batch Translation Loss:  19.362890 => Lr: 0.001000
2025-04-02 14:34:34,978 [Epoch: 091 Step: 00322200] Batch Translation Loss:  19.786798 => Lr: 0.001000
2025-04-02 14:37:49,473 [Epoch: 091 Step: 00322300] Batch Translation Loss:  19.720427 => Lr: 0.001000
2025-04-02 14:40:53,766 [Epoch: 091 Step: 00322400] Batch Translation Loss:  44.972866 => Lr: 0.001000
2025-04-02 14:43:57,319 [Epoch: 091 Step: 00322500] Batch Translation Loss:  20.302717 => Lr: 0.001000
2025-04-02 14:47:04,824 [Epoch: 091 Step: 00322600] Batch Translation Loss:  19.184689 => Lr: 0.001000
2025-04-02 14:50:09,751 [Epoch: 091 Step: 00322700] Batch Translation Loss:  31.161573 => Lr: 0.001000
2025-04-02 14:53:05,984 [Epoch: 091 Step: 00322800] Batch Translation Loss:   9.855171 => Lr: 0.001000
2025-04-02 14:55:05,408 Epoch  91: Total Training Translation Loss 97853.09 
2025-04-02 14:55:05,411 EPOCH 92
2025-04-02 14:55:50,460 [Epoch: 092 Step: 00322900] Batch Translation Loss:   8.227757 => Lr: 0.001000
2025-04-02 14:58:25,022 [Epoch: 092 Step: 00323000] Batch Translation Loss:   8.791990 => Lr: 0.001000
2025-04-02 15:00:56,875 [Epoch: 092 Step: 00323100] Batch Translation Loss:  25.492603 => Lr: 0.001000
2025-04-02 15:03:24,205 [Epoch: 092 Step: 00323200] Batch Translation Loss:   8.741160 => Lr: 0.001000
2025-04-02 15:05:57,937 [Epoch: 092 Step: 00323300] Batch Translation Loss:  34.603256 => Lr: 0.001000
2025-04-02 15:08:30,148 [Epoch: 092 Step: 00323400] Batch Translation Loss:  36.790039 => Lr: 0.001000
2025-04-02 15:11:08,734 [Epoch: 092 Step: 00323500] Batch Translation Loss:  30.463541 => Lr: 0.001000
2025-04-02 15:13:44,512 [Epoch: 092 Step: 00323600] Batch Translation Loss:  23.184244 => Lr: 0.001000
2025-04-02 15:16:17,642 [Epoch: 092 Step: 00323700] Batch Translation Loss:  30.848944 => Lr: 0.001000
2025-04-02 15:19:01,699 [Epoch: 092 Step: 00323800] Batch Translation Loss:  13.917769 => Lr: 0.001000
2025-04-02 15:21:52,006 [Epoch: 092 Step: 00323900] Batch Translation Loss:  44.351929 => Lr: 0.001000
2025-04-02 15:24:36,163 [Epoch: 092 Step: 00324000] Batch Translation Loss:  21.116592 => Lr: 0.001000
2025-04-02 15:27:24,790 [Epoch: 092 Step: 00324100] Batch Translation Loss:  27.237629 => Lr: 0.001000
2025-04-02 15:30:20,314 [Epoch: 092 Step: 00324200] Batch Translation Loss:  11.425785 => Lr: 0.001000
2025-04-02 15:33:06,323 [Epoch: 092 Step: 00324300] Batch Translation Loss:  37.381264 => Lr: 0.001000
2025-04-02 15:35:51,431 [Epoch: 092 Step: 00324400] Batch Translation Loss:  21.313011 => Lr: 0.001000
2025-04-02 15:38:44,445 [Epoch: 092 Step: 00324500] Batch Translation Loss:  11.550775 => Lr: 0.001000
2025-04-02 15:41:44,798 [Epoch: 092 Step: 00324600] Batch Translation Loss:  55.737560 => Lr: 0.001000
2025-04-02 15:44:43,194 [Epoch: 092 Step: 00324700] Batch Translation Loss:  27.574608 => Lr: 0.001000
2025-04-02 15:47:45,829 [Epoch: 092 Step: 00324800] Batch Translation Loss:  13.281046 => Lr: 0.001000
2025-04-02 15:50:51,503 [Epoch: 092 Step: 00324900] Batch Translation Loss:  30.221865 => Lr: 0.001000
2025-04-02 15:53:49,711 [Epoch: 092 Step: 00325000] Batch Translation Loss:  39.537781 => Lr: 0.001000
2025-04-02 15:56:49,148 [Epoch: 092 Step: 00325100] Batch Translation Loss:  35.100407 => Lr: 0.001000
2025-04-02 15:59:53,035 [Epoch: 092 Step: 00325200] Batch Translation Loss:  73.361237 => Lr: 0.001000
2025-04-02 16:03:04,174 [Epoch: 092 Step: 00325300] Batch Translation Loss:  28.365623 => Lr: 0.001000
2025-04-02 16:06:02,962 [Epoch: 092 Step: 00325400] Batch Translation Loss:  45.554790 => Lr: 0.001000
2025-04-02 16:08:59,304 [Epoch: 092 Step: 00325500] Batch Translation Loss:  16.771679 => Lr: 0.001000
2025-04-02 16:15:40,838 Saved 518 text references to ./sign_sample_back_to_word\txt_references_325500.txt and 518 text hypotheses to ./sign_sample_back_to_word\txt_hypotheses_325500.txt
2025-04-02 16:18:56,124 [Epoch: 092 Step: 00325600] Batch Translation Loss:  49.227840 => Lr: 0.001000
2025-04-02 16:22:08,673 [Epoch: 092 Step: 00325700] Batch Translation Loss:  45.303505 => Lr: 0.001000
2025-04-02 16:25:06,862 [Epoch: 092 Step: 00325800] Batch Translation Loss:  23.917124 => Lr: 0.001000
2025-04-02 16:28:12,268 [Epoch: 092 Step: 00325900] Batch Translation Loss:  43.807281 => Lr: 0.001000
2025-04-02 16:31:16,370 [Epoch: 092 Step: 00326000] Batch Translation Loss:   8.107884 => Lr: 0.001000
2025-04-02 16:34:23,985 [Epoch: 092 Step: 00326100] Batch Translation Loss:  17.011482 => Lr: 0.001000
2025-04-02 16:37:28,967 [Epoch: 092 Step: 00326200] Batch Translation Loss:  13.291218 => Lr: 0.001000
2025-04-02 16:40:28,421 [Epoch: 092 Step: 00326300] Batch Translation Loss:  24.761879 => Lr: 0.001000
2025-04-02 16:43:39,883 [Epoch: 092 Step: 00326400] Batch Translation Loss:  15.252658 => Lr: 0.001000
2025-04-02 16:44:09,857 Epoch  92: Total Training Translation Loss 97493.76 
2025-04-02 16:44:09,859 EPOCH 93
2025-04-02 16:46:14,953 [Epoch: 093 Step: 00326500] Batch Translation Loss:  22.805264 => Lr: 0.001000
2025-04-02 16:48:42,360 [Epoch: 093 Step: 00326600] Batch Translation Loss:  17.013872 => Lr: 0.001000
2025-04-02 16:51:20,848 [Epoch: 093 Step: 00326700] Batch Translation Loss:  15.516838 => Lr: 0.001000
2025-04-02 16:53:47,356 [Epoch: 093 Step: 00326800] Batch Translation Loss:  26.356014 => Lr: 0.001000
2025-04-02 16:56:31,534 [Epoch: 093 Step: 00326900] Batch Translation Loss:  43.723587 => Lr: 0.001000
2025-04-02 16:59:19,710 [Epoch: 093 Step: 00327000] Batch Translation Loss:  10.051340 => Lr: 0.001000
2025-04-02 17:02:00,502 [Epoch: 093 Step: 00327100] Batch Translation Loss:  19.675196 => Lr: 0.001000
2025-04-02 17:04:37,106 [Epoch: 093 Step: 00327200] Batch Translation Loss:  23.722258 => Lr: 0.001000
2025-04-02 17:07:21,131 [Epoch: 093 Step: 00327300] Batch Translation Loss:  22.211929 => Lr: 0.001000
2025-04-02 17:10:02,491 [Epoch: 093 Step: 00327400] Batch Translation Loss:  13.193002 => Lr: 0.001000
2025-04-02 17:12:54,310 [Epoch: 093 Step: 00327500] Batch Translation Loss:  26.803503 => Lr: 0.001000
2025-04-02 17:15:35,870 [Epoch: 093 Step: 00327600] Batch Translation Loss:  49.185875 => Lr: 0.001000
2025-04-02 17:18:18,177 [Epoch: 093 Step: 00327700] Batch Translation Loss:  20.016872 => Lr: 0.001000
2025-04-02 17:21:06,613 [Epoch: 093 Step: 00327800] Batch Translation Loss:  24.199856 => Lr: 0.001000
2025-04-02 17:23:58,162 [Epoch: 093 Step: 00327900] Batch Translation Loss:  17.321829 => Lr: 0.001000
2025-04-02 17:26:55,754 [Epoch: 093 Step: 00328000] Batch Translation Loss:  21.864466 => Lr: 0.001000
2025-04-02 17:29:49,024 [Epoch: 093 Step: 00328100] Batch Translation Loss:  54.983299 => Lr: 0.001000
2025-04-02 17:32:47,851 [Epoch: 093 Step: 00328200] Batch Translation Loss:  30.273685 => Lr: 0.001000
2025-04-02 17:35:43,324 [Epoch: 093 Step: 00328300] Batch Translation Loss:   4.453005 => Lr: 0.001000
2025-04-02 17:38:38,079 [Epoch: 093 Step: 00328400] Batch Translation Loss:  20.834261 => Lr: 0.001000
2025-04-02 17:41:41,991 [Epoch: 093 Step: 00328500] Batch Translation Loss:  21.376677 => Lr: 0.001000
2025-04-02 17:44:41,706 [Epoch: 093 Step: 00328600] Batch Translation Loss:   6.036128 => Lr: 0.001000
2025-04-02 17:47:50,061 [Epoch: 093 Step: 00328700] Batch Translation Loss:  21.641010 => Lr: 0.001000
2025-04-02 17:50:58,963 [Epoch: 093 Step: 00328800] Batch Translation Loss:  19.853264 => Lr: 0.001000
2025-04-02 17:54:03,259 [Epoch: 093 Step: 00328900] Batch Translation Loss:  26.013208 => Lr: 0.001000
2025-04-02 17:57:10,856 [Epoch: 093 Step: 00329000] Batch Translation Loss:  38.260284 => Lr: 0.001000
2025-04-02 18:03:52,874 Saved 518 text references to ./sign_sample_back_to_word\txt_references_329000.txt and 518 text hypotheses to ./sign_sample_back_to_word\txt_hypotheses_329000.txt
2025-04-02 18:06:58,881 [Epoch: 093 Step: 00329100] Batch Translation Loss:  17.283512 => Lr: 0.001000
2025-04-02 18:10:06,395 [Epoch: 093 Step: 00329200] Batch Translation Loss:  10.838678 => Lr: 0.001000
2025-04-02 18:13:07,527 [Epoch: 093 Step: 00329300] Batch Translation Loss:  22.609749 => Lr: 0.001000
2025-04-02 18:16:13,958 [Epoch: 093 Step: 00329400] Batch Translation Loss:  37.439415 => Lr: 0.001000
2025-04-02 18:19:21,240 [Epoch: 093 Step: 00329500] Batch Translation Loss:  17.141092 => Lr: 0.001000
2025-04-02 18:22:32,530 [Epoch: 093 Step: 00329600] Batch Translation Loss:  24.601334 => Lr: 0.001000
2025-04-02 18:25:36,703 [Epoch: 093 Step: 00329700] Batch Translation Loss:  31.175428 => Lr: 0.001000
2025-04-02 18:28:41,944 [Epoch: 093 Step: 00329800] Batch Translation Loss:  22.237755 => Lr: 0.001000
2025-04-02 18:31:50,908 [Epoch: 093 Step: 00329900] Batch Translation Loss:  17.936382 => Lr: 0.001000
2025-04-02 18:33:41,984 Epoch  93: Total Training Translation Loss 96916.99 
2025-04-02 18:33:41,986 EPOCH 94
2025-04-02 18:34:43,644 [Epoch: 094 Step: 00330000] Batch Translation Loss:  48.928226 => Lr: 0.001000
2025-04-02 18:37:12,799 [Epoch: 094 Step: 00330100] Batch Translation Loss:  27.676502 => Lr: 0.001000
2025-04-02 18:39:36,228 [Epoch: 094 Step: 00330200] Batch Translation Loss:  32.399395 => Lr: 0.001000
2025-04-02 18:42:20,542 [Epoch: 094 Step: 00330300] Batch Translation Loss:  26.406872 => Lr: 0.001000
2025-04-02 18:44:57,524 [Epoch: 094 Step: 00330400] Batch Translation Loss:  15.987578 => Lr: 0.001000
2025-04-02 18:47:34,022 [Epoch: 094 Step: 00330500] Batch Translation Loss:  16.376219 => Lr: 0.001000
2025-04-02 18:50:07,065 [Epoch: 094 Step: 00330600] Batch Translation Loss:  30.092340 => Lr: 0.001000
2025-04-02 18:52:53,643 [Epoch: 094 Step: 00330700] Batch Translation Loss:  28.543634 => Lr: 0.001000
2025-04-02 18:55:39,861 [Epoch: 094 Step: 00330800] Batch Translation Loss:  23.070950 => Lr: 0.001000
2025-04-02 18:58:12,539 [Epoch: 094 Step: 00330900] Batch Translation Loss:  19.291666 => Lr: 0.001000
2025-04-02 19:00:47,606 [Epoch: 094 Step: 00331000] Batch Translation Loss:  16.354208 => Lr: 0.001000
2025-04-02 19:03:22,704 [Epoch: 094 Step: 00331100] Batch Translation Loss:  14.204074 => Lr: 0.001000
2025-04-02 19:06:02,455 [Epoch: 094 Step: 00331200] Batch Translation Loss:  29.756504 => Lr: 0.001000
2025-04-02 19:08:51,695 [Epoch: 094 Step: 00331300] Batch Translation Loss:  12.767257 => Lr: 0.001000
2025-04-02 19:11:49,620 [Epoch: 094 Step: 00331400] Batch Translation Loss:  27.712744 => Lr: 0.001000
2025-04-02 19:14:40,068 [Epoch: 094 Step: 00331500] Batch Translation Loss:  33.589764 => Lr: 0.001000
2025-04-02 19:17:45,025 [Epoch: 094 Step: 00331600] Batch Translation Loss:  17.756159 => Lr: 0.001000
2025-04-02 19:20:54,072 [Epoch: 094 Step: 00331700] Batch Translation Loss:  37.822285 => Lr: 0.001000
2025-04-02 19:23:59,870 [Epoch: 094 Step: 00331800] Batch Translation Loss:  25.667215 => Lr: 0.001000
2025-04-02 19:27:00,909 [Epoch: 094 Step: 00331900] Batch Translation Loss:  23.265581 => Lr: 0.001000
2025-04-02 19:30:07,006 [Epoch: 094 Step: 00332000] Batch Translation Loss:  32.057884 => Lr: 0.001000
2025-04-02 19:33:17,399 [Epoch: 094 Step: 00332100] Batch Translation Loss:  25.004049 => Lr: 0.001000
2025-04-02 19:36:29,901 [Epoch: 094 Step: 00332200] Batch Translation Loss:  26.892811 => Lr: 0.001000
2025-04-02 19:39:37,587 [Epoch: 094 Step: 00332300] Batch Translation Loss:  41.431713 => Lr: 0.001000
2025-04-02 19:42:45,097 [Epoch: 094 Step: 00332400] Batch Translation Loss:  11.267038 => Lr: 0.001000
2025-04-02 19:45:53,739 [Epoch: 094 Step: 00332500] Batch Translation Loss:   9.699396 => Lr: 0.001000
2025-04-02 19:52:34,879 Saved 518 text references to ./sign_sample_back_to_word\txt_references_332500.txt and 518 text hypotheses to ./sign_sample_back_to_word\txt_hypotheses_332500.txt
2025-04-02 19:55:44,123 [Epoch: 094 Step: 00332600] Batch Translation Loss:  13.211312 => Lr: 0.001000
2025-04-02 19:58:53,022 [Epoch: 094 Step: 00332700] Batch Translation Loss:  27.185759 => Lr: 0.001000
2025-04-02 20:02:10,586 [Epoch: 094 Step: 00332800] Batch Translation Loss:  44.612625 => Lr: 0.001000
2025-04-02 20:05:20,998 [Epoch: 094 Step: 00332900] Batch Translation Loss:  12.269761 => Lr: 0.001000
2025-04-02 20:08:23,843 [Epoch: 094 Step: 00333000] Batch Translation Loss:  42.672813 => Lr: 0.001000
2025-04-02 20:11:24,803 [Epoch: 094 Step: 00333100] Batch Translation Loss:  35.920860 => Lr: 0.001000
2025-04-02 20:14:34,773 [Epoch: 094 Step: 00333200] Batch Translation Loss:  26.361689 => Lr: 0.001000
2025-04-02 20:17:45,708 [Epoch: 094 Step: 00333300] Batch Translation Loss:  16.042377 => Lr: 0.001000
2025-04-02 20:20:54,878 [Epoch: 094 Step: 00333400] Batch Translation Loss:  34.740242 => Lr: 0.001000
2025-04-02 20:24:08,250 [Epoch: 094 Step: 00333500] Batch Translation Loss:  34.396866 => Lr: 0.001000
2025-04-02 20:24:31,014 Epoch  94: Total Training Translation Loss 96366.66 
2025-04-02 20:24:31,016 EPOCH 95
2025-04-02 20:26:44,713 [Epoch: 095 Step: 00333600] Batch Translation Loss:  11.932807 => Lr: 0.001000
2025-04-02 20:29:14,817 [Epoch: 095 Step: 00333700] Batch Translation Loss:  18.714050 => Lr: 0.001000
2025-04-02 20:31:51,862 [Epoch: 095 Step: 00333800] Batch Translation Loss:  23.535913 => Lr: 0.001000
2025-04-02 20:34:31,678 [Epoch: 095 Step: 00333900] Batch Translation Loss:  23.755005 => Lr: 0.001000
2025-04-02 20:37:06,759 [Epoch: 095 Step: 00334000] Batch Translation Loss:  23.136259 => Lr: 0.001000
2025-04-02 20:39:51,865 [Epoch: 095 Step: 00334100] Batch Translation Loss:  19.850777 => Lr: 0.001000
2025-04-02 20:42:36,155 [Epoch: 095 Step: 00334200] Batch Translation Loss:  23.334005 => Lr: 0.001000
2025-04-02 20:45:19,853 [Epoch: 095 Step: 00334300] Batch Translation Loss:  55.774563 => Lr: 0.001000
2025-04-02 20:47:59,730 [Epoch: 095 Step: 00334400] Batch Translation Loss:  36.350044 => Lr: 0.001000
2025-04-02 20:50:43,115 [Epoch: 095 Step: 00334500] Batch Translation Loss:  30.026712 => Lr: 0.001000
2025-04-02 20:53:11,347 [Epoch: 095 Step: 00334600] Batch Translation Loss:  12.402633 => Lr: 0.001000
2025-04-02 20:55:55,148 [Epoch: 095 Step: 00334700] Batch Translation Loss:  18.423571 => Lr: 0.001000
2025-04-02 20:58:42,575 [Epoch: 095 Step: 00334800] Batch Translation Loss:  23.875074 => Lr: 0.001000
2025-04-02 21:01:41,747 [Epoch: 095 Step: 00334900] Batch Translation Loss:  13.665490 => Lr: 0.001000
2025-04-02 21:04:44,105 [Epoch: 095 Step: 00335000] Batch Translation Loss:  22.673967 => Lr: 0.001000
2025-04-02 21:07:31,329 [Epoch: 095 Step: 00335100] Batch Translation Loss:  32.603512 => Lr: 0.001000
2025-04-02 21:10:23,837 [Epoch: 095 Step: 00335200] Batch Translation Loss:  32.699535 => Lr: 0.001000
2025-04-02 21:13:27,679 [Epoch: 095 Step: 00335300] Batch Translation Loss:  37.884968 => Lr: 0.001000
2025-04-02 21:16:41,977 [Epoch: 095 Step: 00335400] Batch Translation Loss:  12.953529 => Lr: 0.001000
2025-04-02 21:20:03,432 [Epoch: 095 Step: 00335500] Batch Translation Loss:  34.716454 => Lr: 0.001000
2025-04-02 21:23:07,136 [Epoch: 095 Step: 00335600] Batch Translation Loss:  26.506979 => Lr: 0.001000
2025-04-02 21:26:08,883 [Epoch: 095 Step: 00335700] Batch Translation Loss:  17.274288 => Lr: 0.001000
2025-04-02 21:29:11,911 [Epoch: 095 Step: 00335800] Batch Translation Loss:  27.233923 => Lr: 0.001000
2025-04-02 21:32:26,093 [Epoch: 095 Step: 00335900] Batch Translation Loss:   4.990442 => Lr: 0.001000
2025-04-02 21:35:31,513 [Epoch: 095 Step: 00336000] Batch Translation Loss:  13.452732 => Lr: 0.001000
2025-04-02 21:42:13,377 Saved 518 text references to ./sign_sample_back_to_word\txt_references_336000.txt and 518 text hypotheses to ./sign_sample_back_to_word\txt_hypotheses_336000.txt
2025-04-02 21:45:19,195 [Epoch: 095 Step: 00336100] Batch Translation Loss:  32.290894 => Lr: 0.001000
2025-04-02 21:48:26,210 [Epoch: 095 Step: 00336200] Batch Translation Loss:  39.190521 => Lr: 0.001000
2025-04-02 21:51:32,940 [Epoch: 095 Step: 00336300] Batch Translation Loss: 101.403519 => Lr: 0.001000
2025-04-02 21:54:37,536 [Epoch: 095 Step: 00336400] Batch Translation Loss:  18.019691 => Lr: 0.001000
2025-04-02 21:57:49,366 [Epoch: 095 Step: 00336500] Batch Translation Loss:  14.120502 => Lr: 0.001000
2025-04-02 22:01:05,198 [Epoch: 095 Step: 00336600] Batch Translation Loss:  30.807898 => Lr: 0.001000
2025-04-02 22:04:15,319 [Epoch: 095 Step: 00336700] Batch Translation Loss:  15.010320 => Lr: 0.001000
2025-04-02 22:07:31,195 [Epoch: 095 Step: 00336800] Batch Translation Loss:  23.788311 => Lr: 0.001000
2025-04-02 22:10:37,322 [Epoch: 095 Step: 00336900] Batch Translation Loss:  36.922401 => Lr: 0.001000
2025-04-02 22:13:42,655 [Epoch: 095 Step: 00337000] Batch Translation Loss:  13.323765 => Lr: 0.001000
2025-04-02 22:15:38,184 Epoch  95: Total Training Translation Loss 95908.44 
2025-04-02 22:15:38,186 EPOCH 96
2025-04-02 22:16:39,415 [Epoch: 096 Step: 00337100] Batch Translation Loss:  26.114309 => Lr: 0.001000
2025-04-02 22:19:20,199 [Epoch: 096 Step: 00337200] Batch Translation Loss:  21.698740 => Lr: 0.001000
2025-04-02 22:21:57,194 [Epoch: 096 Step: 00337300] Batch Translation Loss:  22.483648 => Lr: 0.001000
2025-04-02 22:24:44,774 [Epoch: 096 Step: 00337400] Batch Translation Loss:  28.587822 => Lr: 0.001000
2025-04-02 22:27:22,585 [Epoch: 096 Step: 00337500] Batch Translation Loss:  31.857035 => Lr: 0.001000
2025-04-02 22:29:58,879 [Epoch: 096 Step: 00337600] Batch Translation Loss:  60.309059 => Lr: 0.001000
2025-04-02 22:32:35,199 [Epoch: 096 Step: 00337700] Batch Translation Loss:  36.521896 => Lr: 0.001000
2025-04-02 22:35:07,839 [Epoch: 096 Step: 00337800] Batch Translation Loss:  21.265303 => Lr: 0.001000
2025-04-02 22:37:55,692 [Epoch: 096 Step: 00337900] Batch Translation Loss:  32.298725 => Lr: 0.001000
2025-04-02 22:40:37,563 [Epoch: 096 Step: 00338000] Batch Translation Loss:  27.366795 => Lr: 0.001000
2025-04-02 22:43:12,810 [Epoch: 096 Step: 00338100] Batch Translation Loss:  30.455482 => Lr: 0.001000
2025-04-02 22:45:52,977 [Epoch: 096 Step: 00338200] Batch Translation Loss:  18.374203 => Lr: 0.001000
2025-04-02 22:48:37,085 [Epoch: 096 Step: 00338300] Batch Translation Loss:  49.760616 => Lr: 0.001000
2025-04-02 22:51:22,151 [Epoch: 096 Step: 00338400] Batch Translation Loss:  23.099775 => Lr: 0.001000
2025-04-02 22:54:16,018 [Epoch: 096 Step: 00338500] Batch Translation Loss:  25.450817 => Lr: 0.001000
2025-04-02 22:57:13,629 [Epoch: 096 Step: 00338600] Batch Translation Loss:  19.987698 => Lr: 0.001000
2025-04-02 23:00:21,793 [Epoch: 096 Step: 00338700] Batch Translation Loss:  45.592438 => Lr: 0.001000
2025-04-02 23:03:21,413 [Epoch: 096 Step: 00338800] Batch Translation Loss:  23.953115 => Lr: 0.001000
2025-04-02 23:06:22,960 [Epoch: 096 Step: 00338900] Batch Translation Loss:  42.176773 => Lr: 0.001000
2025-04-02 23:09:21,903 [Epoch: 096 Step: 00339000] Batch Translation Loss:  18.997866 => Lr: 0.001000
2025-04-02 23:12:25,503 [Epoch: 096 Step: 00339100] Batch Translation Loss:   5.736457 => Lr: 0.001000
2025-04-02 23:15:40,892 [Epoch: 096 Step: 00339200] Batch Translation Loss:  19.874685 => Lr: 0.001000
2025-04-02 23:19:01,696 [Epoch: 096 Step: 00339300] Batch Translation Loss:  20.076559 => Lr: 0.001000
2025-04-02 23:22:30,420 [Epoch: 096 Step: 00339400] Batch Translation Loss:   9.051557 => Lr: 0.001000
2025-04-02 23:25:40,410 [Epoch: 096 Step: 00339500] Batch Translation Loss:  10.706780 => Lr: 0.001000
2025-04-02 23:32:20,402 Saved 518 text references to ./sign_sample_back_to_word\txt_references_339500.txt and 518 text hypotheses to ./sign_sample_back_to_word\txt_hypotheses_339500.txt
2025-04-02 23:35:25,787 [Epoch: 096 Step: 00339600] Batch Translation Loss:  24.116339 => Lr: 0.001000
2025-04-02 23:38:38,743 [Epoch: 096 Step: 00339700] Batch Translation Loss:  40.913235 => Lr: 0.001000
2025-04-02 23:41:44,955 [Epoch: 096 Step: 00339800] Batch Translation Loss:  25.960440 => Lr: 0.001000
2025-04-02 23:44:51,536 [Epoch: 096 Step: 00339900] Batch Translation Loss:  12.666205 => Lr: 0.001000
2025-04-02 23:48:01,245 [Epoch: 096 Step: 00340000] Batch Translation Loss:  26.660431 => Lr: 0.001000
2025-04-02 23:51:07,759 [Epoch: 096 Step: 00340100] Batch Translation Loss:  30.731853 => Lr: 0.001000
2025-04-02 23:54:17,026 [Epoch: 096 Step: 00340200] Batch Translation Loss:  40.774273 => Lr: 0.001000
2025-04-02 23:57:23,067 [Epoch: 096 Step: 00340300] Batch Translation Loss:  39.231148 => Lr: 0.001000
2025-04-03 00:00:24,872 [Epoch: 096 Step: 00340400] Batch Translation Loss:   7.752614 => Lr: 0.001000
2025-04-03 00:03:26,870 [Epoch: 096 Step: 00340500] Batch Translation Loss:   9.464518 => Lr: 0.001000
2025-04-03 00:06:35,010 [Epoch: 096 Step: 00340600] Batch Translation Loss:  25.108435 => Lr: 0.001000
2025-04-03 00:06:45,260 Epoch  96: Total Training Translation Loss 95521.09 
2025-04-03 00:06:45,262 EPOCH 97
2025-04-03 00:09:00,513 [Epoch: 097 Step: 00340700] Batch Translation Loss:  18.205276 => Lr: 0.001000
2025-04-03 00:11:33,599 [Epoch: 097 Step: 00340800] Batch Translation Loss:  16.231232 => Lr: 0.001000
2025-04-03 00:14:08,961 [Epoch: 097 Step: 00340900] Batch Translation Loss:  29.192587 => Lr: 0.001000
2025-04-03 00:16:50,366 [Epoch: 097 Step: 00341000] Batch Translation Loss:  17.760914 => Lr: 0.001000
2025-04-03 00:19:24,089 [Epoch: 097 Step: 00341100] Batch Translation Loss:  12.799628 => Lr: 0.001000
2025-04-03 00:22:06,786 [Epoch: 097 Step: 00341200] Batch Translation Loss:   8.468329 => Lr: 0.001000
2025-04-03 00:24:49,341 [Epoch: 097 Step: 00341300] Batch Translation Loss:  34.259727 => Lr: 0.001000
2025-04-03 00:27:33,508 [Epoch: 097 Step: 00341400] Batch Translation Loss:  23.507177 => Lr: 0.001000
2025-04-03 00:30:14,386 [Epoch: 097 Step: 00341500] Batch Translation Loss:   6.007541 => Lr: 0.001000
2025-04-03 00:32:50,454 [Epoch: 097 Step: 00341600] Batch Translation Loss:  40.495770 => Lr: 0.001000
2025-04-03 00:35:32,797 [Epoch: 097 Step: 00341700] Batch Translation Loss:  50.878410 => Lr: 0.001000
2025-04-03 00:38:28,743 [Epoch: 097 Step: 00341800] Batch Translation Loss:  19.749477 => Lr: 0.001000
2025-04-03 00:41:03,697 [Epoch: 097 Step: 00341900] Batch Translation Loss:  27.181971 => Lr: 0.001000
2025-04-03 00:43:53,191 [Epoch: 097 Step: 00342000] Batch Translation Loss:   6.994997 => Lr: 0.001000
2025-04-03 00:46:55,547 [Epoch: 097 Step: 00342100] Batch Translation Loss:  18.258636 => Lr: 0.001000
2025-04-03 00:49:52,446 [Epoch: 097 Step: 00342200] Batch Translation Loss:  42.849110 => Lr: 0.001000
2025-04-03 00:52:52,549 [Epoch: 097 Step: 00342300] Batch Translation Loss:  31.578867 => Lr: 0.001000
2025-04-03 00:55:59,468 [Epoch: 097 Step: 00342400] Batch Translation Loss:  19.255426 => Lr: 0.001000
2025-04-03 00:59:23,199 [Epoch: 097 Step: 00342500] Batch Translation Loss:  10.413606 => Lr: 0.001000
2025-04-03 01:02:33,338 [Epoch: 097 Step: 00342600] Batch Translation Loss:  33.780399 => Lr: 0.001000
2025-04-03 01:05:49,427 [Epoch: 097 Step: 00342700] Batch Translation Loss:  35.688900 => Lr: 0.001000
2025-04-03 01:09:00,778 [Epoch: 097 Step: 00342800] Batch Translation Loss:  48.224499 => Lr: 0.001000
2025-04-03 01:12:09,527 [Epoch: 097 Step: 00342900] Batch Translation Loss:  23.220242 => Lr: 0.001000
2025-04-03 01:15:13,414 [Epoch: 097 Step: 00343000] Batch Translation Loss:  39.195919 => Lr: 0.001000
2025-04-03 01:22:23,252 Saved 518 text references to ./sign_sample_back_to_word\txt_references_343000.txt and 518 text hypotheses to ./sign_sample_back_to_word\txt_hypotheses_343000.txt
2025-04-03 01:25:25,460 [Epoch: 097 Step: 00343100] Batch Translation Loss:  22.972113 => Lr: 0.001000
2025-04-03 01:28:34,348 [Epoch: 097 Step: 00343200] Batch Translation Loss:  32.694138 => Lr: 0.001000
2025-04-03 01:31:39,861 [Epoch: 097 Step: 00343300] Batch Translation Loss:   6.056855 => Lr: 0.001000
2025-04-03 01:34:53,945 [Epoch: 097 Step: 00343400] Batch Translation Loss:  22.010197 => Lr: 0.001000
2025-04-03 01:38:03,131 [Epoch: 097 Step: 00343500] Batch Translation Loss:   6.990774 => Lr: 0.001000
2025-04-03 01:41:33,719 [Epoch: 097 Step: 00343600] Batch Translation Loss:  40.012901 => Lr: 0.001000
2025-04-03 01:44:43,010 [Epoch: 097 Step: 00343700] Batch Translation Loss:   6.763056 => Lr: 0.001000
2025-04-03 01:47:52,304 [Epoch: 097 Step: 00343800] Batch Translation Loss:  18.795448 => Lr: 0.001000
2025-04-03 01:51:05,219 [Epoch: 097 Step: 00343900] Batch Translation Loss:  18.798492 => Lr: 0.001000
2025-04-03 01:54:16,323 [Epoch: 097 Step: 00344000] Batch Translation Loss:  19.368338 => Lr: 0.001000
2025-04-03 01:57:47,607 [Epoch: 097 Step: 00344100] Batch Translation Loss:  23.626158 => Lr: 0.001000
2025-04-03 01:59:34,572 Epoch  97: Total Training Translation Loss 95074.09 
2025-04-03 01:59:34,574 EPOCH 98
2025-04-03 02:00:47,444 [Epoch: 098 Step: 00344200] Batch Translation Loss:  54.599251 => Lr: 0.001000
2025-04-03 02:03:18,994 [Epoch: 098 Step: 00344300] Batch Translation Loss:  40.166008 => Lr: 0.001000
2025-04-03 02:05:48,749 [Epoch: 098 Step: 00344400] Batch Translation Loss:  33.335194 => Lr: 0.001000
2025-04-03 02:08:29,355 [Epoch: 098 Step: 00344500] Batch Translation Loss:  29.325323 => Lr: 0.001000
2025-04-03 02:11:11,049 [Epoch: 098 Step: 00344600] Batch Translation Loss:  52.554523 => Lr: 0.001000
2025-04-03 02:14:00,858 [Epoch: 098 Step: 00344700] Batch Translation Loss:  17.611872 => Lr: 0.001000
2025-04-03 02:16:32,556 [Epoch: 098 Step: 00344800] Batch Translation Loss:  22.098656 => Lr: 0.001000
2025-04-03 02:19:24,765 [Epoch: 098 Step: 00344900] Batch Translation Loss:  26.546816 => Lr: 0.001000
2025-04-03 02:22:13,747 [Epoch: 098 Step: 00345000] Batch Translation Loss:  41.140549 => Lr: 0.001000
2025-04-03 02:25:05,472 [Epoch: 098 Step: 00345100] Batch Translation Loss:  20.428223 => Lr: 0.001000
2025-04-03 02:27:57,398 [Epoch: 098 Step: 00345200] Batch Translation Loss:  32.324184 => Lr: 0.001000
2025-04-03 02:30:42,957 [Epoch: 098 Step: 00345300] Batch Translation Loss:  22.682873 => Lr: 0.001000
2025-04-03 02:33:30,546 [Epoch: 098 Step: 00345400] Batch Translation Loss:  19.626644 => Lr: 0.001000
2025-04-03 02:36:21,592 [Epoch: 098 Step: 00345500] Batch Translation Loss:  21.262772 => Lr: 0.001000
2025-04-03 02:39:10,217 [Epoch: 098 Step: 00345600] Batch Translation Loss:  72.315201 => Lr: 0.001000
2025-04-03 02:42:09,605 [Epoch: 098 Step: 00345700] Batch Translation Loss:  24.969034 => Lr: 0.001000
2025-04-03 02:45:19,077 [Epoch: 098 Step: 00345800] Batch Translation Loss:  35.452793 => Lr: 0.001000
2025-04-03 02:48:31,698 [Epoch: 098 Step: 00345900] Batch Translation Loss:   5.136702 => Lr: 0.001000
2025-04-03 02:51:43,475 [Epoch: 098 Step: 00346000] Batch Translation Loss:  25.945311 => Lr: 0.001000
2025-04-03 02:54:59,130 [Epoch: 098 Step: 00346100] Batch Translation Loss:   8.076624 => Lr: 0.001000
2025-04-03 02:58:13,772 [Epoch: 098 Step: 00346200] Batch Translation Loss:  56.332615 => Lr: 0.001000
2025-04-03 03:01:25,285 [Epoch: 098 Step: 00346300] Batch Translation Loss:  14.164140 => Lr: 0.001000
2025-04-03 03:04:46,092 [Epoch: 098 Step: 00346400] Batch Translation Loss:  21.722574 => Lr: 0.001000
2025-04-03 03:07:54,094 [Epoch: 098 Step: 00346500] Batch Translation Loss:  46.810944 => Lr: 0.001000
2025-04-03 03:14:45,318 Saved 518 text references to ./sign_sample_back_to_word\txt_references_346500.txt and 518 text hypotheses to ./sign_sample_back_to_word\txt_hypotheses_346500.txt
2025-04-03 03:18:03,274 [Epoch: 098 Step: 00346600] Batch Translation Loss:  21.084656 => Lr: 0.001000
2025-04-03 03:21:03,034 [Epoch: 098 Step: 00346700] Batch Translation Loss:   9.842042 => Lr: 0.001000
2025-04-03 03:24:09,810 [Epoch: 098 Step: 00346800] Batch Translation Loss:  28.431690 => Lr: 0.001000
2025-04-03 03:27:12,368 [Epoch: 098 Step: 00346900] Batch Translation Loss:  13.013913 => Lr: 0.001000
2025-04-03 03:30:18,708 [Epoch: 098 Step: 00347000] Batch Translation Loss:  40.203796 => Lr: 0.001000
2025-04-03 03:33:24,219 [Epoch: 098 Step: 00347100] Batch Translation Loss:  40.484779 => Lr: 0.001000
2025-04-03 03:36:30,071 [Epoch: 098 Step: 00347200] Batch Translation Loss:  12.832651 => Lr: 0.001000
2025-04-03 03:39:35,170 [Epoch: 098 Step: 00347300] Batch Translation Loss:  44.755322 => Lr: 0.001000
2025-04-03 03:42:47,553 [Epoch: 098 Step: 00347400] Batch Translation Loss:  15.371055 => Lr: 0.001000
2025-04-03 03:45:55,596 [Epoch: 098 Step: 00347500] Batch Translation Loss:  45.953678 => Lr: 0.001000
2025-04-03 03:48:55,183 [Epoch: 098 Step: 00347600] Batch Translation Loss:  38.872391 => Lr: 0.001000
2025-04-03 03:51:58,776 [Epoch: 098 Step: 00347700] Batch Translation Loss:   7.551843 => Lr: 0.001000
2025-04-03 03:52:05,267 Epoch  98: Total Training Translation Loss 94653.71 
2025-04-03 03:52:05,269 EPOCH 99
2025-04-03 03:54:49,934 [Epoch: 099 Step: 00347800] Batch Translation Loss:  27.747019 => Lr: 0.001000
2025-04-03 03:57:39,223 [Epoch: 099 Step: 00347900] Batch Translation Loss:  25.576752 => Lr: 0.001000
2025-04-03 04:00:26,125 [Epoch: 099 Step: 00348000] Batch Translation Loss:  37.949696 => Lr: 0.001000
2025-04-03 04:03:08,730 [Epoch: 099 Step: 00348100] Batch Translation Loss:  14.102397 => Lr: 0.001000
2025-04-03 04:06:01,179 [Epoch: 099 Step: 00348200] Batch Translation Loss:  16.256033 => Lr: 0.001000
2025-04-03 04:09:00,085 [Epoch: 099 Step: 00348300] Batch Translation Loss:  32.556633 => Lr: 0.001000
2025-04-03 04:11:51,018 [Epoch: 099 Step: 00348400] Batch Translation Loss:  37.182621 => Lr: 0.001000
2025-04-03 04:14:41,880 [Epoch: 099 Step: 00348500] Batch Translation Loss:  49.782093 => Lr: 0.001000
2025-04-03 04:17:28,408 [Epoch: 099 Step: 00348600] Batch Translation Loss:  29.737761 => Lr: 0.001000
2025-04-03 04:20:12,899 [Epoch: 099 Step: 00348700] Batch Translation Loss:  16.142260 => Lr: 0.001000
2025-04-03 04:22:50,542 [Epoch: 099 Step: 00348800] Batch Translation Loss:  14.559322 => Lr: 0.001000
2025-04-03 04:25:42,672 [Epoch: 099 Step: 00348900] Batch Translation Loss:   7.196815 => Lr: 0.001000
2025-04-03 04:28:41,364 [Epoch: 099 Step: 00349000] Batch Translation Loss:  42.632252 => Lr: 0.001000
2025-04-03 04:31:33,429 [Epoch: 099 Step: 00349100] Batch Translation Loss:  15.897788 => Lr: 0.001000
2025-04-03 04:34:17,694 [Epoch: 099 Step: 00349200] Batch Translation Loss:  23.527086 => Lr: 0.001000
2025-04-03 04:37:02,289 [Epoch: 099 Step: 00349300] Batch Translation Loss:  21.593616 => Lr: 0.001000
2025-04-03 04:39:52,685 [Epoch: 099 Step: 00349400] Batch Translation Loss:  37.461231 => Lr: 0.001000
2025-04-03 04:42:49,928 [Epoch: 099 Step: 00349500] Batch Translation Loss:  33.921650 => Lr: 0.001000
2025-04-03 04:45:54,192 [Epoch: 099 Step: 00349600] Batch Translation Loss:  24.712196 => Lr: 0.001000
2025-04-03 04:49:02,303 [Epoch: 099 Step: 00349700] Batch Translation Loss:  16.315048 => Lr: 0.001000
2025-04-03 04:52:11,772 [Epoch: 099 Step: 00349800] Batch Translation Loss:  24.856632 => Lr: 0.001000
2025-04-03 04:55:22,723 [Epoch: 099 Step: 00349900] Batch Translation Loss:  22.020010 => Lr: 0.001000
2025-04-03 04:58:30,449 [Epoch: 099 Step: 00350000] Batch Translation Loss:  26.616804 => Lr: 0.001000
2025-04-03 05:05:13,794 Saved 518 text references to ./sign_sample_back_to_word\txt_references_350000.txt and 518 text hypotheses to ./sign_sample_back_to_word\txt_hypotheses_350000.txt
2025-04-03 05:08:26,623 [Epoch: 099 Step: 00350100] Batch Translation Loss:  19.860613 => Lr: 0.001000
2025-04-03 05:11:30,944 [Epoch: 099 Step: 00350200] Batch Translation Loss:  12.696209 => Lr: 0.001000
2025-04-03 05:14:36,424 [Epoch: 099 Step: 00350300] Batch Translation Loss:  38.281574 => Lr: 0.001000
2025-04-03 05:17:41,021 [Epoch: 099 Step: 00350400] Batch Translation Loss:  19.169500 => Lr: 0.001000
2025-04-03 05:20:46,582 [Epoch: 099 Step: 00350500] Batch Translation Loss:  14.622084 => Lr: 0.001000
2025-04-03 05:23:46,002 [Epoch: 099 Step: 00350600] Batch Translation Loss:  36.946789 => Lr: 0.001000
2025-04-03 05:26:52,702 [Epoch: 099 Step: 00350700] Batch Translation Loss:  20.668129 => Lr: 0.001000
2025-04-03 05:29:57,591 [Epoch: 099 Step: 00350800] Batch Translation Loss:  24.751427 => Lr: 0.001000
2025-04-03 05:32:54,883 [Epoch: 099 Step: 00350900] Batch Translation Loss:  10.142593 => Lr: 0.001000
2025-04-03 05:36:06,370 [Epoch: 099 Step: 00351000] Batch Translation Loss:  12.658325 => Lr: 0.001000
2025-04-03 05:39:19,297 [Epoch: 099 Step: 00351100] Batch Translation Loss:  19.674946 => Lr: 0.001000
2025-04-03 05:42:26,802 [Epoch: 099 Step: 00351200] Batch Translation Loss:  28.416315 => Lr: 0.001000
2025-04-03 05:44:02,112 Epoch  99: Total Training Translation Loss 93880.85 
2025-04-03 05:44:02,114 EPOCH 100
2025-04-03 05:45:18,871 [Epoch: 100 Step: 00351300] Batch Translation Loss:  18.856878 => Lr: 0.001000
2025-04-03 05:47:56,588 [Epoch: 100 Step: 00351400] Batch Translation Loss:  26.566162 => Lr: 0.001000
2025-04-03 05:50:35,016 [Epoch: 100 Step: 00351500] Batch Translation Loss:  22.367996 => Lr: 0.001000
2025-04-03 05:53:09,796 [Epoch: 100 Step: 00351600] Batch Translation Loss:  20.647690 => Lr: 0.001000
2025-04-03 05:55:46,255 [Epoch: 100 Step: 00351700] Batch Translation Loss:  20.160696 => Lr: 0.001000
2025-04-03 05:58:27,890 [Epoch: 100 Step: 00351800] Batch Translation Loss:  17.255083 => Lr: 0.001000
2025-04-03 06:01:10,198 [Epoch: 100 Step: 00351900] Batch Translation Loss:  32.006149 => Lr: 0.001000
2025-04-03 06:03:56,129 [Epoch: 100 Step: 00352000] Batch Translation Loss:   9.972354 => Lr: 0.001000
2025-04-03 06:06:31,078 [Epoch: 100 Step: 00352100] Batch Translation Loss:  13.067664 => Lr: 0.001000
2025-04-03 06:09:08,353 [Epoch: 100 Step: 00352200] Batch Translation Loss:  30.731804 => Lr: 0.001000
2025-04-03 06:11:55,386 [Epoch: 100 Step: 00352300] Batch Translation Loss:  27.306082 => Lr: 0.001000
2025-04-03 06:14:30,930 [Epoch: 100 Step: 00352400] Batch Translation Loss:  14.422586 => Lr: 0.001000
2025-04-03 06:17:21,125 [Epoch: 100 Step: 00352500] Batch Translation Loss:  29.983986 => Lr: 0.001000
2025-04-03 06:20:21,941 [Epoch: 100 Step: 00352600] Batch Translation Loss:  17.374290 => Lr: 0.001000
2025-04-03 06:23:25,867 [Epoch: 100 Step: 00352700] Batch Translation Loss:  28.708872 => Lr: 0.001000
2025-04-03 06:26:18,089 [Epoch: 100 Step: 00352800] Batch Translation Loss:  21.060932 => Lr: 0.001000
2025-04-03 06:29:23,997 [Epoch: 100 Step: 00352900] Batch Translation Loss:  26.349928 => Lr: 0.001000
2025-04-03 06:32:25,506 [Epoch: 100 Step: 00353000] Batch Translation Loss:   6.610685 => Lr: 0.001000
2025-04-03 06:35:26,866 [Epoch: 100 Step: 00353100] Batch Translation Loss:  32.070683 => Lr: 0.001000
2025-04-03 06:38:45,932 [Epoch: 100 Step: 00353200] Batch Translation Loss:  16.796694 => Lr: 0.001000
2025-04-03 06:42:01,180 [Epoch: 100 Step: 00353300] Batch Translation Loss:   4.848410 => Lr: 0.001000
2025-04-03 06:45:15,395 [Epoch: 100 Step: 00353400] Batch Translation Loss:  12.918631 => Lr: 0.001000
2025-04-03 06:48:14,377 [Epoch: 100 Step: 00353500] Batch Translation Loss:  23.041271 => Lr: 0.001000
2025-04-03 06:54:58,929 Saved 518 text references to ./sign_sample_back_to_word\txt_references_353500.txt and 518 text hypotheses to ./sign_sample_back_to_word\txt_hypotheses_353500.txt
2025-04-03 06:58:10,745 [Epoch: 100 Step: 00353600] Batch Translation Loss:  51.923450 => Lr: 0.001000
2025-04-03 07:01:20,930 [Epoch: 100 Step: 00353700] Batch Translation Loss:  36.262081 => Lr: 0.001000
2025-04-03 07:04:28,539 [Epoch: 100 Step: 00353800] Batch Translation Loss:  24.601358 => Lr: 0.001000
2025-04-03 07:07:41,814 [Epoch: 100 Step: 00353900] Batch Translation Loss:  28.111320 => Lr: 0.001000
2025-04-03 07:10:31,257 [Epoch: 100 Step: 00354000] Batch Translation Loss:  25.745811 => Lr: 0.001000
2025-04-03 07:13:44,548 [Epoch: 100 Step: 00354100] Batch Translation Loss:  31.690645 => Lr: 0.001000
2025-04-03 07:16:54,407 [Epoch: 100 Step: 00354200] Batch Translation Loss:  35.873859 => Lr: 0.001000
2025-04-03 07:20:04,570 [Epoch: 100 Step: 00354300] Batch Translation Loss:  30.759848 => Lr: 0.001000
2025-04-03 07:23:09,720 [Epoch: 100 Step: 00354400] Batch Translation Loss:  82.194908 => Lr: 0.001000
2025-04-03 07:26:12,263 [Epoch: 100 Step: 00354500] Batch Translation Loss:  49.483849 => Lr: 0.001000
2025-04-03 07:29:23,687 [Epoch: 100 Step: 00354600] Batch Translation Loss:  27.230127 => Lr: 0.001000
2025-04-03 07:32:27,824 [Epoch: 100 Step: 00354700] Batch Translation Loss:  33.681625 => Lr: 0.001000
2025-04-03 07:35:27,189 [Epoch: 100 Step: 00354800] Batch Translation Loss:  17.533640 => Lr: 0.001000
2025-04-03 07:35:27,216 Epoch 100: Total Training Translation Loss 93708.15 
2025-04-03 07:35:27,217 EPOCH 101
2025-04-03 07:37:51,658 [Epoch: 101 Step: 00354900] Batch Translation Loss:  31.742979 => Lr: 0.001000
2025-04-03 07:40:27,800 [Epoch: 101 Step: 00355000] Batch Translation Loss:  33.084389 => Lr: 0.001000
2025-04-03 07:42:51,399 [Epoch: 101 Step: 00355100] Batch Translation Loss:  22.689245 => Lr: 0.001000
2025-04-03 07:45:24,665 [Epoch: 101 Step: 00355200] Batch Translation Loss:  31.036964 => Lr: 0.001000
2025-04-03 07:47:54,577 [Epoch: 101 Step: 00355300] Batch Translation Loss:  24.516380 => Lr: 0.001000
2025-04-03 07:50:38,142 [Epoch: 101 Step: 00355400] Batch Translation Loss:  20.348980 => Lr: 0.001000
2025-04-03 07:53:11,386 [Epoch: 101 Step: 00355500] Batch Translation Loss:  16.512753 => Lr: 0.001000
2025-04-03 07:55:42,608 [Epoch: 101 Step: 00355600] Batch Translation Loss:  18.080719 => Lr: 0.001000
2025-04-03 07:58:22,203 [Epoch: 101 Step: 00355700] Batch Translation Loss:  37.735874 => Lr: 0.001000
2025-04-03 08:01:02,522 [Epoch: 101 Step: 00355800] Batch Translation Loss:  19.223429 => Lr: 0.001000
2025-04-03 08:03:43,693 [Epoch: 101 Step: 00355900] Batch Translation Loss:  25.831610 => Lr: 0.001000
2025-04-03 08:06:28,550 [Epoch: 101 Step: 00356000] Batch Translation Loss:  45.291504 => Lr: 0.001000
2025-04-03 08:09:08,792 [Epoch: 101 Step: 00356100] Batch Translation Loss:  18.635145 => Lr: 0.001000
2025-04-03 08:11:47,567 [Epoch: 101 Step: 00356200] Batch Translation Loss:  19.368040 => Lr: 0.001000
2025-04-03 08:14:46,778 [Epoch: 101 Step: 00356300] Batch Translation Loss:  34.484184 => Lr: 0.001000
